covariate,n_ever_treated,mean_ever_treated,sd_ever_treated,n_never_treated,mean_never_treated,sd_never_treated,difference,standardized_difference,missing_share
base_m2,226343,615019.7304704569,443670.3059894968,933675,512572.45426770416,434974.04935677553,102447.27620275272,0.2331825344345048,0.0
forest_loss_pre_years,103488,13.354234307359308,7.077436622080653,933675,13.0,0.0,0.3542343073593077,0.07078310813302591,0.10590783936111337
forest_loss_pre_mean_m2,103488,925.5827419103983,3164.2302616488605,933675,1484.5180100414132,4296.875131260162,-558.9352681310148,-0.1481292814100252,0.10590783936111337
forest_loss_pre_sd_m2,103488,1904.524535183212,6272.055903555669,933675,2946.659919636165,8375.98441480632,-1042.1353844529528,-0.14084466756986125,0.10590783936111337
forest_loss_pre_total_m2,103488,13527.23619303632,44774.483405640756,933675,19298.73413053837,55859.376706382114,-5771.49793750205,-0.11401331596612173,0.10590783936111337
forest_loss_pre_trend_m2_per_year,92101,-6.7015513737046275,779.6560598774292,933675,-4.442335738749647,777.7317666900383,-2.2592156349549803,-0.002901286207409275,0.11572406635069456
coca_pre_years,5402,16.141058867086265,6.424306295334814,122913,13.0,0.0,3.141058867086265,0.6914564539476329,0.8893853371240791
coca_pre_mean_ha,5402,0.45782574018897626,0.9838530191103017,122913,0.5383630765913852,0.9669217779186239,-0.0805373364024089,-0.08256647901142913,0.8893853371240791
elevation_m_mean,226343,840.1987740693828,1095.5171802351074,933675,490.2133983117961,726.4563720741917,349.9853757575867,0.3765355634579558,0.0
slope_deg_mean,226343,9.691761261909386,10.039641266123569,933675,6.862881068826179,7.816265408781274,2.828880193083207,0.31442834156423016,0.0
ruggedness_m_mean,226343,13.119515047368102,14.874839724709487,933675,8.915153318990436,11.099520537270422,4.204361728377666,0.32036535105115016,0.0
dmsp_stable_lights_pre_mean,103488,0.9135548329147222,4.314061961452527,933675,1.0603313804365495,4.531064565274127,-0.14677654752182734,-0.03317813371384189,0.10590783936111337
dmsp_stable_lights_pre_years,226343,4.5519013179113115,5.633664451104903,933675,13.0,0.0,-8.448098682088688,-2.1207183772070244,0.0
viirs_avg_rad_pre_mean,54710,0.2659535458343742,1.9963795247386593,933675,0.2130821614339031,2.2564412209788967,0.052871384400471094,0.024817790851597698,0.1479571868712382
viirs_avg_rad_pre_years,226343,2.0296717813230365,3.823745287142511,933675,2.0,0.0,0.029671781323036495,0.010974118937238451,0.0
