year,ring,reference_ring,n_ring,n_reference,exposure_probability,reference_probability,ht_difference,hajek_difference
2001,0_5km,gt_50km,57928,484014,0.05585235879027694,0.4666711018422369,247.90084967182543,247.90084967182565
2001,10_25km,gt_50km,179788,484014,0.17334594465865058,0.4666711018422369,176.15787983596488,176.15787983596488
2001,25_50km,gt_50km,254742,484014,0.2456142380705829,0.4666711018422369,214.23570422575972,214.23570422576017
2001,5_10km,gt_50km,60691,484014,0.058516356638252616,0.4666711018422369,218.16191992898666,218.16191992898644
2002,0_5km,gt_50km,60603,466213,0.05907479415013028,0.45445666064575496,-103.89568827938365,-103.89568827938365
2002,10_25km,gt_50km,183660,466213,0.1790287063942862,0.45445666064575496,-69.45418609248986,-69.45418609249009
2002,25_50km,gt_50km,252285,466213,0.2459232124179598,0.45445666064575496,-33.53406255314121,-33.534062553140984
2002,5_10km,gt_50km,63108,466213,0.06151662639186875,0.45445666064575496,-35.41099867553203,-35.41099867553203
2003,0_5km,gt_50km,61240,463576,0.05970114332953783,0.4519271263901671,-171.72226381927442,-171.72226381927453
2003,10_25km,gt_50km,186113,463576,0.18143629798318542,0.4519271263901671,-50.98001446133674,-50.980014461336964
2003,25_50km,gt_50km,251012,463576,0.2447044968882095,0.4519271263901671,-34.62314215928234,-34.62314215928245
2003,5_10km,gt_50km,63835,463576,0.062230935408900186,0.4519271263901671,-133.71166170853837,-133.7116617085385
2004,0_5km,gt_50km,61677,463572,0.060129565628549285,0.4519412908792232,122.646164527888,122.64616452788846
2004,10_25km,gt_50km,186942,463572,0.18225175118329784,0.4519412908792232,324.43797067818514,324.4379706781856
2004,25_50km,gt_50km,249369,463572,0.24311249981720426,0.4519412908792232,78.10573742662291,78.10573742662336
2004,5_10km,gt_50km,64175,463572,0.06256489249172545,0.4519412908792232,153.61202290887036,153.61202290887059
2005,0_5km,gt_50km,65067,435516,0.06350286102997078,0.42504667533970764,14.871113332961386,14.871113332961158
2005,10_25km,gt_50km,198943,435516,0.1941606295339493,0.42504667533970764,36.70389094047687,36.70389094047687
2005,25_50km,gt_50km,257135,435516,0.2509537579870217,0.42504667533970764,-45.97034714270512,-45.97034714270535
2005,5_10km,gt_50km,67970,435516,0.06633607610935059,0.42504667533970764,78.21805272135543,78.2180527213552
2006,0_5km,gt_50km,67113,418997,0.06554912888310684,0.40923350699022715,292.4181578871662,292.4181578871662
2006,10_25km,gt_50km,205683,418997,0.20089016250300334,0.40923350699022715,390.95419246544884,390.9541924654493
2006,25_50km,gt_50km,261847,418997,0.2557454256351955,0.40923350699022715,413.9937264801313,413.9937264801313
2006,5_10km,gt_50km,70218,418997,0.06858177598846715,0.40923350699022715,399.8411843616502,399.84118436165045
2007,0_5km,gt_50km,70137,403506,0.06878530006835672,0.39572951921785005,-26.95363071608608,-26.953630716085854
2007,10_25km,gt_50km,210437,403506,0.20638139912577932,0.39572951921785005,153.45732004595106,153.4573200459513
2007,25_50km,gt_50km,262342,403506,0.2572860714107082,0.39572951921785005,-17.12780160086959,-17.127801600869134
2007,5_10km,gt_50km,73229,403506,0.07181771017730576,0.39572951921785005,154.1459466751803,154.1459466751803
2008,0_5km,gt_50km,75341,368702,0.07408241387074983,0.3625427610328135,-361.7889998601454,-361.7889998601456
2008,10_25km,gt_50km,224405,368702,0.22065627061846294,0.3625427610328135,-167.30883077631256,-167.30883077631256
2008,25_50km,gt_50km,269502,368702,0.26499991641994164,0.3625427610328135,-27.139389098782658,-27.139389098782658
2008,5_10km,gt_50km,79039,368702,0.0777186380580321,0.3625427610328135,-305.65840394139923,-305.65840394139946
2009,0_5km,gt_50km,81497,332046,0.08128606266737816,0.3311865708486478,240.48329542825036,240.48329542825013
2009,10_25km,gt_50km,237124,332046,0.2365102558859759,0.3311865708486478,326.94804503661317,326.94804503661317
2009,25_50km,gt_50km,267743,332046,0.26705000523641154,0.3311865708486478,331.09189924979887,331.09189924979887
2009,5_10km,gt_50km,84185,332046,0.08396710536158668,0.3311865708486478,327.2430029759596,327.2430029759596
2010,0_5km,gt_50km,83892,319552,0.08376827425891957,0.31908071777983915,206.36017390701,206.36017390700977
2010,10_25km,gt_50km,241750,319552,0.24139346185683744,0.31908071777983915,259.68554107651926,259.6855410765195
2010,25_50km,gt_50km,269563,319552,0.26916544264121894,0.31908071777983915,229.0529481516071,229.05294815160732
2010,5_10km,gt_50km,86720,319552,0.08659210346318487,0.31908071777983915,200.38379573953011,200.3837957395299
2011,0_5km,gt_50km,93692,288418,0.09470707038033645,0.29154275525077783,351.00738933722187,351.00738933722255
2011,10_25km,gt_50km,250783,288418,0.2535000131408436,0.29154275525077783,312.14467042098113,312.1446704209818
2011,25_50km,gt_50km,260594,288418,0.26341730669313707,0.29154275525077783,88.27208909270234,88.2720890927028
2011,5_10km,gt_50km,95795,288418,0.09683285453490512,0.29154275525077783,330.580948291778,330.58094829177867
2012,0_5km,gt_50km,95977,281274,0.09710487310106891,0.2845793896103239,314.44139477872045,314.44139477871977
2012,10_25km,gt_50km,254496,281274,0.2574867081147528,0.2845793896103239,623.4234875091383,623.4234875091379
2012,25_50km,gt_50km,258559,281274,0.2615974544332421,0.2845793896103239,277.3991570273106,277.39915702731014
2012,5_10km,gt_50km,98079,281274,0.09923157474061221,0.2845793896103239,554.405972770141,554.4059727701404
2013,0_5km,gt_50km,98910,279630,0.1002478069842042,0.28341213494078477,-328.5501980946068,-328.5501980946068
2013,10_25km,gt_50km,254605,279630,0.25804865935914784,0.28341213494078477,-195.6551675311589,-195.65516753115878
2013,25_50km,gt_50km,253226,279630,0.25665100769772614,0.28341213494078477,-184.12318883691376,-184.12318883691364
2013,5_10km,gt_50km,100284,279630,0.10164039101813704,0.28341213494078477,-252.6794698549137,-252.67946985491346
2014,0_5km,gt_50km,99891,274161,0.10127985059115653,0.27797284157653906,-285.76005475891907,-285.76005475891884
2014,10_25km,gt_50km,256868,274161,0.2604394055685617,0.27797284157653906,-227.98075927151444,-227.98075927151422
2014,25_50km,gt_50km,254319,274161,0.25785496513692263,0.27797284157653906,-223.38930087837912,-223.3893008783789
2014,5_10km,gt_50km,101048,274161,0.10245293712682009,0.27797284157653906,-336.9209605926553,-336.9209605926551
2015,0_5km,gt_50km,99891,274161,0.10127985059115653,0.27797284157653906,-225.9766820677803,-225.9766820677803
2015,10_25km,gt_50km,256868,274161,0.2604394055685617,0.27797284157653906,-173.15758611693343,-173.15758611693343
2015,25_50km,gt_50km,254319,274161,0.25785496513692263,0.27797284157653906,13.748148316693914,13.748148316693914
2015,5_10km,gt_50km,101048,274161,0.10245293712682009,0.27797284157653906,-271.2104318477981,-271.2104318477981
2016,0_5km,gt_50km,99891,274161,0.10127985059115653,0.27797284157653906,138.0101577505211,138.01015775052178
2016,10_25km,gt_50km,256868,274161,0.2604394055685617,0.27797284157653906,90.24934194893285,90.24934194893353
2016,25_50km,gt_50km,254319,274161,0.25785496513692263,0.27797284157653906,368.4191791230321,368.4191791230328
2016,5_10km,gt_50km,101048,274161,0.10245293712682009,0.27797284157653906,-18.748139133122777,-18.748139133122322
2017,0_5km,gt_50km,99891,274161,0.10127985059115653,0.27797284157653906,-69.28391699005942,-69.28391699005942
2017,10_25km,gt_50km,256868,274161,0.2604394055685617,0.27797284157653906,12.182603216705047,12.182603216705047
2017,25_50km,gt_50km,254319,274161,0.25785496513692263,0.27797284157653906,195.75681688671375,195.7568168867133
2017,5_10km,gt_50km,101048,274161,0.10245293712682009,0.27797284157653906,-68.872981731643,-68.872981731643
2018,0_5km,gt_50km,120969,207960,0.12414754971536242,0.21342430241472418,-693.593761829477,-693.5937618294774
2018,10_25km,gt_50km,282248,207960,0.2896642744179221,0.21342430241472418,-412.71104851552036,-412.7110485155199
2018,25_50km,gt_50km,244852,207960,0.25128566693041954,0.21342430241472418,27.588968358704733,27.588968358704733
2018,5_10km,gt_50km,118368,207960,0.1214782065215718,0.21342430241472418,-737.8450403892921,-737.8450403892923
2019,0_5km,gt_50km,120970,207960,0.12414972269773437,0.2134262737225828,-461.5344773876923,-461.5344773876925
2019,10_25km,gt_50km,282242,207960,0.28966079221008467,0.2134262737225828,-103.24984678389728,-103.24984678389751
2019,25_50km,gt_50km,244852,207960,0.2512879879473064,0.2134262737225828,181.5189766044864,181.5189766044864
2019,5_10km,gt_50km,118364,207960,0.12147522342229174,0.2134262737225828,-453.4748596906402,-453.47485969063996
2020,0_5km,gt_50km,132322,185173,0.13935834204836395,0.19501974178233172,-29.794722291605012,-29.79472229160524
2020,10_25km,gt_50km,277909,185173,0.29268706247123516,0.19501974178233172,370.13272329493884,370.13272329493907
2020,25_50km,gt_50km,228425,185173,0.24057170600805258,0.19501974178233172,617.8101560606083,617.8101560606076
2020,5_10km,gt_50km,125680,185173,0.13236314769001664,0.19501974178233172,152.6389405808036,152.63894058080382
2021,0_5km,gt_50km,137589,182280,0.14522952532747865,0.1924022841701939,268.3602114966618,268.3602114966618
2021,10_25km,gt_50km,278024,182280,0.2934630933406517,0.1924022841701939,780.5264956599867,780.5264956599872
2021,25_50km,gt_50km,219825,182280,0.2320322148217735,0.1924022841701939,708.5982731901877,708.5982731901877
2021,5_10km,gt_50km,129672,182280,0.13687288233990225,0.1924022841701939,380.252894411286,380.25289441128575
2022,0_5km,gt_50km,137589,182280,0.14522952532747865,0.1924022841701939,375.15474593176214,375.15474593176236
2022,10_25km,gt_50km,278024,182280,0.2934630933406517,0.1924022841701939,933.9828206928012,933.9828206928014
2022,25_50km,gt_50km,219825,182280,0.2320322148217735,0.1924022841701939,874.0586773994607,874.0586773994605
2022,5_10km,gt_50km,129672,182280,0.13687288233990225,0.1924022841701939,513.1691660876811,513.1691660876811
2023,0_5km,gt_50km,137589,182280,0.14522952532747865,0.1924022841701939,239.3878097120994,239.38780971209871
2023,10_25km,gt_50km,278024,182280,0.2934630933406517,0.1924022841701939,581.0767302380584,581.0767302380582
2023,25_50km,gt_50km,219825,182280,0.2320322148217735,0.1924022841701939,541.7077847547891,541.7077847547889
2023,5_10km,gt_50km,129672,182280,0.13687288233990225,0.1924022841701939,433.4973031098482,433.4973031098475
2024,0_5km,gt_50km,154934,172329,0.16543498571848056,0.18400896932810124,493.9450126785541,493.9450126785539
2024,10_25km,gt_50km,269157,172329,0.28739969568351087,0.18400896932810124,816.3760066909379,816.3760066909381
2024,25_50km,gt_50km,199433,172329,0.21295000133472144,0.18400896932810124,504.72658060014123,504.72658060014146
2024,5_10km,gt_50km,140672,172329,0.15020634793518592,0.18400896932810124,669.5269739321081,669.5269739321081
2025,0_5km,gt_50km,160108,170147,0.17148151123249525,0.1822336466115083,341.6434488669921,341.6434488669921
2025,10_25km,gt_50km,266735,170147,0.2856829196454869,0.1822336466115083,725.2576801070182,725.257680107018
2025,25_50km,gt_50km,194958,170147,0.20880713310306048,0.1822336466115083,595.9968845246705,595.9968845246709
2025,5_10km,gt_50km,141727,170147,0.15179478940744906,0.1822336466115083,487.6170784369616,487.61707843696115
