label,interior_km,exterior_min_km,exterior_max_km,event_time,treated_mean_loss_m2,control_mean_loss_m2,difference_m2,n_cohorts
10in / 2-15out,10.0,2.0,15.0,-8,1481.0215733050363,1758.2530042296355,-277.23143092459924,12
10in / 2-15out,10.0,2.0,15.0,-7,1747.527329630895,1741.0002997906156,6.527029840279668,13
10in / 2-15out,10.0,2.0,15.0,-6,1236.927300040957,1566.3893325940132,-329.4620325530561,14
10in / 2-15out,10.0,2.0,15.0,-5,1304.9057699152684,1639.2888443605088,-334.3830744452407,15
10in / 2-15out,10.0,2.0,15.0,-4,1352.4618852347862,1730.8300354184726,-378.36815018368645,16
10in / 2-15out,10.0,2.0,15.0,-3,1127.454968747271,1764.9825249215883,-637.5275561743172,17
10in / 2-15out,10.0,2.0,15.0,-2,1592.7844606005026,2098.774783944832,-505.9903233443292,18
10in / 2-15out,10.0,2.0,15.0,-1,895.9191055281011,1775.436662208007,-879.5175566799059,19
15in / 2-15out (primary),15.0,2.0,15.0,-8,1469.9768665825943,1758.2530042296355,-288.27613764704114,12
15in / 2-15out (primary),15.0,2.0,15.0,-7,1757.1351969749946,1741.0002997906156,16.13489718437915,13
15in / 2-15out (primary),15.0,2.0,15.0,-6,1238.8616759866438,1566.3893325940132,-327.5276566073693,14
15in / 2-15out (primary),15.0,2.0,15.0,-5,1308.501995646879,1639.2888443605088,-330.7868487136298,15
15in / 2-15out (primary),15.0,2.0,15.0,-4,1353.292573442769,1730.8300354184726,-377.53746197570354,16
15in / 2-15out (primary),15.0,2.0,15.0,-3,1120.3691892100342,1764.9825249215883,-644.6133357115541,17
15in / 2-15out (primary),15.0,2.0,15.0,-2,1579.9564090204212,2098.774783944832,-518.8183749244104,18
15in / 2-15out (primary),15.0,2.0,15.0,-1,888.6910112222898,1775.436662208007,-886.7456509857172,19
15in / 5-25out,15.0,5.0,25.0,-8,1469.9768665825943,1727.1290640319578,-257.1521974493633,12
15in / 5-25out,15.0,5.0,25.0,-7,1757.1351969749946,1690.141753985571,66.99344298942361,13
15in / 5-25out,15.0,5.0,25.0,-6,1238.8616759866438,1574.838723051069,-335.9770470644254,14
15in / 5-25out,15.0,5.0,25.0,-5,1308.501995646879,1612.905768286212,-304.40377263933266,15
15in / 5-25out,15.0,5.0,25.0,-4,1353.292573442769,1688.0500785540899,-334.7575051113207,16
15in / 5-25out,15.0,5.0,25.0,-3,1120.3691892100342,1715.9927163403431,-595.623527130309,17
15in / 5-25out,15.0,5.0,25.0,-2,1579.9564090204212,1951.496052469973,-371.53964344955165,18
15in / 5-25out,15.0,5.0,25.0,-1,888.6910112222898,1735.2321818173302,-846.5411705950405,19
25in / 2-25out,25.0,2.0,25.0,-8,1457.0620289020014,1724.3010314362266,-267.2390025342251,12
25in / 2-25out,25.0,2.0,25.0,-7,1749.7223344465797,1708.1917261659232,41.530608280656516,13
25in / 2-25out,25.0,2.0,25.0,-6,1235.2698175166067,1577.7528372464717,-342.4830197298649,14
25in / 2-25out,25.0,2.0,25.0,-5,1302.8404838386923,1623.529983599416,-320.6894997607239,15
25in / 2-25out,25.0,2.0,25.0,-4,1347.6352461214788,1696.574754697679,-348.9395085762002,16
25in / 2-25out,25.0,2.0,25.0,-3,1111.788300795343,1727.7538229868987,-615.9655221915557,17
25in / 2-25out,25.0,2.0,25.0,-2,1567.2599022511988,1961.3935518480794,-394.1336495968805,18
25in / 2-25out,25.0,2.0,25.0,-1,878.6260778139812,1733.6409827478099,-855.0149049338285,19
5in / 2-10out,5.0,2.0,10.0,-8,1444.9089041801283,1800.519088579547,-355.61018439941887,12
5in / 2-10out,5.0,2.0,10.0,-7,1693.1653174967737,1816.8226960652755,-123.65737856850183,13
5in / 2-10out,5.0,2.0,10.0,-6,1228.0778774944645,1611.6654530270728,-383.5875755326082,14
5in / 2-10out,5.0,2.0,10.0,-5,1297.4375606859255,1665.439044369883,-368.0014836839575,15
5in / 2-10out,5.0,2.0,10.0,-4,1354.7420234338997,1773.3004313119357,-418.55840787803584,16
5in / 2-10out,5.0,2.0,10.0,-3,1164.3860374866135,1871.1499593707003,-706.763921884087,17
5in / 2-10out,5.0,2.0,10.0,-2,1622.043025059623,2160.2272377238432,-538.1842126642204,18
5in / 2-10out,5.0,2.0,10.0,-1,927.9647268031641,1770.004546456363,-842.0398196531991,19
