cohort_year,event_time,treated_mean_loss_m2,control_mean_loss_m2,n_treated_rows,n_control_rows,difference_m2,label,interior_km,exterior_min_km,exterior_max_km
2002,-1,194.10149878877743,1135.4298923742642,3376,6594,-941.3283935854868,5in / 2-10out,5.0,2.0,10.0
2003,-2,5402.907280646109,3078.3431012048973,93,2280,2324.5641794412118,5in / 2-10out,5.0,2.0,10.0
2003,-1,350.987772505308,1021.1026792464176,93,2280,-670.1149067411095,5in / 2-10out,5.0,2.0,10.0
2004,-3,1943.5918491941843,3448.573584010924,41,2921,-1504.9817348167398,5in / 2-10out,5.0,2.0,10.0
2004,-2,134.85015590673197,2474.1459368762385,41,2921,-2339.2957809695063,5in / 2-10out,5.0,2.0,10.0
2004,-1,279.12500297732464,1286.955225452234,41,2921,-1007.8302224749093,5in / 2-10out,5.0,2.0,10.0
2005,-4,568.2955225260888,2546.1325889686823,1097,8199,-1977.8370664425934,5in / 2-10out,5.0,2.0,10.0
2005,-3,1041.2983700793186,2123.220780800118,1097,8199,-1081.9224107207995,5in / 2-10out,5.0,2.0,10.0
2005,-2,518.6382466973399,914.9213351473279,1097,8199,-396.283088449988,5in / 2-10out,5.0,2.0,10.0
2005,-1,589.1322107171638,2259.5076960662172,1097,8199,-1670.3754853490534,5in / 2-10out,5.0,2.0,10.0
2006,-5,3235.973579718366,3967.8749443349093,729,6548,-731.9013646165431,5in / 2-10out,5.0,2.0,10.0
2006,-4,2678.3392984503994,2251.9474262977624,729,6548,426.391872152637,5in / 2-10out,5.0,2.0,10.0
2006,-3,1075.397406480134,1742.7047004542253,729,6548,-667.3072939740914,5in / 2-10out,5.0,2.0,10.0
2006,-2,3022.642551118105,3650.030058295209,729,6548,-627.387507177104,5in / 2-10out,5.0,2.0,10.0
2006,-1,1978.2616525341036,3334.1465566190536,729,6548,-1355.88490408495,5in / 2-10out,5.0,2.0,10.0
2007,-6,824.9178110255505,2659.182384917175,3336,10358,-1834.2645738916247,5in / 2-10out,5.0,2.0,10.0
2007,-5,546.2186188007458,1118.5922486942554,3336,10358,-572.3736298935096,5in / 2-10out,5.0,2.0,10.0
2007,-4,347.0342955049879,881.2342018674035,3336,10358,-534.1999063624156,5in / 2-10out,5.0,2.0,10.0
2007,-3,510.161973859059,1525.4900189055015,3336,10358,-1015.3280450464425,5in / 2-10out,5.0,2.0,10.0
2007,-2,437.3728937743934,1189.0326706903215,3336,10358,-751.6597769159282,5in / 2-10out,5.0,2.0,10.0
2007,-1,470.9115390667992,1216.9759555329401,3336,10358,-746.064416466141,5in / 2-10out,5.0,2.0,10.0
2008,-7,1464.0870584407337,1889.9628967558322,2536,10817,-425.87583831509846,5in / 2-10out,5.0,2.0,10.0
2008,-6,1848.7254798036415,1341.053687321312,2536,10817,507.67179248232947,5in / 2-10out,5.0,2.0,10.0
2008,-5,1531.910436603515,593.1053709321304,2536,10817,938.8050656713847,5in / 2-10out,5.0,2.0,10.0
2008,-4,1739.4266373331902,1838.643847279551,2536,10817,-99.21720994636075,5in / 2-10out,5.0,2.0,10.0
2008,-3,1313.591067633809,1293.2935064284732,2536,10817,20.297561205335796,5in / 2-10out,5.0,2.0,10.0
2008,-2,1216.1263654542631,1566.1002394872928,2536,10817,-349.9738740330297,5in / 2-10out,5.0,2.0,10.0
2008,-1,913.8975142112208,1421.4382677152944,2536,10817,-507.54075350407356,5in / 2-10out,5.0,2.0,10.0
2009,-8,982.9132839428731,1473.8260661325298,5754,14264,-490.9127821896567,5in / 2-10out,5.0,2.0,10.0
2009,-7,687.6437234907411,940.3640891781048,5754,14264,-252.7203656873637,5in / 2-10out,5.0,2.0,10.0
2009,-6,392.9615353426562,548.4043966336146,5754,14264,-155.44286129095843,5in / 2-10out,5.0,2.0,10.0
2009,-5,955.718287631788,1215.0008976441732,5754,14264,-259.28261001238513,5in / 2-10out,5.0,2.0,10.0
2009,-4,742.0931701252082,919.1231389789825,5754,14264,-177.02996885377434,5in / 2-10out,5.0,2.0,10.0
2009,-3,616.4736166589221,1272.5637287630336,5754,14264,-656.0901121041115,5in / 2-10out,5.0,2.0,10.0
2009,-2,597.1154108617648,991.6932150593723,5754,14264,-394.5778041976075,5in / 2-10out,5.0,2.0,10.0
2009,-1,726.9841613408463,968.743108130773,5754,14264,-241.75894678992665,5in / 2-10out,5.0,2.0,10.0
2010,-8,942.8148367391778,1160.7583032232385,1070,6743,-217.94346648406065,5in / 2-10out,5.0,2.0,10.0
2010,-7,321.9314189140399,825.5802378683834,1070,6743,-503.6488189543435,5in / 2-10out,5.0,2.0,10.0
2010,-6,1157.4288436026745,1576.141182183659,1070,6743,-418.7123385809846,5in / 2-10out,5.0,2.0,10.0
2010,-5,686.6987913734921,1327.6731918846333,1070,6743,-640.9744005111412,5in / 2-10out,5.0,2.0,10.0
2010,-4,1379.8716197822266,1445.1680637626052,1070,6743,-65.29644398037863,5in / 2-10out,5.0,2.0,10.0
2010,-3,586.1740571977596,1124.9073878785957,1070,6743,-538.7333306808362,5in / 2-10out,5.0,2.0,10.0
2010,-2,853.7414562010736,1604.9453229095545,1070,6743,-751.203866708481,5in / 2-10out,5.0,2.0,10.0
2010,-1,1465.8196641807006,2232.2634362591666,1070,6743,-766.443772078466,5in / 2-10out,5.0,2.0,10.0
2011,-8,1497.5444162176827,1667.2990851989455,9424,25481,-169.75466898126274,5in / 2-10out,5.0,2.0,10.0
2011,-7,2934.4714056899575,2590.8370859610354,9424,25481,343.63431972892204,5in / 2-10out,5.0,2.0,10.0
2011,-6,2183.7426989507453,2307.755091889055,9424,25481,-124.01239293830986,5in / 2-10out,5.0,2.0,10.0
2011,-5,2186.9039227915046,2493.496678250054,9424,25481,-306.5927554585496,5in / 2-10out,5.0,2.0,10.0
2011,-4,2500.9501470334353,2401.9325941693364,9424,25481,99.01755286409889,5in / 2-10out,5.0,2.0,10.0
2011,-3,1774.5926837247453,2231.4829475062634,9424,25481,-456.8902637815181,5in / 2-10out,5.0,2.0,10.0
2011,-2,2493.350493738379,2575.703897558303,9424,25481,-82.3534038199241,5in / 2-10out,5.0,2.0,10.0
2011,-1,1746.1561140302915,1927.307895678934,9424,25481,-181.15178164864255,5in / 2-10out,5.0,2.0,10.0
2012,-8,949.9207559330116,1433.049671772874,897,7102,-483.12891583986243,5in / 2-10out,5.0,2.0,10.0
2012,-7,1338.8698676057843,1673.1314766315857,897,7102,-334.26160902580136,5in / 2-10out,5.0,2.0,10.0
2012,-6,564.4522068923342,1442.8039169976892,897,7102,-878.351710105355,5in / 2-10out,5.0,2.0,10.0
2012,-5,779.6507216213461,1573.7184847493488,897,7102,-794.0677631280028,5in / 2-10out,5.0,2.0,10.0
2012,-4,1035.6814800785369,1177.6271257823928,897,7102,-141.94564570385592,5in / 2-10out,5.0,2.0,10.0
2012,-3,1282.374303303444,1760.6408486093678,897,7102,-478.2665453059237,5in / 2-10out,5.0,2.0,10.0
2012,-2,1183.160499849098,1240.764967354305,897,7102,-57.60446750520714,5in / 2-10out,5.0,2.0,10.0
2012,-1,622.2857829603239,1504.848552933863,897,7102,-882.562769973539,5in / 2-10out,5.0,2.0,10.0
2013,-8,905.4903321293341,1475.0678082742381,1696,9877,-569.577476144904,5in / 2-10out,5.0,2.0,10.0
2013,-7,1121.2220252015527,1587.2979187855165,1696,9877,-466.07589358396376,5in / 2-10out,5.0,2.0,10.0
2013,-6,940.1760803815395,1815.4092409867037,1696,9877,-875.2331606051642,5in / 2-10out,5.0,2.0,10.0
2013,-5,1325.0078898086574,1825.6223432348024,1696,9877,-500.614453426145,5in / 2-10out,5.0,2.0,10.0
2013,-4,1135.0690369976128,2126.580403799788,1696,9877,-991.5113668021754,5in / 2-10out,5.0,2.0,10.0
2013,-3,746.5480256529768,1420.9878184857969,1696,9877,-674.4397928328201,5in / 2-10out,5.0,2.0,10.0
2013,-2,946.8751396849559,1619.8024696546463,1696,9877,-672.9273299696904,5in / 2-10out,5.0,2.0,10.0
2013,-1,1122.9750920403326,2294.1727668570293,1696,9877,-1171.1976748166967,5in / 2-10out,5.0,2.0,10.0
2014,-8,544.9721885772211,1853.5996361959753,368,3829,-1308.627447618754,5in / 2-10out,5.0,2.0,10.0
2014,-7,2705.7935934764346,2286.6500607342296,368,3829,419.143532742205,5in / 2-10out,5.0,2.0,10.0
2014,-6,1553.0772342385947,1343.152101383992,368,3829,209.92513285460268,5in / 2-10out,5.0,2.0,10.0
2014,-5,1266.0185078938803,2412.054797844801,368,3829,-1146.036289950921,5in / 2-10out,5.0,2.0,10.0
2014,-4,490.9942287207666,1493.1676509913732,368,3829,-1002.1734222706066,5in / 2-10out,5.0,2.0,10.0
2014,-3,523.5946824739657,1547.8159992109972,368,3829,-1024.2213167370314,5in / 2-10out,5.0,2.0,10.0
2014,-2,1064.4499950360155,1645.4791390584314,368,3829,-581.029144022416,5in / 2-10out,5.0,2.0,10.0
2014,-1,366.99013443773663,939.491285334073,368,3829,-572.5011508963364,5in / 2-10out,5.0,2.0,10.0
2018,-8,1394.2624565935878,1710.0982895596815,11569,92326,-315.8358329660937,5in / 2-10out,5.0,2.0,10.0
2018,-7,1049.421214518485,1878.9438160679688,11569,92326,-829.5226015494839,5in / 2-10out,5.0,2.0,10.0
2018,-6,1267.254971886842,2038.1270648756397,11569,92326,-770.8720929887977,5in / 2-10out,5.0,2.0,10.0
2018,-5,524.8082438707169,988.5428623094388,11569,92326,-463.7346184387219,5in / 2-10out,5.0,2.0,10.0
2018,-4,898.6669308260542,1546.8967582460398,11569,92326,-648.2298274199856,5in / 2-10out,5.0,2.0,10.0
2018,-3,621.0240791861061,1021.6029122267975,11569,92326,-400.5788330406914,5in / 2-10out,5.0,2.0,10.0
2018,-2,943.8255854575723,2322.413025637823,11569,92326,-1378.5874401802507,5in / 2-10out,5.0,2.0,10.0
2018,-1,1575.1488786341858,3296.813889702582,11569,92326,-1721.665011068396,5in / 2-10out,5.0,2.0,10.0
2019,-8,2701.745634856047,2727.738854542281,9,1908,-25.993219686233715,5in / 2-10out,5.0,2.0,10.0
2019,-7,2452.812817090269,2426.842768374696,9,1908,25.970048715573284,5in / 2-10out,5.0,2.0,10.0
2019,-6,990.6748250325521,1435.6410521393382,9,1908,-444.96622710678605,5in / 2-10out,5.0,2.0,10.0
2019,-5,594.7837727864584,1069.761335602415,9,1908,-474.97756281595673,5in / 2-10out,5.0,2.0,10.0
2019,-4,792.2044926396123,801.3494026413965,9,1908,-9.144910001784183,5in / 2-10out,5.0,2.0,10.0
2019,-3,1015.2206472758376,2307.410202201115,9,1908,-1292.1895549252777,5in / 2-10out,5.0,2.0,10.0
2019,-2,3925.7082815797758,5893.574703108135,9,1908,-1967.8664215283588,5in / 2-10out,5.0,2.0,10.0
2019,-1,493.94281684027777,1661.2259480057894,9,1908,-1167.2831311655116,5in / 2-10out,5.0,2.0,10.0
2020,-8,641.8526908681696,2035.8064321505371,11990,56693,-1393.9537412823674,5in / 2-10out,5.0,2.0,10.0
2020,-7,424.64618141520543,1014.1925841952869,11990,56693,-589.5464027800815,5in / 2-10out,5.0,2.0,10.0
2020,-6,330.11605923010706,1468.0305823854314,11990,56693,-1137.9145231553243,5in / 2-10out,5.0,2.0,10.0
2020,-5,140.58108576060195,933.0833756258393,11990,56693,-792.5022898652373,5in / 2-10out,5.0,2.0,10.0
2020,-4,334.68099219606006,1946.2846310041057,11990,56693,-1611.6036388080456,5in / 2-10out,5.0,2.0,10.0
2020,-3,1077.487919703802,4008.406948320384,11990,56693,-2930.919028616582,5in / 2-10out,5.0,2.0,10.0
2020,-2,2079.5773892467782,3664.486975622902,11990,56693,-1584.9095863761236,5in / 2-10out,5.0,2.0,10.0
2020,-1,1258.1743264360025,2592.930701612333,11990,56693,-1334.7563751763305,5in / 2-10out,5.0,2.0,10.0
2021,-8,635.2153695731917,748.6455417190659,2075,24742,-113.43017214587428,5in / 2-10out,5.0,2.0,10.0
2021,-7,1189.2795963466688,1117.2867687427172,2075,24742,71.99282760395158,5in / 2-10out,5.0,2.0,10.0
2021,-6,893.3846198902918,847.9919506665174,2075,24742,45.39266922377442,5in / 2-10out,5.0,2.0,10.0
2021,-5,1627.3681354073233,1902.4372379438169,2075,24742,-275.0691025364936,5in / 2-10out,5.0,2.0,10.0
2021,-4,3593.1267100029254,3729.938740255724,2075,24742,-136.81203025279865,5in / 2-10out,5.0,2.0,10.0
2021,-3,1821.1902856124636,1754.2642209277517,2075,24742,66.92606468471195,5in / 2-10out,5.0,2.0,10.0
2021,-2,1330.0536186637635,1485.8218245848977,2075,24742,-155.76820592113427,5in / 2-10out,5.0,2.0,10.0
2021,-1,1093.0132599534165,1408.4205270120758,2075,24742,-315.4072670586593,5in / 2-10out,5.0,2.0,10.0
2024,-8,1820.884742067949,1618.1022750334603,9202,84724,202.78246703448872,5in / 2-10out,5.0,2.0,10.0
2024,-7,2511.2181807790125,2829.118511670651,9202,84724,-317.90033089163853,5in / 2-10out,5.0,2.0,10.0
2024,-6,1189.270925987505,1534.2083861275928,9202,84724,-344.93746014008775,5in / 2-10out,5.0,2.0,10.0
2024,-5,869.0735843324287,1378.127160250159,9202,84724,-509.0535759177303,5in / 2-10out,5.0,2.0,10.0
2024,-4,955.6132661791796,1240.1759768612314,9202,84724,-284.56271068205183,5in / 2-10out,5.0,2.0,10.0
2024,-3,891.9001551741159,1108.006575699792,9202,84724,-216.10642052567607,5in / 2-10out,5.0,2.0,10.0
2024,-2,979.4822881761677,1246.655934520789,9202,84724,-267.1736463446214,5in / 2-10out,5.0,2.0,10.0
2024,-1,1115.0454853285084,1410.8662892658713,9202,84724,-295.8208039373628,5in / 2-10out,5.0,2.0,10.0
2025,-8,4321.2901426632925,3702.237099151738,2613,35406,619.0530435115543,5in / 2-10out,5.0,2.0,10.0
2025,-7,3809.752044489174,2558.486833882575,2613,35406,1251.2652106065989,5in / 2-10out,5.0,2.0,10.0
2025,-6,3056.9069926574684,2205.415303871297,2613,35406,851.4916887861714,5in / 2-10out,5.0,2.0,10.0
2025,-5,3190.8478318880593,2182.4947362474695,2613,35406,1008.3530956405898,5in / 2-10out,5.0,2.0,10.0
2025,-4,2483.824546546112,2026.6043500845942,2613,35406,457.2201964615176,5in / 2-10out,5.0,2.0,10.0
2025,-3,2953.941514061784,2118.1771288727705,2613,35406,835.7643851890134,5in / 2-10out,5.0,2.0,10.0
2025,-2,2066.8967989809266,1720.175462258734,2613,35406,346.72133672219275,5in / 2-10out,5.0,2.0,10.0
2025,-1,1268.376902276797,1717.4457088719867,2613,35406,-449.0688065951897,5in / 2-10out,5.0,2.0,10.0
2002,-1,116.15481525721529,1526.4241272025763,5703,11538,-1410.269311945361,10in / 2-15out,10.0,2.0,15.0
2003,-2,5402.907280646109,3135.0233808118114,93,4830,2267.8838998342976,10in / 2-15out,10.0,2.0,15.0
2003,-1,350.987772505308,885.5612552294043,93,4830,-534.5734827240963,10in / 2-15out,10.0,2.0,15.0
2004,-3,1943.5918491941843,3022.7916430965283,41,5861,-1079.199793902344,10in / 2-15out,10.0,2.0,15.0
2004,-2,134.85015590673197,2080.840489020065,41,5861,-1945.990333113333,10in / 2-15out,10.0,2.0,15.0
2004,-1,279.12500297732464,1117.2427229922582,41,5861,-838.1177200149336,10in / 2-15out,10.0,2.0,15.0
2005,-4,570.355826925249,2528.9631021198243,1104,15776,-1958.6072751945753,10in / 2-15out,10.0,2.0,15.0
2005,-3,1034.6959347617867,1916.0224720243064,1104,15776,-881.3265372625197,10in / 2-15out,10.0,2.0,15.0
2005,-2,515.3497795534256,911.8094123979612,1104,15776,-396.4596328445356,10in / 2-15out,10.0,2.0,15.0
2005,-1,587.0149525080055,2185.069509099191,1104,15776,-1598.0545565911852,10in / 2-15out,10.0,2.0,15.0
2006,-5,3051.778447108265,3818.7229763921223,773,12263,-766.9445292838573,10in / 2-15out,10.0,2.0,15.0
2006,-4,2531.8750338968603,2289.6668395402053,773,12263,242.20819435665499,10in / 2-15out,10.0,2.0,15.0
2006,-3,1015.3261102527617,1560.3392199266364,773,12263,-545.0131096738746,10in / 2-15out,10.0,2.0,15.0
2006,-2,2866.5715291313277,3666.301811506882,773,12263,-799.7302823755545,10in / 2-15out,10.0,2.0,15.0
2006,-1,1870.2228134665797,3336.119565857405,773,12263,-1465.8967523908254,10in / 2-15out,10.0,2.0,15.0
2007,-6,746.164515065935,2708.8579343996353,4158,18294,-1962.6934193337001,10in / 2-15out,10.0,2.0,15.0
2007,-5,445.52957205491094,1216.7372524681014,4158,18294,-771.2076804131905,10in / 2-15out,10.0,2.0,15.0
2007,-4,300.74055485576594,872.6332450437963,4158,18294,-571.8926901880303,10in / 2-15out,10.0,2.0,15.0
2007,-3,436.9443676849455,1527.022982009114,4158,18294,-1090.0786143241685,10in / 2-15out,10.0,2.0,15.0
2007,-2,380.9413808255063,1224.2338038509097,4158,18294,-843.2924230254034,10in / 2-15out,10.0,2.0,15.0
2007,-1,393.24772979854623,1292.6002210020158,4158,18294,-899.3524912034695,10in / 2-15out,10.0,2.0,15.0
2008,-7,1395.4551846244738,1838.0791567819526,2662,20118,-442.6239721574789,10in / 2-15out,10.0,2.0,15.0
2008,-6,1773.8993005750174,1189.2918852393518,2662,20118,584.6074153356656,10in / 2-15out,10.0,2.0,15.0
2008,-5,1462.0702122950213,535.0217384594338,2662,20118,927.0484738355875,10in / 2-15out,10.0,2.0,15.0
2008,-4,1658.0958552567522,1618.0975676056767,2662,20118,39.99828765107554,10in / 2-15out,10.0,2.0,15.0
2008,-3,1256.0869196606038,1128.2364413597898,2662,20118,127.85047830081407,10in / 2-15out,10.0,2.0,15.0
2008,-2,1168.575057315825,1506.5523495123791,2662,20118,-337.9772921965541,10in / 2-15out,10.0,2.0,15.0
2008,-1,874.3108942277188,1451.9550669799737,2662,20118,-577.6441727522549,10in / 2-15out,10.0,2.0,15.0
2009,-8,808.707395630812,1497.5528671750533,9003,25279,-688.8454715442413,10in / 2-15out,10.0,2.0,15.0
2009,-7,590.1650909894333,914.7143448208734,9003,25279,-324.54925383144007,10in / 2-15out,10.0,2.0,15.0
2009,-6,302.7248575294695,510.5271396422061,9003,25279,-207.80228211273663,10in / 2-15out,10.0,2.0,15.0
2009,-5,774.7649941173634,1278.32955200484,9003,25279,-503.56455788747667,10in / 2-15out,10.0,2.0,15.0
2009,-4,595.8557081539077,945.8975954195142,9003,25279,-350.04188726560653,10in / 2-15out,10.0,2.0,15.0
2009,-3,473.3094731787442,1265.4130410521611,9003,25279,-792.103567873417,10in / 2-15out,10.0,2.0,15.0
2009,-2,465.25105614998927,979.8217499683939,9003,25279,-514.5706938184046,10in / 2-15out,10.0,2.0,15.0
2009,-1,570.7690779358503,919.0350218675184,9003,25279,-348.26594393166806,10in / 2-15out,10.0,2.0,15.0
2010,-8,910.2799337093847,1076.3768824882316,1118,13279,-166.0969487788468,10in / 2-15out,10.0,2.0,15.0
2010,-7,312.87843059133155,834.6915752659459,1118,13279,-521.8131446746143,10in / 2-15out,10.0,2.0,15.0
2010,-6,1159.3741740456926,1555.9921314249725,1118,13279,-396.6179573792799,10in / 2-15out,10.0,2.0,15.0
2010,-5,659.5992239862337,1393.2820843355503,1118,13279,-733.6828603493166,10in / 2-15out,10.0,2.0,15.0
2010,-4,1334.9243703338045,1578.186390354617,1118,13279,-243.26202002081254,10in / 2-15out,10.0,2.0,15.0
2010,-3,564.1857995784021,1135.5767946664944,1118,13279,-571.3909950880923,10in / 2-15out,10.0,2.0,15.0
2010,-2,826.6227487246096,1552.570717281161,1118,13279,-725.9479685565515,10in / 2-15out,10.0,2.0,15.0
2010,-1,1411.1248968563877,2108.227842627552,1118,13279,-697.1029457711643,10in / 2-15out,10.0,2.0,15.0
2011,-8,1716.6809024616025,1555.0410781896067,11633,43855,161.63982427199585,10in / 2-15out,10.0,2.0,15.0
2011,-7,3272.8011979304442,2514.5763673104816,11633,43855,758.2248306199626,10in / 2-15out,10.0,2.0,15.0
2011,-6,2267.009972264933,2267.207099726347,11633,43855,-0.19712746141431126,10in / 2-15out,10.0,2.0,15.0
2011,-5,2500.6143235008844,2331.3728705812205,11633,43855,169.24145291966397,10in / 2-15out,10.0,2.0,15.0
2011,-4,2883.068912611986,2308.3308949761927,11633,43855,574.7380176357933,10in / 2-15out,10.0,2.0,15.0
2011,-3,1842.746287299518,2202.8956784515535,11633,43855,-360.1493911520356,10in / 2-15out,10.0,2.0,15.0
2011,-2,2736.1876769891655,2649.069759367729,11633,43855,87.11791762143639,10in / 2-15out,10.0,2.0,15.0
2011,-1,1991.9701890155818,1979.7993768456395,11633,43855,12.170812169942337,10in / 2-15out,10.0,2.0,15.0
2012,-8,949.9207559330116,1541.8660117768168,897,13527,-591.9452558438052,10in / 2-15out,10.0,2.0,15.0
2012,-7,1338.8698676057843,1449.056080884319,897,13527,-110.18621327853475,10in / 2-15out,10.0,2.0,15.0
2012,-6,564.4522068923342,1366.3394533802607,897,13527,-801.8872464879265,10in / 2-15out,10.0,2.0,15.0
2012,-5,779.6507216213461,1360.3646077004878,897,13527,-580.7138860791417,10in / 2-15out,10.0,2.0,15.0
2012,-4,1035.6814800785369,1164.795526491119,897,13527,-129.11404641258218,10in / 2-15out,10.0,2.0,15.0
2012,-3,1282.374303303444,1682.734574490597,897,13527,-400.3602711871529,10in / 2-15out,10.0,2.0,15.0
2012,-2,1183.160499849098,1195.6452717025431,897,13527,-12.484771853445181,10in / 2-15out,10.0,2.0,15.0
2012,-1,622.2857829603239,1507.9138644640504,897,13527,-885.6280815037265,10in / 2-15out,10.0,2.0,15.0
2013,-8,889.7435764670131,1454.8379746506985,1730,17817,-565.0943981836854,10in / 2-15out,10.0,2.0,15.0
2013,-7,1099.1864478276493,1554.866367497777,1730,17817,-455.6799196701277,10in / 2-15out,10.0,2.0,15.0
2013,-6,927.4593759787208,1894.1082876413755,1730,17817,-966.6489116626547,10in / 2-15out,10.0,2.0,15.0
2013,-5,1300.7601555889416,1795.441008488121,1730,17817,-494.6808528991794,10in / 2-15out,10.0,2.0,15.0
2013,-4,1113.2735072592475,2190.7975161909853,1730,17817,-1077.5240089317379,10in / 2-15out,10.0,2.0,15.0
2013,-3,732.388160043989,1405.961210350625,1730,17817,-673.5730503066359,10in / 2-15out,10.0,2.0,15.0
2013,-2,936.4613238371126,1633.0135376749017,1730,17817,-696.5522138377892,10in / 2-15out,10.0,2.0,15.0
2013,-1,1114.3480205498447,2270.3414056157135,1730,17817,-1155.9933850658688,10in / 2-15out,10.0,2.0,15.0
2014,-8,544.9721885772211,1545.6469699414101,368,7182,-1000.674781364189,10in / 2-15out,10.0,2.0,15.0
2014,-7,2705.7935934764346,2175.1283627773932,368,7182,530.6652306990413,10in / 2-15out,10.0,2.0,15.0
2014,-6,1553.0772342385947,1233.8321186427083,368,7182,319.2451155958863,10in / 2-15out,10.0,2.0,15.0
2014,-5,1266.0185078938803,2339.6242678361414,368,7182,-1073.605759942261,10in / 2-15out,10.0,2.0,15.0
2014,-4,490.9942287207666,1257.554526094054,368,7182,-766.5602973732873,10in / 2-15out,10.0,2.0,15.0
2014,-3,523.5946824739657,1296.9720367281502,368,7182,-773.3773542541845,10in / 2-15out,10.0,2.0,15.0
2014,-2,1064.4499950360155,1710.010705011514,368,7182,-645.5607099754984,10in / 2-15out,10.0,2.0,15.0
2014,-1,366.99013443773663,962.7912771943097,368,7182,-595.8011427565731,10in / 2-15out,10.0,2.0,15.0
2018,-8,1418.072146360036,1750.5183187459347,11890,162543,-332.44617238589876,10in / 2-15out,10.0,2.0,15.0
2018,-7,1035.4439435980723,1895.5663243715499,11890,162543,-860.1223807734775,10in / 2-15out,10.0,2.0,15.0
2018,-6,1254.4454087682811,2109.798687744161,11890,162543,-855.3532789758797,10in / 2-15out,10.0,2.0,15.0
2018,-5,517.1142038597732,990.8882489222516,11890,162543,-473.7740450624784,10in / 2-15out,10.0,2.0,15.0
2018,-4,882.2935094945094,1526.2780944362241,11890,162543,-643.9845849417147,10in / 2-15out,10.0,2.0,15.0
2018,-3,608.4997370427835,1052.7745978625112,11890,162543,-444.2748608197277,10in / 2-15out,10.0,2.0,15.0
2018,-2,937.5925303083601,2420.1890764615496,11890,162543,-1482.5965461531896,10in / 2-15out,10.0,2.0,15.0
2018,-1,1603.108574749978,3427.7573636075367,11890,162543,-1824.6487888575587,10in / 2-15out,10.0,2.0,15.0
2019,-8,2701.745634856047,2390.3817574424725,9,4218,311.36387741357476,10in / 2-15out,10.0,2.0,15.0
2019,-7,2452.812817090269,2083.230734999732,9,4218,369.58208209053737,10in / 2-15out,10.0,2.0,15.0
2019,-6,990.6748250325521,996.1567685468771,9,4218,-5.481943514324939,10in / 2-15out,10.0,2.0,15.0
2019,-5,594.7837727864584,1064.348985593422,9,4218,-469.5652128069636,10in / 2-15out,10.0,2.0,15.0
2019,-4,792.2044926396123,665.6905080188162,9,4218,126.51398462079612,10in / 2-15out,10.0,2.0,15.0
2019,-3,1015.2206472758376,1879.2772625764596,9,4218,-864.0566153006221,10in / 2-15out,10.0,2.0,15.0
2019,-2,3925.7082815797758,5160.643837441732,9,4218,-1234.9355558619563,10in / 2-15out,10.0,2.0,15.0
2019,-1,493.94281684027777,1810.334920139749,9,4218,-1316.3921032994713,10in / 2-15out,10.0,2.0,15.0
2020,-8,466.2611863572393,2125.8493523766983,17030,99359,-1659.588166019459,10in / 2-15out,10.0,2.0,15.0
2020,-7,313.3703264693228,1024.7351444940039,17030,99359,-711.3648180246811,10in / 2-15out,10.0,2.0,15.0
2020,-6,239.07139111300296,1496.816191011104,17030,99359,-1257.744799898101,10in / 2-15out,10.0,2.0,15.0
2020,-5,100.65333524381883,962.8788987400718,17030,99359,-862.225563496253,10in / 2-15out,10.0,2.0,15.0
2020,-4,268.37433540073243,1989.0920591500433,17030,99359,-1720.7177237493108,10in / 2-15out,10.0,2.0,15.0
2020,-3,763.9507450997006,4005.3444162409464,17030,99359,-3241.3936711412457,10in / 2-15out,10.0,2.0,15.0
2020,-2,1575.1887438887964,3497.9308698115465,17030,99359,-1922.7421259227501,10in / 2-15out,10.0,2.0,15.0
2020,-1,931.0149120861003,2515.994061327357,17030,99359,-1584.979149241257,10in / 2-15out,10.0,2.0,15.0
2021,-8,627.8754927546426,775.2484480907727,2119,46661,-147.3729553361302,10in / 2-15out,10.0,2.0,15.0
2021,-7,1175.047012165739,1116.6650850548695,2119,46661,58.38192711086958,10in / 2-15out,10.0,2.0,15.0
2021,-6,886.1161176849487,861.7464437513245,2119,46661,24.3696739336242,10in / 2-15out,10.0,2.0,15.0
2021,-5,1613.2221033278156,1864.4067621220152,2119,46661,-251.18465879419955,10in / 2-15out,10.0,2.0,15.0
2021,-4,3522.2778748517026,3475.0356879864034,2119,46661,47.24218686529912,10in / 2-15out,10.0,2.0,15.0
2021,-3,1793.4026813850148,1665.3228708289967,2119,46661,128.07981055601817,10in / 2-15out,10.0,2.0,15.0
2021,-2,1302.4357049208634,1512.7721141013508,2119,46661,-210.3364091804874,10in / 2-15out,10.0,2.0,15.0
2021,-1,1070.3173734796317,1349.738000667736,2119,46661,-279.4206271881044,10in / 2-15out,10.0,2.0,15.0
2024,-8,1771.2622817883887,1542.2918184010348,10615,143885,228.9704633873539,10in / 2-15out,10.0,2.0,15.0
2024,-7,2566.1511174543675,2644.8319965091223,10615,143885,-78.68087905475477,10in / 2-15out,10.0,2.0,15.0
2024,-6,1205.1560542596399,1469.2171528595861,10615,143885,-264.06109859994626,10in / 2-15out,10.0,2.0,15.0
2024,-5,851.5373909721,1319.3242647305738,10615,143885,-467.7868737584738,10in / 2-15out,10.0,2.0,15.0
2024,-4,921.9108164149042,1228.4128825291407,10615,143885,-306.5020661142365,10in / 2-15out,10.0,2.0,15.0
2024,-3,850.5531407779428,1109.4713651217849,10615,143885,-258.9182243438421,10in / 2-15out,10.0,2.0,15.0
2024,-2,958.1935614521974,1212.7802249710396,10615,143885,-254.58666351884222,10in / 2-15out,10.0,2.0,15.0
2024,-1,1106.9248216383767,1330.3285674436663,10615,143885,-223.40374580528965,10in / 2-15out,10.0,2.0,15.0
2025,-8,4966.737384765037,3843.4245714768967,2850,64696,1123.3128132881402,10in / 2-15out,10.0,2.0,15.0
2025,-7,4459.880255378316,2586.8623565099824,2850,64696,1873.0178988683338,10in / 2-15out,10.0,2.0,15.0
2025,-6,3447.3567671242768,2269.559362306274,2850,64696,1177.7974048180026,10in / 2-15out,10.0,2.0,15.0
2025,-5,3655.4895843722115,2318.5891470332817,2850,64696,1336.9004373389298,10in / 2-15out,10.0,2.0,15.0
2025,-4,2737.4636568622414,2053.8481307389493,2850,64696,683.615526123292,10in / 2-15out,10.0,2.0,15.0
2025,-3,3029.863629689986,2148.546316880347,2850,64696,881.3173128096387,10in / 2-15out,10.0,2.0,15.0
2025,-2,2289.672984694138,1728.7370001135025,2850,64696,560.9359845806355,10in / 2-15out,10.0,2.0,15.0
2025,-1,1268.6024237431336,1756.0624117884815,2850,64696,-487.4599880453479,10in / 2-15out,10.0,2.0,15.0
2002,-1,86.40027538957855,1526.4241272025763,7667,11538,-1440.0238518129977,15in / 2-15out (primary),15.0,2.0,15.0
2003,-2,5402.907280646109,3135.0233808118114,93,4830,2267.8838998342976,15in / 2-15out (primary),15.0,2.0,15.0
2003,-1,350.987772505308,885.5612552294043,93,4830,-534.5734827240963,15in / 2-15out (primary),15.0,2.0,15.0
2004,-3,1943.5918491941843,3022.7916430965283,41,5861,-1079.199793902344,15in / 2-15out (primary),15.0,2.0,15.0
2004,-2,134.85015590673197,2080.840489020065,41,5861,-1945.990333113333,15in / 2-15out (primary),15.0,2.0,15.0
2004,-1,279.12500297732464,1117.2427229922582,41,5861,-838.1177200149336,15in / 2-15out (primary),15.0,2.0,15.0
2005,-4,570.355826925249,2528.9631021198243,1104,15776,-1958.6072751945753,15in / 2-15out (primary),15.0,2.0,15.0
2005,-3,1034.6959347617867,1916.0224720243064,1104,15776,-881.3265372625197,15in / 2-15out (primary),15.0,2.0,15.0
2005,-2,515.3497795534256,911.8094123979612,1104,15776,-396.4596328445356,15in / 2-15out (primary),15.0,2.0,15.0
2005,-1,587.0149525080055,2185.069509099191,1104,15776,-1598.0545565911852,15in / 2-15out (primary),15.0,2.0,15.0
2006,-5,3051.778447108265,3818.7229763921223,773,12263,-766.9445292838573,15in / 2-15out (primary),15.0,2.0,15.0
2006,-4,2531.8750338968603,2289.6668395402053,773,12263,242.20819435665499,15in / 2-15out (primary),15.0,2.0,15.0
2006,-3,1015.3261102527617,1560.3392199266364,773,12263,-545.0131096738746,15in / 2-15out (primary),15.0,2.0,15.0
2006,-2,2866.5715291313277,3666.301811506882,773,12263,-799.7302823755545,15in / 2-15out (primary),15.0,2.0,15.0
2006,-1,1870.2228134665797,3336.119565857405,773,12263,-1465.8967523908254,15in / 2-15out (primary),15.0,2.0,15.0
2007,-6,737.896090670037,2708.8579343996353,4207,18294,-1970.9618437295983,15in / 2-15out (primary),15.0,2.0,15.0
2007,-5,442.8590416257302,1216.7372524681014,4207,18294,-773.8782108423711,15in / 2-15out (primary),15.0,2.0,15.0
2007,-4,303.53405870016707,872.6332450437963,4207,18294,-569.0991863436292,15in / 2-15out (primary),15.0,2.0,15.0
2007,-3,434.7935590628852,1527.022982009114,4207,18294,-1092.2294229462289,15in / 2-15out (primary),15.0,2.0,15.0
2007,-2,385.52942061322045,1224.2338038509097,4207,18294,-838.7043832376892,15in / 2-15out (primary),15.0,2.0,15.0
2007,-1,391.25868671248526,1292.6002210020158,4207,18294,-901.3415342895305,15in / 2-15out (primary),15.0,2.0,15.0
2008,-7,1395.4551846244738,1838.0791567819526,2662,20118,-442.6239721574789,15in / 2-15out (primary),15.0,2.0,15.0
2008,-6,1773.8993005750174,1189.2918852393518,2662,20118,584.6074153356656,15in / 2-15out (primary),15.0,2.0,15.0
2008,-5,1462.0702122950213,535.0217384594338,2662,20118,927.0484738355875,15in / 2-15out (primary),15.0,2.0,15.0
2008,-4,1658.0958552567522,1618.0975676056767,2662,20118,39.99828765107554,15in / 2-15out (primary),15.0,2.0,15.0
2008,-3,1256.0869196606038,1128.2364413597898,2662,20118,127.85047830081407,15in / 2-15out (primary),15.0,2.0,15.0
2008,-2,1168.575057315825,1506.5523495123791,2662,20118,-337.9772921965541,15in / 2-15out (primary),15.0,2.0,15.0
2008,-1,874.3108942277188,1451.9550669799737,2662,20118,-577.6441727522549,15in / 2-15out (primary),15.0,2.0,15.0
2009,-8,722.212492528232,1497.5528671750533,11393,25279,-775.3403746468213,15in / 2-15out (primary),15.0,2.0,15.0
2009,-7,574.762498562303,914.7143448208734,11393,25279,-339.9518462585704,15in / 2-15out (primary),15.0,2.0,15.0
2009,-6,308.86895597414303,510.5271396422061,11393,25279,-201.6581836680631,15in / 2-15out (primary),15.0,2.0,15.0
2009,-5,788.4096637600098,1278.32955200484,11393,25279,-489.9198882448302,15in / 2-15out (primary),15.0,2.0,15.0
2009,-4,535.032785511705,945.8975954195142,11393,25279,-410.8648099078092,15in / 2-15out (primary),15.0,2.0,15.0
2009,-3,444.0816105625045,1265.4130410521611,11393,25279,-821.3314304896567,15in / 2-15out (primary),15.0,2.0,15.0
2009,-2,428.7126649359226,979.8217499683939,11393,25279,-551.1090850324713,15in / 2-15out (primary),15.0,2.0,15.0
2009,-1,499.2783911896609,919.0350218675184,11393,25279,-419.75663067785746,15in / 2-15out (primary),15.0,2.0,15.0
2010,-8,910.2799337093847,1076.3768824882316,1118,13279,-166.0969487788468,15in / 2-15out (primary),15.0,2.0,15.0
2010,-7,312.87843059133155,834.6915752659459,1118,13279,-521.8131446746143,15in / 2-15out (primary),15.0,2.0,15.0
2010,-6,1159.3741740456926,1555.9921314249725,1118,13279,-396.6179573792799,15in / 2-15out (primary),15.0,2.0,15.0
2010,-5,659.5992239862337,1393.2820843355503,1118,13279,-733.6828603493166,15in / 2-15out (primary),15.0,2.0,15.0
2010,-4,1334.9243703338045,1578.186390354617,1118,13279,-243.26202002081254,15in / 2-15out (primary),15.0,2.0,15.0
2010,-3,564.1857995784021,1135.5767946664944,1118,13279,-571.3909950880923,15in / 2-15out (primary),15.0,2.0,15.0
2010,-2,826.6227487246096,1552.570717281161,1118,13279,-725.9479685565515,15in / 2-15out (primary),15.0,2.0,15.0
2010,-1,1411.1248968563877,2108.227842627552,1118,13279,-697.1029457711643,15in / 2-15out (primary),15.0,2.0,15.0
2011,-8,1748.2335600437655,1555.0410781896067,12154,43855,193.1924818541588,15in / 2-15out (primary),15.0,2.0,15.0
2011,-7,3475.1270862989027,2514.5763673104816,12154,43855,960.5507189884211,15in / 2-15out (primary),15.0,2.0,15.0
2011,-6,2349.1964399473845,2267.207099726347,12154,43855,81.98934022103731,15in / 2-15out (primary),15.0,2.0,15.0
2011,-5,2571.8243043738007,2331.3728705812205,12154,43855,240.45143379258025,15in / 2-15out (primary),15.0,2.0,15.0
2011,-4,3015.82078021636,2308.3308949761927,12154,43855,707.4898852401675,15in / 2-15out (primary),15.0,2.0,15.0
2011,-3,1892.1127571479958,2202.8956784515535,12154,43855,-310.7829213035577,15in / 2-15out (primary),15.0,2.0,15.0
2011,-2,2799.1925913755454,2649.069759367729,12154,43855,150.1228320078162,15in / 2-15out (primary),15.0,2.0,15.0
2011,-1,2124.2599564545344,1979.7993768456395,12154,43855,144.46057960889493,15in / 2-15out (primary),15.0,2.0,15.0
2012,-8,949.9207559330116,1541.8660117768168,897,13527,-591.9452558438052,15in / 2-15out (primary),15.0,2.0,15.0
2012,-7,1338.8698676057843,1449.056080884319,897,13527,-110.18621327853475,15in / 2-15out (primary),15.0,2.0,15.0
2012,-6,564.4522068923342,1366.3394533802607,897,13527,-801.8872464879265,15in / 2-15out (primary),15.0,2.0,15.0
2012,-5,779.6507216213461,1360.3646077004878,897,13527,-580.7138860791417,15in / 2-15out (primary),15.0,2.0,15.0
2012,-4,1035.6814800785369,1164.795526491119,897,13527,-129.11404641258218,15in / 2-15out (primary),15.0,2.0,15.0
2012,-3,1282.374303303444,1682.734574490597,897,13527,-400.3602711871529,15in / 2-15out (primary),15.0,2.0,15.0
2012,-2,1183.160499849098,1195.6452717025431,897,13527,-12.484771853445181,15in / 2-15out (primary),15.0,2.0,15.0
2012,-1,622.2857829603239,1507.9138644640504,897,13527,-885.6280815037265,15in / 2-15out (primary),15.0,2.0,15.0
2013,-8,889.7435764670131,1454.8379746506985,1730,17817,-565.0943981836854,15in / 2-15out (primary),15.0,2.0,15.0
2013,-7,1099.1864478276493,1554.866367497777,1730,17817,-455.6799196701277,15in / 2-15out (primary),15.0,2.0,15.0
2013,-6,927.4593759787208,1894.1082876413755,1730,17817,-966.6489116626547,15in / 2-15out (primary),15.0,2.0,15.0
2013,-5,1300.7601555889416,1795.441008488121,1730,17817,-494.6808528991794,15in / 2-15out (primary),15.0,2.0,15.0
2013,-4,1113.2735072592475,2190.7975161909853,1730,17817,-1077.5240089317379,15in / 2-15out (primary),15.0,2.0,15.0
2013,-3,732.388160043989,1405.961210350625,1730,17817,-673.5730503066359,15in / 2-15out (primary),15.0,2.0,15.0
2013,-2,936.4613238371126,1633.0135376749017,1730,17817,-696.5522138377892,15in / 2-15out (primary),15.0,2.0,15.0
2013,-1,1114.3480205498447,2270.3414056157135,1730,17817,-1155.9933850658688,15in / 2-15out (primary),15.0,2.0,15.0
2014,-8,544.9721885772211,1545.6469699414101,368,7182,-1000.674781364189,15in / 2-15out (primary),15.0,2.0,15.0
2014,-7,2705.7935934764346,2175.1283627773932,368,7182,530.6652306990413,15in / 2-15out (primary),15.0,2.0,15.0
2014,-6,1553.0772342385947,1233.8321186427083,368,7182,319.2451155958863,15in / 2-15out (primary),15.0,2.0,15.0
2014,-5,1266.0185078938803,2339.6242678361414,368,7182,-1073.605759942261,15in / 2-15out (primary),15.0,2.0,15.0
2014,-4,490.9942287207666,1257.554526094054,368,7182,-766.5602973732873,15in / 2-15out (primary),15.0,2.0,15.0
2014,-3,523.5946824739657,1296.9720367281502,368,7182,-773.3773542541845,15in / 2-15out (primary),15.0,2.0,15.0
2014,-2,1064.4499950360155,1710.010705011514,368,7182,-645.5607099754984,15in / 2-15out (primary),15.0,2.0,15.0
2014,-1,366.99013443773663,962.7912771943097,368,7182,-595.8011427565731,15in / 2-15out (primary),15.0,2.0,15.0
2018,-8,1418.072146360036,1750.5183187459347,11890,162543,-332.44617238589876,15in / 2-15out (primary),15.0,2.0,15.0
2018,-7,1035.4439435980723,1895.5663243715499,11890,162543,-860.1223807734775,15in / 2-15out (primary),15.0,2.0,15.0
2018,-6,1254.4454087682811,2109.798687744161,11890,162543,-855.3532789758797,15in / 2-15out (primary),15.0,2.0,15.0
2018,-5,517.1142038597732,990.8882489222516,11890,162543,-473.7740450624784,15in / 2-15out (primary),15.0,2.0,15.0
2018,-4,882.2935094945094,1526.2780944362241,11890,162543,-643.9845849417147,15in / 2-15out (primary),15.0,2.0,15.0
2018,-3,608.4997370427835,1052.7745978625112,11890,162543,-444.2748608197277,15in / 2-15out (primary),15.0,2.0,15.0
2018,-2,937.5925303083601,2420.1890764615496,11890,162543,-1482.5965461531896,15in / 2-15out (primary),15.0,2.0,15.0
2018,-1,1603.108574749978,3427.7573636075367,11890,162543,-1824.6487888575587,15in / 2-15out (primary),15.0,2.0,15.0
2019,-8,2701.745634856047,2390.3817574424725,9,4218,311.36387741357476,15in / 2-15out (primary),15.0,2.0,15.0
2019,-7,2452.812817090269,2083.230734999732,9,4218,369.58208209053737,15in / 2-15out (primary),15.0,2.0,15.0
2019,-6,990.6748250325521,996.1567685468771,9,4218,-5.481943514324939,15in / 2-15out (primary),15.0,2.0,15.0
2019,-5,594.7837727864584,1064.348985593422,9,4218,-469.5652128069636,15in / 2-15out (primary),15.0,2.0,15.0
2019,-4,792.2044926396123,665.6905080188162,9,4218,126.51398462079612,15in / 2-15out (primary),15.0,2.0,15.0
2019,-3,1015.2206472758376,1879.2772625764596,9,4218,-864.0566153006221,15in / 2-15out (primary),15.0,2.0,15.0
2019,-2,3925.7082815797758,5160.643837441732,9,4218,-1234.9355558619563,15in / 2-15out (primary),15.0,2.0,15.0
2019,-1,493.94281684027777,1810.334920139749,9,4218,-1316.3921032994713,15in / 2-15out (primary),15.0,2.0,15.0
2020,-8,413.69449094076487,2125.8493523766983,20435,99359,-1712.1548614359335,15in / 2-15out (primary),15.0,2.0,15.0
2020,-7,273.1345998297888,1024.7351444940039,20435,99359,-751.600544664215,15in / 2-15out (primary),15.0,2.0,15.0
2020,-6,203.3902612177485,1496.816191011104,20435,99359,-1293.4259297933554,15in / 2-15out (primary),15.0,2.0,15.0
2020,-5,91.18407726892832,962.8788987400718,20435,99359,-871.6948214711435,15in / 2-15out (primary),15.0,2.0,15.0
2020,-4,224.86561519882625,1989.0920591500433,20435,99359,-1764.226443951217,15in / 2-15out (primary),15.0,2.0,15.0
2020,-3,637.7450734977401,4005.3444162409464,20435,99359,-3367.5993427432063,15in / 2-15out (primary),15.0,2.0,15.0
2020,-2,1323.4576733341512,3497.9308698115465,20435,99359,-2174.4731964773955,15in / 2-15out (primary),15.0,2.0,15.0
2020,-1,777.9681864120078,2515.994061327357,20435,99359,-1738.0258749153493,15in / 2-15out (primary),15.0,2.0,15.0
2021,-8,627.8754927546426,775.2484480907727,2119,46661,-147.3729553361302,15in / 2-15out (primary),15.0,2.0,15.0
2021,-7,1175.047012165739,1116.6650850548695,2119,46661,58.38192711086958,15in / 2-15out (primary),15.0,2.0,15.0
2021,-6,886.1161176849487,861.7464437513245,2119,46661,24.3696739336242,15in / 2-15out (primary),15.0,2.0,15.0
2021,-5,1613.2221033278156,1864.4067621220152,2119,46661,-251.18465879419955,15in / 2-15out (primary),15.0,2.0,15.0
2021,-4,3522.2778748517026,3475.0356879864034,2119,46661,47.24218686529912,15in / 2-15out (primary),15.0,2.0,15.0
2021,-3,1793.4026813850148,1665.3228708289967,2119,46661,128.07981055601817,15in / 2-15out (primary),15.0,2.0,15.0
2021,-2,1302.4357049208634,1512.7721141013508,2119,46661,-210.3364091804874,15in / 2-15out (primary),15.0,2.0,15.0
2021,-1,1070.3173734796317,1349.738000667736,2119,46661,-279.4206271881044,15in / 2-15out (primary),15.0,2.0,15.0
2024,-8,1746.2347420559777,1542.2918184010348,10865,143885,203.9429236549429,15in / 2-15out (primary),15.0,2.0,15.0
2024,-7,2544.3658236258666,2644.8319965091223,10865,143885,-100.4661728832557,15in / 2-15out (primary),15.0,2.0,15.0
2024,-6,1187.8563056632827,1469.2171528595861,10865,143885,-281.36084719630344,15in / 2-15out (primary),15.0,2.0,15.0
2024,-5,832.7659148347716,1319.3242647305738,10865,143885,-486.55834989580217,15in / 2-15out (primary),15.0,2.0,15.0
2024,-4,903.9880991379641,1228.4128825291407,10865,143885,-324.42478339117656,15in / 2-15out (primary),15.0,2.0,15.0
2024,-3,838.3127616366979,1109.4713651217849,10865,143885,-271.1586034850869,15in / 2-15out (primary),15.0,2.0,15.0
2024,-2,947.9651406053538,1212.7802249710396,10865,143885,-264.81508436568583,15in / 2-15out (primary),15.0,2.0,15.0
2024,-1,1093.5822577629904,1330.3285674436663,10865,143885,-236.74630968067595,15in / 2-15out (primary),15.0,2.0,15.0
2025,-8,4966.737384765037,3843.4245714768967,2850,64696,1123.3128132881402,15in / 2-15out (primary),15.0,2.0,15.0
2025,-7,4459.880255378316,2586.8623565099824,2850,64696,1873.0178988683338,15in / 2-15out (primary),15.0,2.0,15.0
2025,-6,3447.3567671242768,2269.559362306274,2850,64696,1177.7974048180026,15in / 2-15out (primary),15.0,2.0,15.0
2025,-5,3655.4895843722115,2318.5891470332817,2850,64696,1336.9004373389298,15in / 2-15out (primary),15.0,2.0,15.0
2025,-4,2737.4636568622414,2053.8481307389493,2850,64696,683.615526123292,15in / 2-15out (primary),15.0,2.0,15.0
2025,-3,3029.863629689986,2148.546316880347,2850,64696,881.3173128096387,15in / 2-15out (primary),15.0,2.0,15.0
2025,-2,2289.672984694138,1728.7370001135025,2850,64696,560.9359845806355,15in / 2-15out (primary),15.0,2.0,15.0
2025,-1,1268.6024237431336,1756.0624117884815,2850,64696,-487.4599880453479,15in / 2-15out (primary),15.0,2.0,15.0
2002,-1,65.97187100008959,1707.823184564347,10163,23542,-1641.8513135642575,25in / 2-25out,25.0,2.0,25.0
2003,-2,5402.907280646109,2423.242917266533,93,12675,2979.664363379576,25in / 2-25out,25.0,2.0,25.0
2003,-1,350.987772505308,967.5805972024885,93,12675,-616.5928246971805,25in / 2-25out,25.0,2.0,25.0
2004,-3,1943.5918491941843,3022.443222973992,41,13851,-1078.8513737798075,25in / 2-25out,25.0,2.0,25.0
2004,-2,134.85015590673197,1843.9424689569173,41,13851,-1709.0923130501853,25in / 2-25out,25.0,2.0,25.0
2004,-1,279.12500297732464,982.0600969294593,41,13851,-702.9350939521346,25in / 2-25out,25.0,2.0,25.0
2005,-4,570.355826925249,2461.3250361820888,1104,36088,-1890.9692092568398,25in / 2-25out,25.0,2.0,25.0
2005,-3,1034.6959347617867,1592.6683608587757,1104,36088,-557.972426096989,25in / 2-25out,25.0,2.0,25.0
2005,-2,515.3497795534256,1073.7885715544362,1104,36088,-558.4387920010106,25in / 2-25out,25.0,2.0,25.0
2005,-1,587.0149525080055,2198.1636856318337,1104,36088,-1611.1487331238282,25in / 2-25out,25.0,2.0,25.0
2006,-5,3051.778447108265,3287.2575470177535,773,28101,-235.47909990948847,25in / 2-25out,25.0,2.0,25.0
2006,-4,2531.8750338968603,1886.3261884224555,773,28101,645.5488454744047,25in / 2-25out,25.0,2.0,25.0
2006,-3,1015.3261102527617,1238.6142128989013,773,28101,-223.28810264613958,25in / 2-25out,25.0,2.0,25.0
2006,-2,2866.5715291313277,3016.656681537814,773,28101,-150.0851524064865,25in / 2-25out,25.0,2.0,25.0
2006,-1,1870.2228134665797,2528.565786900001,773,28101,-658.3429734334213,25in / 2-25out,25.0,2.0,25.0
2007,-6,737.896090670037,2664.959585067973,4207,37507,-1927.063494397936,25in / 2-25out,25.0,2.0,25.0
2007,-5,442.8590416257302,1316.653138821173,4207,37507,-873.7940971954426,25in / 2-25out,25.0,2.0,25.0
2007,-4,303.53405870016707,913.4585990447442,4207,37507,-609.9245403445772,25in / 2-25out,25.0,2.0,25.0
2007,-3,434.7935590628852,1586.3155438107601,4207,37507,-1151.521984747875,25in / 2-25out,25.0,2.0,25.0
2007,-2,385.52942061322045,1311.999492486044,4207,37507,-926.4700718728234,25in / 2-25out,25.0,2.0,25.0
2007,-1,391.25868671248526,1386.420153615583,4207,37507,-995.1614669030978,25in / 2-25out,25.0,2.0,25.0
2008,-7,1395.4551846244738,1902.8927444053365,2662,44029,-507.4375597808628,25in / 2-25out,25.0,2.0,25.0
2008,-6,1773.8993005750174,1244.2548185840024,2662,44029,529.644481991015,25in / 2-25out,25.0,2.0,25.0
2008,-5,1462.0702122950213,640.0507103587005,2662,44029,822.0195019363208,25in / 2-25out,25.0,2.0,25.0
2008,-4,1658.0958552567522,1709.218395348063,2662,44029,-51.12254009131084,25in / 2-25out,25.0,2.0,25.0
2008,-3,1256.0869196606038,1234.6517194716312,2662,44029,21.435200188972658,25in / 2-25out,25.0,2.0,25.0
2008,-2,1168.575057315825,1588.483254393521,2662,44029,-419.90819707769606,25in / 2-25out,25.0,2.0,25.0
2008,-1,874.3108942277188,1556.1218382432332,2662,44029,-681.8109440155145,25in / 2-25out,25.0,2.0,25.0
2009,-8,623.4079605271511,1556.349879613177,13712,52263,-932.941919086026,25in / 2-25out,25.0,2.0,25.0
2009,-7,500.03496565937377,920.921842610829,13712,52263,-420.88687695145524,25in / 2-25out,25.0,2.0,25.0
2009,-6,274.2445065941227,522.8836122580526,13712,52263,-248.6391056639299,25in / 2-25out,25.0,2.0,25.0
2009,-5,700.7723366946595,1484.3963423051255,13712,52263,-783.6240056104659,25in / 2-25out,25.0,2.0,25.0
2009,-4,470.978610088467,1010.1017219242871,13712,52263,-539.12311183582,25in / 2-25out,25.0,2.0,25.0
2009,-3,384.7295551215126,1329.3278922667703,13712,52263,-944.5983371452577,25in / 2-25out,25.0,2.0,25.0
2009,-2,385.549814400817,1066.8586164928422,13712,52263,-681.3088020920252,25in / 2-25out,25.0,2.0,25.0
2009,-1,434.37315096111877,969.2305790584139,13712,52263,-534.8574280972952,25in / 2-25out,25.0,2.0,25.0
2010,-8,910.2799337093847,1142.076744777728,1118,31521,-231.79681106834323,25in / 2-25out,25.0,2.0,25.0
2010,-7,312.87843059133155,837.7135786491485,1118,31521,-524.8351480578169,25in / 2-25out,25.0,2.0,25.0
2010,-6,1159.3741740456926,1664.3428016405564,1118,31521,-504.96862759486385,25in / 2-25out,25.0,2.0,25.0
2010,-5,659.5992239862337,1538.5320457816638,1118,31521,-878.9328217954301,25in / 2-25out,25.0,2.0,25.0
2010,-4,1334.9243703338045,1787.6793472745921,1118,31521,-452.7549769407876,25in / 2-25out,25.0,2.0,25.0
2010,-3,564.1857995784021,1224.6718606921233,1118,31521,-660.4860611137212,25in / 2-25out,25.0,2.0,25.0
2010,-2,826.6227487246096,1610.9376697993748,1118,31521,-784.3149210747653,25in / 2-25out,25.0,2.0,25.0
2010,-1,1411.1248968563877,2090.998119427261,1118,31521,-679.8732225708732,25in / 2-25out,25.0,2.0,25.0
2011,-8,1747.303822034448,1369.5296780461217,12195,83972,377.7741439883264,25in / 2-25out,25.0,2.0,25.0
2011,-7,3492.042664733479,2336.078131082679,12195,83972,1155.9645336507997,25in / 2-25out,25.0,2.0,25.0
2011,-6,2361.3614692582382,2022.471191725603,12195,83972,338.8902775326353,25in / 2-25out,25.0,2.0,25.0
2011,-5,2585.4115869236407,2164.6865202520444,12195,83972,420.7250666715963,25in / 2-25out,25.0,2.0,25.0
2011,-4,3021.4843266131925,2103.9741315605197,12195,83972,917.5101950526728,25in / 2-25out,25.0,2.0,25.0
2011,-3,1892.865007665182,1973.9798400828938,12195,83972,-81.1148324177118,25in / 2-25out,25.0,2.0,25.0
2011,-2,2800.128313108812,2470.5221416781146,12195,83972,329.6061714306975,25in / 2-25out,25.0,2.0,25.0
2011,-1,2129.179163900352,1865.5728999876615,12195,83972,263.60626391269034,25in / 2-25out,25.0,2.0,25.0
2012,-8,949.9207559330116,1536.5223600173915,897,31328,-586.6016040843799,25in / 2-25out,25.0,2.0,25.0
2012,-7,1338.8698676057843,1382.0945862228446,897,31328,-43.22471861706026,25in / 2-25out,25.0,2.0,25.0
2012,-6,564.4522068923342,1418.8301089444442,897,31328,-854.37790205211,25in / 2-25out,25.0,2.0,25.0
2012,-5,779.6507216213461,1423.9152923937193,897,31328,-644.2645707723732,25in / 2-25out,25.0,2.0,25.0
2012,-4,1035.6814800785369,1338.848441491462,897,31328,-303.16696141292505,25in / 2-25out,25.0,2.0,25.0
2012,-3,1282.374303303444,1830.0509968903234,897,31328,-547.6766935868793,25in / 2-25out,25.0,2.0,25.0
2012,-2,1183.160499849098,1163.8139968167259,897,31328,19.346503032372084,25in / 2-25out,25.0,2.0,25.0
2012,-1,622.2857829603239,1629.4501794723724,897,31328,-1007.1643965120485,25in / 2-25out,25.0,2.0,25.0
2013,-8,889.7435764670131,1357.825669240914,1730,36715,-468.08209277390097,25in / 2-25out,25.0,2.0,25.0
2013,-7,1099.1864478276493,1412.8579530513862,1730,36715,-313.67150522373686,25in / 2-25out,25.0,2.0,25.0
2013,-6,927.4593759787208,1718.2841913119662,1730,36715,-790.8248153332454,25in / 2-25out,25.0,2.0,25.0
2013,-5,1300.7601555889416,1570.670026667793,1730,36715,-269.90987107885144,25in / 2-25out,25.0,2.0,25.0
2013,-4,1113.2735072592475,1936.1414234300503,1730,36715,-822.8679161708028,25in / 2-25out,25.0,2.0,25.0
2013,-3,732.388160043989,1272.6059647054863,1730,36715,-540.2178046614972,25in / 2-25out,25.0,2.0,25.0
2013,-2,936.4613238371126,1463.3994221338226,1730,36715,-526.93809829671,25in / 2-25out,25.0,2.0,25.0
2013,-1,1114.3480205498447,2055.5709517337104,1730,36715,-941.2229311838657,25in / 2-25out,25.0,2.0,25.0
2014,-8,544.9721885772211,1310.6820377744355,368,16162,-765.7098491972143,25in / 2-25out,25.0,2.0,25.0
2014,-7,2705.7935934764346,1874.2155083289747,368,16162,831.5780851474599,25in / 2-25out,25.0,2.0,25.0
2014,-6,1553.0772342385947,1181.891277297762,368,16162,371.18595694083274,25in / 2-25out,25.0,2.0,25.0
2014,-5,1266.0185078938803,2162.4800477190715,368,16162,-896.4615398251913,25in / 2-25out,25.0,2.0,25.0
2014,-4,490.9942287207666,1110.6525085240698,368,16162,-619.6582798033032,25in / 2-25out,25.0,2.0,25.0
2014,-3,523.5946824739657,1064.28821795227,368,16162,-540.6935354783044,25in / 2-25out,25.0,2.0,25.0
2014,-2,1064.4499950360155,1651.5026503799406,368,16162,-587.0526553439252,25in / 2-25out,25.0,2.0,25.0
2014,-1,366.99013443773663,919.4255541495945,368,16162,-552.4354197118579,25in / 2-25out,25.0,2.0,25.0
2018,-8,1418.072146360036,1774.7936966489303,11890,297258,-356.7215502888944,25in / 2-25out,25.0,2.0,25.0
2018,-7,1035.4439435980723,1862.0002262603725,11890,297258,-826.5562826623002,25in / 2-25out,25.0,2.0,25.0
2018,-6,1254.4454087682811,2188.241758344292,11890,297258,-933.7963495760109,25in / 2-25out,25.0,2.0,25.0
2018,-5,517.1142038597732,1040.407286586584,11890,297258,-523.2930827268108,25in / 2-25out,25.0,2.0,25.0
2018,-4,882.2935094945094,1535.2216033942202,11890,297258,-652.9280938997108,25in / 2-25out,25.0,2.0,25.0
2018,-3,608.4997370427835,1102.4022945667411,11890,297258,-493.9025575239576,25in / 2-25out,25.0,2.0,25.0
2018,-2,937.5925303083601,2339.4161370766406,11890,297258,-1401.8236067682806,25in / 2-25out,25.0,2.0,25.0
2018,-1,1603.108574749978,3440.973967987076,11890,297258,-1837.8653932370978,25in / 2-25out,25.0,2.0,25.0
2019,-8,2701.745634856047,1926.4806365735185,9,11192,775.2649982825287,25in / 2-25out,25.0,2.0,25.0
2019,-7,2452.812817090269,1926.5836350918464,9,11192,526.2291819984227,25in / 2-25out,25.0,2.0,25.0
2019,-6,990.6748250325521,944.2140964870712,9,11192,46.46072854548095,25in / 2-25out,25.0,2.0,25.0
2019,-5,594.7837727864584,1045.9298292254907,9,11192,-451.14605643903235,25in / 2-25out,25.0,2.0,25.0
2019,-4,792.2044926396123,604.5443884979536,9,11192,187.66010414165873,25in / 2-25out,25.0,2.0,25.0
2019,-3,1015.2206472758376,1802.2359090671202,9,11192,-787.0152617912827,25in / 2-25out,25.0,2.0,25.0
2019,-2,3925.7082815797758,4207.227266684101,9,11192,-281.5189851043251,25in / 2-25out,25.0,2.0,25.0
2019,-1,493.94281684027777,1690.1804793482597,9,11192,-1196.237662507982,25in / 2-25out,25.0,2.0,25.0
2020,-8,358.4507087840479,2217.780888805699,23847,187432,-1859.330180021651,25in / 2-25out,25.0,2.0,25.0
2020,-7,234.5793414287465,1133.4785237531596,23847,187432,-898.8991823244131,25in / 2-25out,25.0,2.0,25.0
2020,-6,175.56366270639484,1649.3428691416839,23847,187432,-1473.779206435289,25in / 2-25out,25.0,2.0,25.0
2020,-5,80.31144466163539,1117.570370297852,23847,187432,-1037.2589256362166,25in / 2-25out,25.0,2.0,25.0
2020,-4,192.73900708458856,2188.408246489163,23847,187432,-1995.6692394045745,25in / 2-25out,25.0,2.0,25.0
2020,-3,550.4697753717955,4123.587565697182,23847,187432,-3573.1177903253865,25in / 2-25out,25.0,2.0,25.0
2020,-2,1137.1476802899815,3563.101702116364,23847,187432,-2425.9540218263824,25in / 2-25out,25.0,2.0,25.0
2020,-1,667.1488888263541,2517.645156228086,23847,187432,-1850.4962674017318,25in / 2-25out,25.0,2.0,25.0
2021,-8,627.8754927546426,809.4663771778743,2119,101014,-181.59088442323173,25in / 2-25out,25.0,2.0,25.0
2021,-7,1175.047012165739,1171.2543903571354,2119,101014,3.7926218086035988,25in / 2-25out,25.0,2.0,25.0
2021,-6,886.1161176849487,875.9010390987922,2119,101014,10.215078586156437,25in / 2-25out,25.0,2.0,25.0
2021,-5,1613.2221033278156,1638.3013988444302,2119,101014,-25.079295516614593,25in / 2-25out,25.0,2.0,25.0
2021,-4,3522.2778748517026,3001.358127693247,2119,101014,520.9197471584557,25in / 2-25out,25.0,2.0,25.0
2021,-3,1793.4026813850148,1492.7615642241662,2119,101014,300.6411171608486,25in / 2-25out,25.0,2.0,25.0
2021,-2,1302.4357049208634,1409.3170685251546,2119,101014,-106.88136360429121,25in / 2-25out,25.0,2.0,25.0
2021,-1,1070.3173734796317,1343.4403897886766,2119,101014,-273.12301630904494,25in / 2-25out,25.0,2.0,25.0
2024,-8,1746.2347420559777,1436.027924384408,10865,256918,310.20681767156975,25in / 2-25out,25.0,2.0,25.0
2024,-7,2544.3658236258666,2516.3016591332016,10865,256918,28.064164492664986,25in / 2-25out,25.0,2.0,25.0
2024,-6,1187.8563056632827,1459.290427603659,10865,256918,-271.4341219403764,25in / 2-25out,25.0,2.0,25.0
2024,-5,832.7659148347716,1274.483495791621,10865,256918,-441.71758095684936,25in / 2-25out,25.0,2.0,25.0
2024,-4,903.9880991379641,1256.2177297169535,10865,256918,-352.2296305789894,25in / 2-25out,25.0,2.0,25.0
2024,-3,838.3127616366979,1143.3072920049085,10865,256918,-304.9945303682106,25in / 2-25out,25.0,2.0,25.0
2024,-2,947.9651406053538,1222.9310378108635,10865,256918,-274.9658972055097,25in / 2-25out,25.0,2.0,25.0
2024,-1,1093.5822577629904,1275.5722160220907,10865,256918,-181.98995825910038,25in / 2-25out,25.0,2.0,25.0
2025,-8,4966.737384765037,4254.076484174521,2850,132114,712.6609005905157,25in / 2-25out,25.0,2.0,25.0
2025,-7,4459.880255378316,2930.099661210087,2850,132114,1529.780594168229,25in / 2-25out,25.0,2.0,25.0
2025,-6,3447.3567671242768,2533.631943944745,2850,132114,913.7248231795315,25in / 2-25out,25.0,2.0,25.0
2025,-5,3655.4895843722115,2647.61570192822,2850,132114,1007.8738824439915,25in / 2-25out,25.0,2.0,25.0
2025,-4,2737.4636568622414,2301.7201861689955,2850,132114,435.74347069324585,25in / 2-25out,25.0,2.0,25.0
2025,-3,3029.863629689986,2337.902532613234,2850,132114,691.9610970767517,25in / 2-25out,25.0,2.0,25.0
2025,-2,2289.672984694138,1877.942837556216,2850,132114,411.7301471379219,25in / 2-25out,25.0,2.0,25.0
2025,-1,1268.6024237431336,1814.3828359182344,2850,132114,-545.7804121751008,25in / 2-25out,25.0,2.0,25.0
2002,-1,86.40027538957855,1789.781795682237,7667,21253,-1703.3815202926585,15in / 5-25out,15.0,5.0,25.0
2003,-2,5402.907280646109,2441.4278063865954,93,12037,2961.4794742595136,15in / 5-25out,15.0,5.0,25.0
2003,-1,350.987772505308,959.6476991774643,93,12037,-608.6599266721564,15in / 5-25out,15.0,5.0,25.0
2004,-3,1943.5918491941843,2942.8655328940154,41,13014,-999.273683699831,15in / 5-25out,15.0,5.0,25.0
2004,-2,134.85015590673197,1764.2256780943749,41,13014,-1629.375522187643,15in / 5-25out,15.0,5.0,25.0
2004,-1,279.12500297732464,961.1111355170443,41,13014,-681.9861325397196,15in / 5-25out,15.0,5.0,25.0
2005,-4,570.355826925249,2446.0181153450535,1104,33676,-1875.6622884198046,15in / 5-25out,15.0,5.0,25.0
2005,-3,1034.6959347617867,1551.6202039705483,1104,33676,-516.9242692087616,15in / 5-25out,15.0,5.0,25.0
2005,-2,515.3497795534256,1064.886568164382,1104,33676,-549.5367886109564,15in / 5-25out,15.0,5.0,25.0
2005,-1,587.0149525080055,2177.9854460629876,1104,33676,-1590.970493554982,15in / 5-25out,15.0,5.0,25.0
2006,-5,3051.778447108265,3208.9416842802866,773,26004,-157.16323717202158,15in / 5-25out,15.0,5.0,25.0
2006,-4,2531.8750338968603,1875.6073514876493,773,26004,656.2676824092109,15in / 5-25out,15.0,5.0,25.0
2006,-3,1015.3261102527617,1200.4645349875052,773,26004,-185.13842473474347,15in / 5-25out,15.0,5.0,25.0
2006,-2,2866.5715291313277,2963.692554305069,773,26004,-97.12102517374115,15in / 5-25out,15.0,5.0,25.0
2006,-1,1870.2228134665797,2464.393014013346,773,26004,-594.1702005467664,15in / 5-25out,15.0,5.0,25.0
2007,-6,737.896090670037,2652.3950488406404,4207,33954,-1914.4989581706034,15in / 5-25out,15.0,5.0,25.0
2007,-5,442.8590416257302,1348.46757796388,4207,33954,-905.6085363381499,15in / 5-25out,15.0,5.0,25.0
2007,-4,303.53405870016707,913.1968449773073,4207,33954,-609.6627862771402,15in / 5-25out,15.0,5.0,25.0
2007,-3,434.7935590628852,1611.3459496330074,4207,33954,-1176.5523905701223,15in / 5-25out,15.0,5.0,25.0
2007,-2,385.52942061322045,1325.281153011986,4207,33954,-939.7517323987654,15in / 5-25out,15.0,5.0,25.0
2007,-1,391.25868671248526,1401.9874276436828,4207,33954,-1010.7287409311975,15in / 5-25out,15.0,5.0,25.0
2008,-7,1395.4551846244738,1926.4351431828522,2662,40509,-530.9799585583785,15in / 5-25out,15.0,5.0,25.0
2008,-6,1773.8993005750174,1239.636011159155,2662,40509,534.2632894158623,15in / 5-25out,15.0,5.0,25.0
2008,-5,1462.0702122950213,639.3375894834923,2662,40509,822.732622811529,15in / 5-25out,15.0,5.0,25.0
2008,-4,1658.0958552567522,1696.1077871734526,2662,40509,-38.011931916700405,15in / 5-25out,15.0,5.0,25.0
2008,-3,1256.0869196606038,1228.2705846204758,2662,40509,27.816335040128024,15in / 5-25out,15.0,5.0,25.0
2008,-2,1168.575057315825,1601.3608613155288,2662,40509,-432.78580399970383,15in / 5-25out,15.0,5.0,25.0
2008,-1,874.3108942277188,1569.433268772089,2662,40509,-695.1223745443701,15in / 5-25out,15.0,5.0,25.0
2009,-8,722.212492528232,1582.6157035692245,11393,47262,-860.4032110409925,15in / 5-25out,15.0,5.0,25.0
2009,-7,574.762498562303,909.4720375138413,11393,47262,-334.7095389515383,15in / 5-25out,15.0,5.0,25.0
2009,-6,308.86895597414303,515.4000001281901,11393,47262,-206.53104415404704,15in / 5-25out,15.0,5.0,25.0
2009,-5,788.4096637600098,1516.8046154509896,11393,47262,-728.3949516909797,15in / 5-25out,15.0,5.0,25.0
2009,-4,535.032785511705,1022.9526971240826,11393,47262,-487.91991161237763,15in / 5-25out,15.0,5.0,25.0
2009,-3,444.0816105625045,1353.107766494517,11393,47262,-909.0261559320124,15in / 5-25out,15.0,5.0,25.0
2009,-2,428.7126649359226,1075.2836990393403,11393,47262,-646.5710341034177,15in / 5-25out,15.0,5.0,25.0
2009,-1,499.2783911896609,959.3626311573406,11393,47262,-460.0842399676797,15in / 5-25out,15.0,5.0,25.0
2010,-8,910.2799337093847,1152.735328804286,1118,29391,-242.45539509490118,15in / 5-25out,15.0,5.0,25.0
2010,-7,312.87843059133155,842.9238823390401,1118,29391,-530.0454517477085,15in / 5-25out,15.0,5.0,25.0
2010,-6,1159.3741740456926,1650.5403462008157,1118,29391,-491.16617215512315,15in / 5-25out,15.0,5.0,25.0
2010,-5,659.5992239862337,1558.2058599866052,1118,29391,-898.6066360003715,15in / 5-25out,15.0,5.0,25.0
2010,-4,1334.9243703338045,1809.2223831278952,1118,29391,-474.2980127940907,15in / 5-25out,15.0,5.0,25.0
2010,-3,564.1857995784021,1227.7966923730917,1118,29391,-663.6108927946896,15in / 5-25out,15.0,5.0,25.0
2010,-2,826.6227487246096,1625.1099376868974,1118,29391,-798.4871889622879,15in / 5-25out,15.0,5.0,25.0
2010,-1,1411.1248968563877,2089.777248374478,1118,29391,-678.6523515180902,15in / 5-25out,15.0,5.0,25.0
2011,-8,1748.2335600437655,1318.0337911800084,12154,75108,430.1997688637571,15in / 5-25out,15.0,5.0,25.0
2011,-7,3475.1270862989027,2319.3848078673172,12154,75108,1155.7422784315854,15in / 5-25out,15.0,5.0,25.0
2011,-6,2349.1964399473845,1981.90285309123,12154,75108,367.29358685615443,15in / 5-25out,15.0,5.0,25.0
2011,-5,2571.8243043738007,2100.389349684299,12154,75108,471.43495468950186,15in / 5-25out,15.0,5.0,25.0
2011,-4,3015.82078021636,2062.1383460420107,12154,75108,953.6824341743495,15in / 5-25out,15.0,5.0,25.0
2011,-3,1892.1127571479958,1951.612262301959,12154,75108,-59.49950515396313,15in / 5-25out,15.0,5.0,25.0
2011,-2,2799.1925913755454,2491.163207510807,12154,75108,308.0293838647385,15in / 5-25out,15.0,5.0,25.0
2011,-1,2124.2599564545344,1871.3406247429693,12154,75108,252.91933171156506,15in / 5-25out,15.0,5.0,25.0
2012,-8,949.9207559330116,1553.2744746510882,897,29045,-603.3537187180766,15in / 5-25out,15.0,5.0,25.0
2012,-7,1338.8698676057843,1307.0347535806584,897,29045,31.835114025125904,15in / 5-25out,15.0,5.0,25.0
2012,-6,564.4522068923342,1409.64988965577,897,29045,-845.1976827634359,15in / 5-25out,15.0,5.0,25.0
2012,-5,779.6507216213461,1375.3189525447929,897,29045,-595.6682309234468,15in / 5-25out,15.0,5.0,25.0
2012,-4,1035.6814800785369,1317.5564502200268,897,29045,-281.87497014148994,15in / 5-25out,15.0,5.0,25.0
2012,-3,1282.374303303444,1852.4135156367347,897,29045,-570.0392123332906,15in / 5-25out,15.0,5.0,25.0
2012,-2,1183.160499849098,1154.3132423208276,897,29045,28.847257528270347,15in / 5-25out,15.0,5.0,25.0
2012,-1,622.2857829603239,1656.1501611409626,897,29045,-1033.8643781806386,15in / 5-25out,15.0,5.0,25.0
2013,-8,889.7435764670131,1366.5570350914454,1730,33623,-476.8134586244323,15in / 5-25out,15.0,5.0,25.0
2013,-7,1099.1864478276493,1386.3707639615006,1730,33623,-287.1843161338513,15in / 5-25out,15.0,5.0,25.0
2013,-6,927.4593759787208,1722.085397971576,1730,33623,-794.6260219928552,15in / 5-25out,15.0,5.0,25.0
2013,-5,1300.7601555889416,1565.6397355928113,1730,33623,-264.8795800038697,15in / 5-25out,15.0,5.0,25.0
2013,-4,1113.2735072592475,1951.5916727636295,1730,33623,-838.318165504382,15in / 5-25out,15.0,5.0,25.0
2013,-3,732.388160043989,1270.6558370250175,1730,33623,-538.2676769810284,15in / 5-25out,15.0,5.0,25.0
2013,-2,936.4613238371126,1462.3347901239465,1730,33623,-525.873466286834,15in / 5-25out,15.0,5.0,25.0
2013,-1,1114.3480205498447,2051.098066669054,1730,33623,-936.7500461192092,15in / 5-25out,15.0,5.0,25.0
2014,-8,544.9721885772211,1279.8526772675052,368,15081,-734.8804886902841,15in / 5-25out,15.0,5.0,25.0
2014,-7,2705.7935934764346,1802.0038562733557,368,15081,903.7897372030789,15in / 5-25out,15.0,5.0,25.0
2014,-6,1553.0772342385947,1168.7690646095587,368,15081,384.308169629036,15in / 5-25out,15.0,5.0,25.0
2014,-5,1266.0185078938803,2084.155373999116,368,15081,-818.1368661052356,15in / 5-25out,15.0,5.0,25.0
2014,-4,490.9942287207666,1067.4512012843002,368,15081,-576.4569725635336,15in / 5-25out,15.0,5.0,25.0
2014,-3,523.5946824739657,989.137500175361,368,15081,-465.5428177013953,15in / 5-25out,15.0,5.0,25.0
2014,-2,1064.4499950360155,1647.310508823911,368,15081,-582.8605137878956,15in / 5-25out,15.0,5.0,25.0
2014,-1,366.99013443773663,912.0175180249113,368,15081,-545.0273835871747,15in / 5-25out,15.0,5.0,25.0
2018,-8,1418.072146360036,1786.249156174283,11890,266565,-368.17700981424696,15in / 5-25out,15.0,5.0,25.0
2018,-7,1035.4439435980723,1866.7643408982851,11890,266565,-831.3203973002128,15in / 5-25out,15.0,5.0,25.0
2018,-6,1254.4454087682811,2216.7799378776103,11890,266565,-962.3345291093292,15in / 5-25out,15.0,5.0,25.0
2018,-5,517.1142038597732,1045.5297157554237,11890,266565,-528.4155118956505,15in / 5-25out,15.0,5.0,25.0
2018,-4,882.2935094945094,1508.5491088699862,11890,266565,-626.2555993754768,15in / 5-25out,15.0,5.0,25.0
2018,-3,608.4997370427835,1109.9908322015444,11890,266565,-501.4910951587609,15in / 5-25out,15.0,5.0,25.0
2018,-2,937.5925303083601,2337.4231022865274,11890,266565,-1399.8305719781674,15in / 5-25out,15.0,5.0,25.0
2018,-1,1603.108574749978,3458.897615064754,11890,266565,-1855.789040314776,15in / 5-25out,15.0,5.0,25.0
2019,-8,2701.745634856047,1857.420059159145,9,10760,844.3255756969022,15in / 5-25out,15.0,5.0,25.0
2019,-7,2452.812817090269,1903.1743007421614,9,10760,549.6385163481077,15in / 5-25out,15.0,5.0,25.0
2019,-6,990.6748250325521,916.4536730337293,9,10760,74.22115199882285,15in / 5-25out,15.0,5.0,25.0
2019,-5,594.7837727864584,1056.011467363769,9,10760,-461.2276945773107,15in / 5-25out,15.0,5.0,25.0
2019,-4,792.2044926396123,588.0712664640321,9,10760,204.13322617558026,15in / 5-25out,15.0,5.0,25.0
2019,-3,1015.2206472758376,1767.218834683332,9,10760,-751.9981874074945,15in / 5-25out,15.0,5.0,25.0
2019,-2,3925.7082815797758,4136.978886921734,9,10760,-211.2706053419579,15in / 5-25out,15.0,5.0,25.0
2019,-1,493.94281684027777,1722.1624429703008,9,10760,-1228.219626130023,15in / 5-25out,15.0,5.0,25.0
2020,-8,413.69449094076487,2263.3946827107657,20435,168607,-1849.7001917700009,15in / 5-25out,15.0,5.0,25.0
2020,-7,273.1345998297888,1160.6977900408203,20435,168607,-887.5631902110315,15in / 5-25out,15.0,5.0,25.0
2020,-6,203.3902612177485,1675.7152097079659,20435,168607,-1472.3249484902174,15in / 5-25out,15.0,5.0,25.0
2020,-5,91.18407726892832,1152.2688752891931,20435,168607,-1061.0847980202648,15in / 5-25out,15.0,5.0,25.0
2020,-4,224.86561519882625,2237.410431572337,20435,168607,-2012.544816373511,15in / 5-25out,15.0,5.0,25.0
2020,-3,637.7450734977401,4162.54893648257,20435,168607,-3524.8038629848297,15in / 5-25out,15.0,5.0,25.0
2020,-2,1323.4576733341512,3519.814226354816,20435,168607,-2196.356553020665,15in / 5-25out,15.0,5.0,25.0
2020,-1,777.9681864120078,2510.305605965163,20435,168607,-1732.3374195531553,15in / 5-25out,15.0,5.0,25.0
2021,-8,627.8754927546426,817.4254605942048,2119,93283,-189.5499678395622,15in / 5-25out,15.0,5.0,25.0
2021,-7,1175.047012165739,1149.8857084457538,2119,93283,25.1613037199852,15in / 5-25out,15.0,5.0,25.0
2021,-6,886.1161176849487,874.7793445360496,2119,93283,11.336773148899056,15in / 5-25out,15.0,5.0,25.0
2021,-5,1613.2221033278156,1604.9828013710771,2119,93283,8.239301956738473,15in / 5-25out,15.0,5.0,25.0
2021,-4,3522.2778748517026,2926.909781716829,2119,93283,595.3680931348736,15in / 5-25out,15.0,5.0,25.0
2021,-3,1793.4026813850148,1441.149801666631,2119,93283,352.25287971838384,15in / 5-25out,15.0,5.0,25.0
2021,-2,1302.4357049208634,1390.2541881288798,2119,93283,-87.81848320801646,15in / 5-25out,15.0,5.0,25.0
2021,-1,1070.3173734796317,1336.8037021912462,2119,93283,-266.48632871161453,15in / 5-25out,15.0,5.0,25.0
2024,-8,1746.2347420559777,1410.483771141458,10865,228134,335.7509709145197,15in / 5-25out,15.0,5.0,25.0
2024,-7,2544.3658236258666,2444.2360952841154,10865,228134,100.12972834175116,15in / 5-25out,15.0,5.0,25.0
2024,-6,1187.8563056632827,1440.4502380407387,10865,228134,-252.59393237745599,15in / 5-25out,15.0,5.0,25.0
2024,-5,832.7659148347716,1262.348399466187,10865,228134,-429.58248463141535,15in / 5-25out,15.0,5.0,25.0
2024,-4,903.9880991379641,1266.49312059944,10865,228134,-362.50502146147596,15in / 5-25out,15.0,5.0,25.0
2024,-3,838.3127616366979,1161.0929585710562,10865,228134,-322.7801969343583,15in / 5-25out,15.0,5.0,25.0
2024,-2,947.9651406053538,1230.374466092117,10865,228134,-282.40932548676324,15in / 5-25out,15.0,5.0,25.0
2024,-1,1093.5822577629904,1263.370868759124,10865,228134,-169.78861099613368,15in / 5-25out,15.0,5.0,25.0
2025,-8,4966.737384765037,4337.506628040079,2850,120741,629.2307567249582,15in / 5-25out,15.0,5.0,25.0
2025,-7,4459.880255378316,2953.4593216827225,2850,120741,1506.4209336955937,15in / 5-25out,15.0,5.0,25.0
2025,-6,3447.3567671242768,2583.1851078619397,2850,120741,864.171659262337,15in / 5-25out,15.0,5.0,25.0
2025,-5,3655.4895843722115,2675.184526061255,2850,120741,980.3050583109566,15in / 5-25out,15.0,5.0,25.0
2025,-4,2737.4636568622414,2319.5246980974043,2850,120741,417.938958764837,15in / 5-25out,15.0,5.0,25.0
2025,-3,3029.863629689986,2350.584434068469,2850,120741,679.2791956215169,15in / 5-25out,15.0,5.0,25.0
2025,-2,2289.672984694138,1895.6940678917747,2850,120741,393.9789168023633,15in / 5-25out,15.0,5.0,25.0
2025,-1,1268.6024237431336,1813.7851826001222,2850,120741,-545.1827588569886,15in / 5-25out,15.0,5.0,25.0
