covariate,treated_mean,control_mean,standardized_mean_difference,treated_missing_share,control_missing_share,design
base_m2,558548.6408408857,434489.94360042014,0.29524864154392616,0.0,0.0,boundary_zone
forest_loss_pre_years,13.743133964817321,13.0,0.1524841175007736,0.0,0.0,boundary_zone
forest_loss_pre_mean_m2,1030.406940467871,1742.7631384443985,-0.1893919882330653,0.0,0.0,boundary_zone
forest_loss_pre_sd_m2,2120.67456296853,3507.0694033019827,-0.1834325714598494,0.0,0.0,boundary_zone
forest_loss_pre_total_m2,15091.861023930316,22655.920799777185,-0.1493295412030718,0.0,0.0,boundary_zone
forest_loss_pre_trend_m2_per_year,-7.1774905042645525,-12.52166339415923,0.006763703954904921,0.08400541271989174,0.0,boundary_zone
coca_pre_years,16.16453110492108,13.0,0.6970261907448337,0.9417050067658999,0.8928372638858042,boundary_zone
coca_pre_mean_ha,0.45902184744676877,0.4332125064802914,0.02880372248785353,0.9417050067658999,0.8928372638858042,boundary_zone
elevation_m_mean,937.2499235665266,836.2577912647316,0.0998799083267551,0.0,0.0,boundary_zone
slope_deg_mean,10.677840569607664,9.974007639431518,0.07210105396118174,0.0,0.0,boundary_zone
ruggedness_m_mean,14.363896620284917,13.299333140294102,0.07593604808975671,0.0,0.0,boundary_zone
dmsp_stable_lights_pre_mean,1.023098917982991,2.2626698179981837,-0.21735179293946236,0.0,0.0,boundary_zone
dmsp_stable_lights_pre_years,10.224346414073072,13.0,-1.060319626905271,0.0,0.0,boundary_zone
viirs_avg_rad_pre_mean,0.2827243625320227,0.4342820459266945,-0.052690314610154686,0.45584844384303114,0.0,boundary_zone
viirs_avg_rad_pre_years,4.588362652232747,2.0,0.7842180929967274,0.0,0.0,boundary_zone
