cohort_year,year,event_time,n_treated_cells,n_eligible_control_cells,buffer_km
2002,2001,-1,11294,918544,10.0
2002,2002,0,11294,902158,10.0
2002,2003,1,11294,900701,10.0
2002,2004,2,11294,899883,10.0
2002,2005,3,11294,891594,10.0
2002,2006,4,11294,886527,10.0
2002,2007,5,11294,876285,10.0
2002,2008,6,11294,862609,10.0
2002,2009,7,11294,836913,10.0
2002,2010,8,11294,830865,10.0
2002,2011,9,11294,799795,10.0
2002,2012,10,11294,794329,10.0
2002,2013,11,11294,787461,10.0
2002,2014,12,11294,785348,10.0
2002,2015,13,11294,785348,10.0
2002,2016,14,11294,785348,10.0
2002,2017,15,11294,785348,10.0
2002,2018,16,11294,735060,10.0
2002,2019,17,11294,735054,10.0
2002,2020,18,11294,691507,10.0
2002,2021,19,11294,680129,10.0
2002,2022,20,11294,680129,10.0
2002,2023,21,11294,680129,10.0
2002,2024,22,11294,640919,10.0
2002,2025,23,11294,631840,10.0
2003,2001,-2,93,918544,10.0
2003,2002,-1,93,902158,10.0
2003,2003,0,93,900701,10.0
2003,2004,1,93,899883,10.0
2003,2005,2,93,891594,10.0
2003,2006,3,93,886527,10.0
2003,2007,4,93,876285,10.0
2003,2008,5,93,862609,10.0
2003,2009,6,93,836913,10.0
2003,2010,7,93,830865,10.0
2003,2011,8,93,799795,10.0
2003,2012,9,93,794329,10.0
2003,2013,10,93,787461,10.0
2003,2014,11,93,785348,10.0
2003,2015,12,93,785348,10.0
2003,2016,13,93,785348,10.0
2003,2017,14,93,785348,10.0
2003,2018,15,93,735060,10.0
2003,2019,16,93,735054,10.0
2003,2020,17,93,691507,10.0
2003,2021,18,93,680129,10.0
2003,2022,19,93,680129,10.0
2003,2023,20,93,680129,10.0
2003,2024,21,93,640919,10.0
2003,2025,22,93,631840,10.0
2004,2001,-3,41,918544,10.0
2004,2002,-2,41,902158,10.0
2004,2003,-1,41,900701,10.0
2004,2004,0,41,899883,10.0
2004,2005,1,41,891594,10.0
2004,2006,2,41,886527,10.0
2004,2007,3,41,876285,10.0
2004,2008,4,41,862609,10.0
2004,2009,5,41,836913,10.0
2004,2010,6,41,830865,10.0
2004,2011,7,41,799795,10.0
2004,2012,8,41,794329,10.0
2004,2013,9,41,787461,10.0
2004,2014,10,41,785348,10.0
2004,2015,11,41,785348,10.0
2004,2016,12,41,785348,10.0
2004,2017,13,41,785348,10.0
2004,2018,14,41,735060,10.0
2004,2019,15,41,735054,10.0
2004,2020,16,41,691507,10.0
2004,2021,17,41,680129,10.0
2004,2022,18,41,680129,10.0
2004,2023,19,41,680129,10.0
2004,2024,20,41,640919,10.0
2004,2025,21,41,631840,10.0
2005,2001,-4,1104,918544,10.0
2005,2002,-3,1104,902158,10.0
2005,2003,-2,1104,900701,10.0
2005,2004,-1,1104,899883,10.0
2005,2005,0,1104,891594,10.0
2005,2006,1,1104,886527,10.0
2005,2007,2,1104,876285,10.0
2005,2008,3,1104,862609,10.0
2005,2009,4,1104,836913,10.0
2005,2010,5,1104,830865,10.0
2005,2011,6,1104,799795,10.0
2005,2012,7,1104,794329,10.0
2005,2013,8,1104,787461,10.0
2005,2014,9,1104,785348,10.0
2005,2015,10,1104,785348,10.0
2005,2016,11,1104,785348,10.0
2005,2017,12,1104,785348,10.0
2005,2018,13,1104,735060,10.0
2005,2019,14,1104,735054,10.0
2005,2020,15,1104,691507,10.0
2005,2021,16,1104,680129,10.0
2005,2022,17,1104,680129,10.0
2005,2023,18,1104,680129,10.0
2005,2024,19,1104,640919,10.0
2005,2025,20,1104,631840,10.0
2006,2001,-5,773,918544,10.0
2006,2002,-4,773,902158,10.0
2006,2003,-3,773,900701,10.0
2006,2004,-2,773,899883,10.0
2006,2005,-1,773,891594,10.0
2006,2006,0,773,886527,10.0
2006,2007,1,773,876285,10.0
2006,2008,2,773,862609,10.0
2006,2009,3,773,836913,10.0
2006,2010,4,773,830865,10.0
2006,2011,5,773,799795,10.0
2006,2012,6,773,794329,10.0
2006,2013,7,773,787461,10.0
2006,2014,8,773,785348,10.0
2006,2015,9,773,785348,10.0
2006,2016,10,773,785348,10.0
2006,2017,11,773,785348,10.0
2006,2018,12,773,735060,10.0
2006,2019,13,773,735054,10.0
2006,2020,14,773,691507,10.0
2006,2021,15,773,680129,10.0
2006,2022,16,773,680129,10.0
2006,2023,17,773,680129,10.0
2006,2024,18,773,640919,10.0
2006,2025,19,773,631840,10.0
2007,2001,-6,4207,918544,10.0
2007,2002,-5,4207,902158,10.0
2007,2003,-4,4207,900701,10.0
2007,2004,-3,4207,899883,10.0
2007,2005,-2,4207,891594,10.0
2007,2006,-1,4207,886527,10.0
2007,2007,0,4207,876285,10.0
2007,2008,1,4207,862609,10.0
2007,2009,2,4207,836913,10.0
2007,2010,3,4207,830865,10.0
2007,2011,4,4207,799795,10.0
2007,2012,5,4207,794329,10.0
2007,2013,6,4207,787461,10.0
2007,2014,7,4207,785348,10.0
2007,2015,8,4207,785348,10.0
2007,2016,9,4207,785348,10.0
2007,2017,10,4207,785348,10.0
2007,2018,11,4207,735060,10.0
2007,2019,12,4207,735054,10.0
2007,2020,13,4207,691507,10.0
2007,2021,14,4207,680129,10.0
2007,2022,15,4207,680129,10.0
2007,2023,16,4207,680129,10.0
2007,2024,17,4207,640919,10.0
2007,2025,18,4207,631840,10.0
2008,2001,-7,2662,918544,10.0
2008,2002,-6,2662,902158,10.0
2008,2003,-5,2662,900701,10.0
2008,2004,-4,2662,899883,10.0
2008,2005,-3,2662,891594,10.0
2008,2006,-2,2662,886527,10.0
2008,2007,-1,2662,876285,10.0
2008,2008,0,2662,862609,10.0
2008,2009,1,2662,836913,10.0
2008,2010,2,2662,830865,10.0
2008,2011,3,2662,799795,10.0
2008,2012,4,2662,794329,10.0
2008,2013,5,2662,787461,10.0
2008,2014,6,2662,785348,10.0
2008,2015,7,2662,785348,10.0
2008,2016,8,2662,785348,10.0
2008,2017,9,2662,785348,10.0
2008,2018,10,2662,735060,10.0
2008,2019,11,2662,735054,10.0
2008,2020,12,2662,691507,10.0
2008,2021,13,2662,680129,10.0
2008,2022,14,2662,680129,10.0
2008,2023,15,2662,680129,10.0
2008,2024,16,2662,640919,10.0
2008,2025,17,2662,631840,10.0
2009,2001,-8,14394,918544,10.0
2009,2002,-7,14394,902158,10.0
2009,2003,-6,14394,900701,10.0
2009,2004,-5,14394,899883,10.0
2009,2005,-4,14394,891594,10.0
2009,2006,-3,14394,886527,10.0
2009,2007,-2,14394,876285,10.0
2009,2008,-1,14394,862609,10.0
2009,2009,0,14394,836913,10.0
2009,2010,1,14394,830865,10.0
2009,2011,2,14394,799795,10.0
2009,2012,3,14394,794329,10.0
2009,2013,4,14394,787461,10.0
2009,2014,5,14394,785348,10.0
2009,2015,6,14394,785348,10.0
2009,2016,7,14394,785348,10.0
2009,2017,8,14394,785348,10.0
2009,2018,9,14394,735060,10.0
2009,2019,10,14394,735054,10.0
2009,2020,11,14394,691507,10.0
2009,2021,12,14394,680129,10.0
2009,2022,13,14394,680129,10.0
2009,2023,14,14394,680129,10.0
2009,2024,15,14394,640919,10.0
2009,2025,16,14394,631840,10.0
2010,2001,-9,1118,918544,10.0
2010,2002,-8,1118,902158,10.0
2010,2003,-7,1118,900701,10.0
2010,2004,-6,1118,899883,10.0
2010,2005,-5,1118,891594,10.0
2010,2006,-4,1118,886527,10.0
2010,2007,-3,1118,876285,10.0
2010,2008,-2,1118,862609,10.0
2010,2009,-1,1118,836913,10.0
2010,2010,0,1118,830865,10.0
2010,2011,1,1118,799795,10.0
2010,2012,2,1118,794329,10.0
2010,2013,3,1118,787461,10.0
2010,2014,4,1118,785348,10.0
2010,2015,5,1118,785348,10.0
2010,2016,6,1118,785348,10.0
2010,2017,7,1118,785348,10.0
2010,2018,8,1118,735060,10.0
2010,2019,9,1118,735054,10.0
2010,2020,10,1118,691507,10.0
2010,2021,11,1118,680129,10.0
2010,2022,12,1118,680129,10.0
2010,2023,13,1118,680129,10.0
2010,2024,14,1118,640919,10.0
2010,2025,15,1118,631840,10.0
2011,2001,-10,12195,918544,10.0
2011,2002,-9,12195,902158,10.0
2011,2003,-8,12195,900701,10.0
2011,2004,-7,12195,899883,10.0
2011,2005,-6,12195,891594,10.0
2011,2006,-5,12195,886527,10.0
2011,2007,-4,12195,876285,10.0
2011,2008,-3,12195,862609,10.0
2011,2009,-2,12195,836913,10.0
2011,2010,-1,12195,830865,10.0
2011,2011,0,12195,799795,10.0
2011,2012,1,12195,794329,10.0
2011,2013,2,12195,787461,10.0
2011,2014,3,12195,785348,10.0
2011,2015,4,12195,785348,10.0
2011,2016,5,12195,785348,10.0
2011,2017,6,12195,785348,10.0
2011,2018,7,12195,735060,10.0
2011,2019,8,12195,735054,10.0
2011,2020,9,12195,691507,10.0
2011,2021,10,12195,680129,10.0
2011,2022,11,12195,680129,10.0
2011,2023,12,12195,680129,10.0
2011,2024,13,12195,640919,10.0
2011,2025,14,12195,631840,10.0
2012,2001,-11,897,918544,10.0
2012,2002,-10,897,902158,10.0
2012,2003,-9,897,900701,10.0
2012,2004,-8,897,899883,10.0
2012,2005,-7,897,891594,10.0
2012,2006,-6,897,886527,10.0
2012,2007,-5,897,876285,10.0
2012,2008,-4,897,862609,10.0
2012,2009,-3,897,836913,10.0
2012,2010,-2,897,830865,10.0
2012,2011,-1,897,799795,10.0
2012,2012,0,897,794329,10.0
2012,2013,1,897,787461,10.0
2012,2014,2,897,785348,10.0
2012,2015,3,897,785348,10.0
2012,2016,4,897,785348,10.0
2012,2017,5,897,785348,10.0
2012,2018,6,897,735060,10.0
2012,2019,7,897,735054,10.0
2012,2020,8,897,691507,10.0
2012,2021,9,897,680129,10.0
2012,2022,10,897,680129,10.0
2012,2023,11,897,680129,10.0
2012,2024,12,897,640919,10.0
2012,2025,13,897,631840,10.0
2013,2001,-12,1730,918544,10.0
2013,2002,-11,1730,902158,10.0
2013,2003,-10,1730,900701,10.0
2013,2004,-9,1730,899883,10.0
2013,2005,-8,1730,891594,10.0
2013,2006,-7,1730,886527,10.0
2013,2007,-6,1730,876285,10.0
2013,2008,-5,1730,862609,10.0
2013,2009,-4,1730,836913,10.0
2013,2010,-3,1730,830865,10.0
2013,2011,-2,1730,799795,10.0
2013,2012,-1,1730,794329,10.0
2013,2013,0,1730,787461,10.0
2013,2014,1,1730,785348,10.0
2013,2015,2,1730,785348,10.0
2013,2016,3,1730,785348,10.0
2013,2017,4,1730,785348,10.0
2013,2018,5,1730,735060,10.0
2013,2019,6,1730,735054,10.0
2013,2020,7,1730,691507,10.0
2013,2021,8,1730,680129,10.0
2013,2022,9,1730,680129,10.0
2013,2023,10,1730,680129,10.0
2013,2024,11,1730,640919,10.0
2013,2025,12,1730,631840,10.0
2014,2001,-13,368,918544,10.0
2014,2002,-12,368,902158,10.0
2014,2003,-11,368,900701,10.0
2014,2004,-10,368,899883,10.0
2014,2005,-9,368,891594,10.0
2014,2006,-8,368,886527,10.0
2014,2007,-7,368,876285,10.0
2014,2008,-6,368,862609,10.0
2014,2009,-5,368,836913,10.0
2014,2010,-4,368,830865,10.0
2014,2011,-3,368,799795,10.0
2014,2012,-2,368,794329,10.0
2014,2013,-1,368,787461,10.0
2014,2014,0,368,785348,10.0
2014,2015,1,368,785348,10.0
2014,2016,2,368,785348,10.0
2014,2017,3,368,785348,10.0
2014,2018,4,368,735060,10.0
2014,2019,5,368,735054,10.0
2014,2020,6,368,691507,10.0
2014,2021,7,368,680129,10.0
2014,2022,8,368,680129,10.0
2014,2023,9,368,680129,10.0
2014,2024,10,368,640919,10.0
2014,2025,11,368,631840,10.0
2018,2001,-17,11890,918544,10.0
2018,2002,-16,11890,902158,10.0
2018,2003,-15,11890,900701,10.0
2018,2004,-14,11890,899883,10.0
2018,2005,-13,11890,891594,10.0
2018,2006,-12,11890,886527,10.0
2018,2007,-11,11890,876285,10.0
2018,2008,-10,11890,862609,10.0
2018,2009,-9,11890,836913,10.0
2018,2010,-8,11890,830865,10.0
2018,2011,-7,11890,799795,10.0
2018,2012,-6,11890,794329,10.0
2018,2013,-5,11890,787461,10.0
2018,2014,-4,11890,785348,10.0
2018,2015,-3,11890,785348,10.0
2018,2016,-2,11890,785348,10.0
2018,2017,-1,11890,785348,10.0
2018,2018,0,11890,735060,10.0
2018,2019,1,11890,735054,10.0
2018,2020,2,11890,691507,10.0
2018,2021,3,11890,680129,10.0
2018,2022,4,11890,680129,10.0
2018,2023,5,11890,680129,10.0
2018,2024,6,11890,640919,10.0
2018,2025,7,11890,631840,10.0
2019,2001,-18,9,918544,10.0
2019,2002,-17,9,902158,10.0
2019,2003,-16,9,900701,10.0
2019,2004,-15,9,899883,10.0
2019,2005,-14,9,891594,10.0
2019,2006,-13,9,886527,10.0
2019,2007,-12,9,876285,10.0
2019,2008,-11,9,862609,10.0
2019,2009,-10,9,836913,10.0
2019,2010,-9,9,830865,10.0
2019,2011,-8,9,799795,10.0
2019,2012,-7,9,794329,10.0
2019,2013,-6,9,787461,10.0
2019,2014,-5,9,785348,10.0
2019,2015,-4,9,785348,10.0
2019,2016,-3,9,785348,10.0
2019,2017,-2,9,785348,10.0
2019,2018,-1,9,735060,10.0
2019,2019,0,9,735054,10.0
2019,2020,1,9,691507,10.0
2019,2021,2,9,680129,10.0
2019,2022,3,9,680129,10.0
2019,2023,4,9,680129,10.0
2019,2024,5,9,640919,10.0
2019,2025,6,9,631840,10.0
2020,2001,-19,24879,918544,10.0
2020,2002,-18,24879,902158,10.0
2020,2003,-17,24879,900701,10.0
2020,2004,-16,24879,899883,10.0
2020,2005,-15,24879,891594,10.0
2020,2006,-14,24879,886527,10.0
2020,2007,-13,24879,876285,10.0
2020,2008,-12,24879,862609,10.0
2020,2009,-11,24879,836913,10.0
2020,2010,-10,24879,830865,10.0
2020,2011,-9,24879,799795,10.0
2020,2012,-8,24879,794329,10.0
2020,2013,-7,24879,787461,10.0
2020,2014,-6,24879,785348,10.0
2020,2015,-5,24879,785348,10.0
2020,2016,-4,24879,785348,10.0
2020,2017,-3,24879,785348,10.0
2020,2018,-2,24879,735060,10.0
2020,2019,-1,24879,735054,10.0
2020,2020,0,24879,691507,10.0
2020,2021,1,24879,680129,10.0
2020,2022,2,24879,680129,10.0
2020,2023,3,24879,680129,10.0
2020,2024,4,24879,640919,10.0
2020,2025,5,24879,631840,10.0
2021,2001,-20,2119,918544,10.0
2021,2002,-19,2119,902158,10.0
2021,2003,-18,2119,900701,10.0
2021,2004,-17,2119,899883,10.0
2021,2005,-16,2119,891594,10.0
2021,2006,-15,2119,886527,10.0
2021,2007,-14,2119,876285,10.0
2021,2008,-13,2119,862609,10.0
2021,2009,-12,2119,836913,10.0
2021,2010,-11,2119,830865,10.0
2021,2011,-10,2119,799795,10.0
2021,2012,-9,2119,794329,10.0
2021,2013,-8,2119,787461,10.0
2021,2014,-7,2119,785348,10.0
2021,2015,-6,2119,785348,10.0
2021,2016,-5,2119,785348,10.0
2021,2017,-4,2119,785348,10.0
2021,2018,-3,2119,735060,10.0
2021,2019,-2,2119,735054,10.0
2021,2020,-1,2119,691507,10.0
2021,2021,0,2119,680129,10.0
2021,2022,1,2119,680129,10.0
2021,2023,2,2119,680129,10.0
2021,2024,3,2119,640919,10.0
2021,2025,4,2119,631840,10.0
2024,2001,-23,10865,918544,10.0
2024,2002,-22,10865,902158,10.0
2024,2003,-21,10865,900701,10.0
2024,2004,-20,10865,899883,10.0
2024,2005,-19,10865,891594,10.0
2024,2006,-18,10865,886527,10.0
2024,2007,-17,10865,876285,10.0
2024,2008,-16,10865,862609,10.0
2024,2009,-15,10865,836913,10.0
2024,2010,-14,10865,830865,10.0
2024,2011,-13,10865,799795,10.0
2024,2012,-12,10865,794329,10.0
2024,2013,-11,10865,787461,10.0
2024,2014,-10,10865,785348,10.0
2024,2015,-9,10865,785348,10.0
2024,2016,-8,10865,785348,10.0
2024,2017,-7,10865,785348,10.0
2024,2018,-6,10865,735060,10.0
2024,2019,-5,10865,735054,10.0
2024,2020,-4,10865,691507,10.0
2024,2021,-3,10865,680129,10.0
2024,2022,-2,10865,680129,10.0
2024,2023,-1,10865,680129,10.0
2024,2024,0,10865,640919,10.0
2024,2025,1,10865,631840,10.0
2025,2001,-24,2850,918544,10.0
2025,2002,-23,2850,902158,10.0
2025,2003,-22,2850,900701,10.0
2025,2004,-21,2850,899883,10.0
2025,2005,-20,2850,891594,10.0
2025,2006,-19,2850,886527,10.0
2025,2007,-18,2850,876285,10.0
2025,2008,-17,2850,862609,10.0
2025,2009,-16,2850,836913,10.0
2025,2010,-15,2850,830865,10.0
2025,2011,-14,2850,799795,10.0
2025,2012,-13,2850,794329,10.0
2025,2013,-12,2850,787461,10.0
2025,2014,-11,2850,785348,10.0
2025,2015,-10,2850,785348,10.0
2025,2016,-9,2850,785348,10.0
2025,2017,-8,2850,785348,10.0
2025,2018,-7,2850,735060,10.0
2025,2019,-6,2850,735054,10.0
2025,2020,-5,2850,691507,10.0
2025,2021,-4,2850,680129,10.0
2025,2022,-3,2850,680129,10.0
2025,2023,-2,2850,680129,10.0
2025,2024,-1,2850,640919,10.0
2025,2025,0,2850,631840,10.0
2002,2001,-1,11294,738756,25.0
2002,2002,0,11294,718498,25.0
2002,2003,1,11294,714588,25.0
2002,2004,2,11294,712941,25.0
2002,2005,3,11294,692651,25.0
2002,2006,4,11294,680844,25.0
2002,2007,5,11294,665848,25.0
2002,2008,6,11294,638204,25.0
2002,2009,7,11294,599789,25.0
2002,2010,8,11294,589115,25.0
2002,2011,9,11294,549012,25.0
2002,2012,10,11294,539833,25.0
2002,2013,11,11294,532856,25.0
2002,2014,12,11294,528480,25.0
2002,2015,13,11294,528480,25.0
2002,2016,14,11294,528480,25.0
2002,2017,15,11294,528480,25.0
2002,2018,16,11294,452812,25.0
2002,2019,17,11294,452812,25.0
2002,2020,18,11294,413598,25.0
2002,2021,19,11294,402105,25.0
2002,2022,20,11294,402105,25.0
2002,2023,21,11294,402105,25.0
2002,2024,22,11294,371762,25.0
2002,2025,23,11294,365105,25.0
2003,2001,-2,93,738756,25.0
2003,2002,-1,93,718498,25.0
2003,2003,0,93,714588,25.0
2003,2004,1,93,712941,25.0
2003,2005,2,93,692651,25.0
2003,2006,3,93,680844,25.0
2003,2007,4,93,665848,25.0
2003,2008,5,93,638204,25.0
2003,2009,6,93,599789,25.0
2003,2010,7,93,589115,25.0
2003,2011,8,93,549012,25.0
2003,2012,9,93,539833,25.0
2003,2013,10,93,532856,25.0
2003,2014,11,93,528480,25.0
2003,2015,12,93,528480,25.0
2003,2016,13,93,528480,25.0
2003,2017,14,93,528480,25.0
2003,2018,15,93,452812,25.0
2003,2019,16,93,452812,25.0
2003,2020,17,93,413598,25.0
2003,2021,18,93,402105,25.0
2003,2022,19,93,402105,25.0
2003,2023,20,93,402105,25.0
2003,2024,21,93,371762,25.0
2003,2025,22,93,365105,25.0
2004,2001,-3,41,738756,25.0
2004,2002,-2,41,718498,25.0
2004,2003,-1,41,714588,25.0
2004,2004,0,41,712941,25.0
2004,2005,1,41,692651,25.0
2004,2006,2,41,680844,25.0
2004,2007,3,41,665848,25.0
2004,2008,4,41,638204,25.0
2004,2009,5,41,599789,25.0
2004,2010,6,41,589115,25.0
2004,2011,7,41,549012,25.0
2004,2012,8,41,539833,25.0
2004,2013,9,41,532856,25.0
2004,2014,10,41,528480,25.0
2004,2015,11,41,528480,25.0
2004,2016,12,41,528480,25.0
2004,2017,13,41,528480,25.0
2004,2018,14,41,452812,25.0
2004,2019,15,41,452812,25.0
2004,2020,16,41,413598,25.0
2004,2021,17,41,402105,25.0
2004,2022,18,41,402105,25.0
2004,2023,19,41,402105,25.0
2004,2024,20,41,371762,25.0
2004,2025,21,41,365105,25.0
2005,2001,-4,1104,738756,25.0
2005,2002,-3,1104,718498,25.0
2005,2003,-2,1104,714588,25.0
2005,2004,-1,1104,712941,25.0
2005,2005,0,1104,692651,25.0
2005,2006,1,1104,680844,25.0
2005,2007,2,1104,665848,25.0
2005,2008,3,1104,638204,25.0
2005,2009,4,1104,599789,25.0
2005,2010,5,1104,589115,25.0
2005,2011,6,1104,549012,25.0
2005,2012,7,1104,539833,25.0
2005,2013,8,1104,532856,25.0
2005,2014,9,1104,528480,25.0
2005,2015,10,1104,528480,25.0
2005,2016,11,1104,528480,25.0
2005,2017,12,1104,528480,25.0
2005,2018,13,1104,452812,25.0
2005,2019,14,1104,452812,25.0
2005,2020,15,1104,413598,25.0
2005,2021,16,1104,402105,25.0
2005,2022,17,1104,402105,25.0
2005,2023,18,1104,402105,25.0
2005,2024,19,1104,371762,25.0
2005,2025,20,1104,365105,25.0
2006,2001,-5,773,738756,25.0
2006,2002,-4,773,718498,25.0
2006,2003,-3,773,714588,25.0
2006,2004,-2,773,712941,25.0
2006,2005,-1,773,692651,25.0
2006,2006,0,773,680844,25.0
2006,2007,1,773,665848,25.0
2006,2008,2,773,638204,25.0
2006,2009,3,773,599789,25.0
2006,2010,4,773,589115,25.0
2006,2011,5,773,549012,25.0
2006,2012,6,773,539833,25.0
2006,2013,7,773,532856,25.0
2006,2014,8,773,528480,25.0
2006,2015,9,773,528480,25.0
2006,2016,10,773,528480,25.0
2006,2017,11,773,528480,25.0
2006,2018,12,773,452812,25.0
2006,2019,13,773,452812,25.0
2006,2020,14,773,413598,25.0
2006,2021,15,773,402105,25.0
2006,2022,16,773,402105,25.0
2006,2023,17,773,402105,25.0
2006,2024,18,773,371762,25.0
2006,2025,19,773,365105,25.0
2007,2001,-6,4207,738756,25.0
2007,2002,-5,4207,718498,25.0
2007,2003,-4,4207,714588,25.0
2007,2004,-3,4207,712941,25.0
2007,2005,-2,4207,692651,25.0
2007,2006,-1,4207,680844,25.0
2007,2007,0,4207,665848,25.0
2007,2008,1,4207,638204,25.0
2007,2009,2,4207,599789,25.0
2007,2010,3,4207,589115,25.0
2007,2011,4,4207,549012,25.0
2007,2012,5,4207,539833,25.0
2007,2013,6,4207,532856,25.0
2007,2014,7,4207,528480,25.0
2007,2015,8,4207,528480,25.0
2007,2016,9,4207,528480,25.0
2007,2017,10,4207,528480,25.0
2007,2018,11,4207,452812,25.0
2007,2019,12,4207,452812,25.0
2007,2020,13,4207,413598,25.0
2007,2021,14,4207,402105,25.0
2007,2022,15,4207,402105,25.0
2007,2023,16,4207,402105,25.0
2007,2024,17,4207,371762,25.0
2007,2025,18,4207,365105,25.0
2008,2001,-7,2662,738756,25.0
2008,2002,-6,2662,718498,25.0
2008,2003,-5,2662,714588,25.0
2008,2004,-4,2662,712941,25.0
2008,2005,-3,2662,692651,25.0
2008,2006,-2,2662,680844,25.0
2008,2007,-1,2662,665848,25.0
2008,2008,0,2662,638204,25.0
2008,2009,1,2662,599789,25.0
2008,2010,2,2662,589115,25.0
2008,2011,3,2662,549012,25.0
2008,2012,4,2662,539833,25.0
2008,2013,5,2662,532856,25.0
2008,2014,6,2662,528480,25.0
2008,2015,7,2662,528480,25.0
2008,2016,8,2662,528480,25.0
2008,2017,9,2662,528480,25.0
2008,2018,10,2662,452812,25.0
2008,2019,11,2662,452812,25.0
2008,2020,12,2662,413598,25.0
2008,2021,13,2662,402105,25.0
2008,2022,14,2662,402105,25.0
2008,2023,15,2662,402105,25.0
2008,2024,16,2662,371762,25.0
2008,2025,17,2662,365105,25.0
2009,2001,-8,14394,738756,25.0
2009,2002,-7,14394,718498,25.0
2009,2003,-6,14394,714588,25.0
2009,2004,-5,14394,712941,25.0
2009,2005,-4,14394,692651,25.0
2009,2006,-3,14394,680844,25.0
2009,2007,-2,14394,665848,25.0
2009,2008,-1,14394,638204,25.0
2009,2009,0,14394,599789,25.0
2009,2010,1,14394,589115,25.0
2009,2011,2,14394,549012,25.0
2009,2012,3,14394,539833,25.0
2009,2013,4,14394,532856,25.0
2009,2014,5,14394,528480,25.0
2009,2015,6,14394,528480,25.0
2009,2016,7,14394,528480,25.0
2009,2017,8,14394,528480,25.0
2009,2018,9,14394,452812,25.0
2009,2019,10,14394,452812,25.0
2009,2020,11,14394,413598,25.0
2009,2021,12,14394,402105,25.0
2009,2022,13,14394,402105,25.0
2009,2023,14,14394,402105,25.0
2009,2024,15,14394,371762,25.0
2009,2025,16,14394,365105,25.0
2010,2001,-9,1118,738756,25.0
2010,2002,-8,1118,718498,25.0
2010,2003,-7,1118,714588,25.0
2010,2004,-6,1118,712941,25.0
2010,2005,-5,1118,692651,25.0
2010,2006,-4,1118,680844,25.0
2010,2007,-3,1118,665848,25.0
2010,2008,-2,1118,638204,25.0
2010,2009,-1,1118,599789,25.0
2010,2010,0,1118,589115,25.0
2010,2011,1,1118,549012,25.0
2010,2012,2,1118,539833,25.0
2010,2013,3,1118,532856,25.0
2010,2014,4,1118,528480,25.0
2010,2015,5,1118,528480,25.0
2010,2016,6,1118,528480,25.0
2010,2017,7,1118,528480,25.0
2010,2018,8,1118,452812,25.0
2010,2019,9,1118,452812,25.0
2010,2020,10,1118,413598,25.0
2010,2021,11,1118,402105,25.0
2010,2022,12,1118,402105,25.0
2010,2023,13,1118,402105,25.0
2010,2024,14,1118,371762,25.0
2010,2025,15,1118,365105,25.0
2011,2001,-10,12195,738756,25.0
2011,2002,-9,12195,718498,25.0
2011,2003,-8,12195,714588,25.0
2011,2004,-7,12195,712941,25.0
2011,2005,-6,12195,692651,25.0
2011,2006,-5,12195,680844,25.0
2011,2007,-4,12195,665848,25.0
2011,2008,-3,12195,638204,25.0
2011,2009,-2,12195,599789,25.0
2011,2010,-1,12195,589115,25.0
2011,2011,0,12195,549012,25.0
2011,2012,1,12195,539833,25.0
2011,2013,2,12195,532856,25.0
2011,2014,3,12195,528480,25.0
2011,2015,4,12195,528480,25.0
2011,2016,5,12195,528480,25.0
2011,2017,6,12195,528480,25.0
2011,2018,7,12195,452812,25.0
2011,2019,8,12195,452812,25.0
2011,2020,9,12195,413598,25.0
2011,2021,10,12195,402105,25.0
2011,2022,11,12195,402105,25.0
2011,2023,12,12195,402105,25.0
2011,2024,13,12195,371762,25.0
2011,2025,14,12195,365105,25.0
2012,2001,-11,897,738756,25.0
2012,2002,-10,897,718498,25.0
2012,2003,-9,897,714588,25.0
2012,2004,-8,897,712941,25.0
2012,2005,-7,897,692651,25.0
2012,2006,-6,897,680844,25.0
2012,2007,-5,897,665848,25.0
2012,2008,-4,897,638204,25.0
2012,2009,-3,897,599789,25.0
2012,2010,-2,897,589115,25.0
2012,2011,-1,897,549012,25.0
2012,2012,0,897,539833,25.0
2012,2013,1,897,532856,25.0
2012,2014,2,897,528480,25.0
2012,2015,3,897,528480,25.0
2012,2016,4,897,528480,25.0
2012,2017,5,897,528480,25.0
2012,2018,6,897,452812,25.0
2012,2019,7,897,452812,25.0
2012,2020,8,897,413598,25.0
2012,2021,9,897,402105,25.0
2012,2022,10,897,402105,25.0
2012,2023,11,897,402105,25.0
2012,2024,12,897,371762,25.0
2012,2025,13,897,365105,25.0
2013,2001,-12,1730,738756,25.0
2013,2002,-11,1730,718498,25.0
2013,2003,-10,1730,714588,25.0
2013,2004,-9,1730,712941,25.0
2013,2005,-8,1730,692651,25.0
2013,2006,-7,1730,680844,25.0
2013,2007,-6,1730,665848,25.0
2013,2008,-5,1730,638204,25.0
2013,2009,-4,1730,599789,25.0
2013,2010,-3,1730,589115,25.0
2013,2011,-2,1730,549012,25.0
2013,2012,-1,1730,539833,25.0
2013,2013,0,1730,532856,25.0
2013,2014,1,1730,528480,25.0
2013,2015,2,1730,528480,25.0
2013,2016,3,1730,528480,25.0
2013,2017,4,1730,528480,25.0
2013,2018,5,1730,452812,25.0
2013,2019,6,1730,452812,25.0
2013,2020,7,1730,413598,25.0
2013,2021,8,1730,402105,25.0
2013,2022,9,1730,402105,25.0
2013,2023,10,1730,402105,25.0
2013,2024,11,1730,371762,25.0
2013,2025,12,1730,365105,25.0
2014,2001,-13,368,738756,25.0
2014,2002,-12,368,718498,25.0
2014,2003,-11,368,714588,25.0
2014,2004,-10,368,712941,25.0
2014,2005,-9,368,692651,25.0
2014,2006,-8,368,680844,25.0
2014,2007,-7,368,665848,25.0
2014,2008,-6,368,638204,25.0
2014,2009,-5,368,599789,25.0
2014,2010,-4,368,589115,25.0
2014,2011,-3,368,549012,25.0
2014,2012,-2,368,539833,25.0
2014,2013,-1,368,532856,25.0
2014,2014,0,368,528480,25.0
2014,2015,1,368,528480,25.0
2014,2016,2,368,528480,25.0
2014,2017,3,368,528480,25.0
2014,2018,4,368,452812,25.0
2014,2019,5,368,452812,25.0
2014,2020,6,368,413598,25.0
2014,2021,7,368,402105,25.0
2014,2022,8,368,402105,25.0
2014,2023,9,368,402105,25.0
2014,2024,10,368,371762,25.0
2014,2025,11,368,365105,25.0
2018,2001,-17,11890,738756,25.0
2018,2002,-16,11890,718498,25.0
2018,2003,-15,11890,714588,25.0
2018,2004,-14,11890,712941,25.0
2018,2005,-13,11890,692651,25.0
2018,2006,-12,11890,680844,25.0
2018,2007,-11,11890,665848,25.0
2018,2008,-10,11890,638204,25.0
2018,2009,-9,11890,599789,25.0
2018,2010,-8,11890,589115,25.0
2018,2011,-7,11890,549012,25.0
2018,2012,-6,11890,539833,25.0
2018,2013,-5,11890,532856,25.0
2018,2014,-4,11890,528480,25.0
2018,2015,-3,11890,528480,25.0
2018,2016,-2,11890,528480,25.0
2018,2017,-1,11890,528480,25.0
2018,2018,0,11890,452812,25.0
2018,2019,1,11890,452812,25.0
2018,2020,2,11890,413598,25.0
2018,2021,3,11890,402105,25.0
2018,2022,4,11890,402105,25.0
2018,2023,5,11890,402105,25.0
2018,2024,6,11890,371762,25.0
2018,2025,7,11890,365105,25.0
2019,2001,-18,9,738756,25.0
2019,2002,-17,9,718498,25.0
2019,2003,-16,9,714588,25.0
2019,2004,-15,9,712941,25.0
2019,2005,-14,9,692651,25.0
2019,2006,-13,9,680844,25.0
2019,2007,-12,9,665848,25.0
2019,2008,-11,9,638204,25.0
2019,2009,-10,9,599789,25.0
2019,2010,-9,9,589115,25.0
2019,2011,-8,9,549012,25.0
2019,2012,-7,9,539833,25.0
2019,2013,-6,9,532856,25.0
2019,2014,-5,9,528480,25.0
2019,2015,-4,9,528480,25.0
2019,2016,-3,9,528480,25.0
2019,2017,-2,9,528480,25.0
2019,2018,-1,9,452812,25.0
2019,2019,0,9,452812,25.0
2019,2020,1,9,413598,25.0
2019,2021,2,9,402105,25.0
2019,2022,3,9,402105,25.0
2019,2023,4,9,402105,25.0
2019,2024,5,9,371762,25.0
2019,2025,6,9,365105,25.0
2020,2001,-19,24879,738756,25.0
2020,2002,-18,24879,718498,25.0
2020,2003,-17,24879,714588,25.0
2020,2004,-16,24879,712941,25.0
2020,2005,-15,24879,692651,25.0
2020,2006,-14,24879,680844,25.0
2020,2007,-13,24879,665848,25.0
2020,2008,-12,24879,638204,25.0
2020,2009,-11,24879,599789,25.0
2020,2010,-10,24879,589115,25.0
2020,2011,-9,24879,549012,25.0
2020,2012,-8,24879,539833,25.0
2020,2013,-7,24879,532856,25.0
2020,2014,-6,24879,528480,25.0
2020,2015,-5,24879,528480,25.0
2020,2016,-4,24879,528480,25.0
2020,2017,-3,24879,528480,25.0
2020,2018,-2,24879,452812,25.0
2020,2019,-1,24879,452812,25.0
2020,2020,0,24879,413598,25.0
2020,2021,1,24879,402105,25.0
2020,2022,2,24879,402105,25.0
2020,2023,3,24879,402105,25.0
2020,2024,4,24879,371762,25.0
2020,2025,5,24879,365105,25.0
2021,2001,-20,2119,738756,25.0
2021,2002,-19,2119,718498,25.0
2021,2003,-18,2119,714588,25.0
2021,2004,-17,2119,712941,25.0
2021,2005,-16,2119,692651,25.0
2021,2006,-15,2119,680844,25.0
2021,2007,-14,2119,665848,25.0
2021,2008,-13,2119,638204,25.0
2021,2009,-12,2119,599789,25.0
2021,2010,-11,2119,589115,25.0
2021,2011,-10,2119,549012,25.0
2021,2012,-9,2119,539833,25.0
2021,2013,-8,2119,532856,25.0
2021,2014,-7,2119,528480,25.0
2021,2015,-6,2119,528480,25.0
2021,2016,-5,2119,528480,25.0
2021,2017,-4,2119,528480,25.0
2021,2018,-3,2119,452812,25.0
2021,2019,-2,2119,452812,25.0
2021,2020,-1,2119,413598,25.0
2021,2021,0,2119,402105,25.0
2021,2022,1,2119,402105,25.0
2021,2023,2,2119,402105,25.0
2021,2024,3,2119,371762,25.0
2021,2025,4,2119,365105,25.0
2024,2001,-23,10865,738756,25.0
2024,2002,-22,10865,718498,25.0
2024,2003,-21,10865,714588,25.0
2024,2004,-20,10865,712941,25.0
2024,2005,-19,10865,692651,25.0
2024,2006,-18,10865,680844,25.0
2024,2007,-17,10865,665848,25.0
2024,2008,-16,10865,638204,25.0
2024,2009,-15,10865,599789,25.0
2024,2010,-14,10865,589115,25.0
2024,2011,-13,10865,549012,25.0
2024,2012,-12,10865,539833,25.0
2024,2013,-11,10865,532856,25.0
2024,2014,-10,10865,528480,25.0
2024,2015,-9,10865,528480,25.0
2024,2016,-8,10865,528480,25.0
2024,2017,-7,10865,528480,25.0
2024,2018,-6,10865,452812,25.0
2024,2019,-5,10865,452812,25.0
2024,2020,-4,10865,413598,25.0
2024,2021,-3,10865,402105,25.0
2024,2022,-2,10865,402105,25.0
2024,2023,-1,10865,402105,25.0
2024,2024,0,10865,371762,25.0
2024,2025,1,10865,365105,25.0
2025,2001,-24,2850,738756,25.0
2025,2002,-23,2850,718498,25.0
2025,2003,-22,2850,714588,25.0
2025,2004,-21,2850,712941,25.0
2025,2005,-20,2850,692651,25.0
2025,2006,-19,2850,680844,25.0
2025,2007,-18,2850,665848,25.0
2025,2008,-17,2850,638204,25.0
2025,2009,-16,2850,599789,25.0
2025,2010,-15,2850,589115,25.0
2025,2011,-14,2850,549012,25.0
2025,2012,-13,2850,539833,25.0
2025,2013,-12,2850,532856,25.0
2025,2014,-11,2850,528480,25.0
2025,2015,-10,2850,528480,25.0
2025,2016,-9,2850,528480,25.0
2025,2017,-8,2850,528480,25.0
2025,2018,-7,2850,452812,25.0
2025,2019,-6,2850,452812,25.0
2025,2020,-5,2850,413598,25.0
2025,2021,-4,2850,402105,25.0
2025,2022,-3,2850,402105,25.0
2025,2023,-2,2850,402105,25.0
2025,2024,-1,2850,371762,25.0
2025,2025,0,2850,365105,25.0
2002,2001,-1,11294,484014,50.0
2002,2002,0,11294,466213,50.0
2002,2003,1,11294,463576,50.0
2002,2004,2,11294,463572,50.0
2002,2005,3,11294,435516,50.0
2002,2006,4,11294,418997,50.0
2002,2007,5,11294,403506,50.0
2002,2008,6,11294,368702,50.0
2002,2009,7,11294,332046,50.0
2002,2010,8,11294,319552,50.0
2002,2011,9,11294,288418,50.0
2002,2012,10,11294,281274,50.0
2002,2013,11,11294,279630,50.0
2002,2014,12,11294,274161,50.0
2002,2015,13,11294,274161,50.0
2002,2016,14,11294,274161,50.0
2002,2017,15,11294,274161,50.0
2002,2018,16,11294,207960,50.0
2002,2019,17,11294,207960,50.0
2002,2020,18,11294,185173,50.0
2002,2021,19,11294,182280,50.0
2002,2022,20,11294,182280,50.0
2002,2023,21,11294,182280,50.0
2002,2024,22,11294,172329,50.0
2002,2025,23,11294,170147,50.0
2003,2001,-2,93,484014,50.0
2003,2002,-1,93,466213,50.0
2003,2003,0,93,463576,50.0
2003,2004,1,93,463572,50.0
2003,2005,2,93,435516,50.0
2003,2006,3,93,418997,50.0
2003,2007,4,93,403506,50.0
2003,2008,5,93,368702,50.0
2003,2009,6,93,332046,50.0
2003,2010,7,93,319552,50.0
2003,2011,8,93,288418,50.0
2003,2012,9,93,281274,50.0
2003,2013,10,93,279630,50.0
2003,2014,11,93,274161,50.0
2003,2015,12,93,274161,50.0
2003,2016,13,93,274161,50.0
2003,2017,14,93,274161,50.0
2003,2018,15,93,207960,50.0
2003,2019,16,93,207960,50.0
2003,2020,17,93,185173,50.0
2003,2021,18,93,182280,50.0
2003,2022,19,93,182280,50.0
2003,2023,20,93,182280,50.0
2003,2024,21,93,172329,50.0
2003,2025,22,93,170147,50.0
2004,2001,-3,41,484014,50.0
2004,2002,-2,41,466213,50.0
2004,2003,-1,41,463576,50.0
2004,2004,0,41,463572,50.0
2004,2005,1,41,435516,50.0
2004,2006,2,41,418997,50.0
2004,2007,3,41,403506,50.0
2004,2008,4,41,368702,50.0
2004,2009,5,41,332046,50.0
2004,2010,6,41,319552,50.0
2004,2011,7,41,288418,50.0
2004,2012,8,41,281274,50.0
2004,2013,9,41,279630,50.0
2004,2014,10,41,274161,50.0
2004,2015,11,41,274161,50.0
2004,2016,12,41,274161,50.0
2004,2017,13,41,274161,50.0
2004,2018,14,41,207960,50.0
2004,2019,15,41,207960,50.0
2004,2020,16,41,185173,50.0
2004,2021,17,41,182280,50.0
2004,2022,18,41,182280,50.0
2004,2023,19,41,182280,50.0
2004,2024,20,41,172329,50.0
2004,2025,21,41,170147,50.0
2005,2001,-4,1104,484014,50.0
2005,2002,-3,1104,466213,50.0
2005,2003,-2,1104,463576,50.0
2005,2004,-1,1104,463572,50.0
2005,2005,0,1104,435516,50.0
2005,2006,1,1104,418997,50.0
2005,2007,2,1104,403506,50.0
2005,2008,3,1104,368702,50.0
2005,2009,4,1104,332046,50.0
2005,2010,5,1104,319552,50.0
2005,2011,6,1104,288418,50.0
2005,2012,7,1104,281274,50.0
2005,2013,8,1104,279630,50.0
2005,2014,9,1104,274161,50.0
2005,2015,10,1104,274161,50.0
2005,2016,11,1104,274161,50.0
2005,2017,12,1104,274161,50.0
2005,2018,13,1104,207960,50.0
2005,2019,14,1104,207960,50.0
2005,2020,15,1104,185173,50.0
2005,2021,16,1104,182280,50.0
2005,2022,17,1104,182280,50.0
2005,2023,18,1104,182280,50.0
2005,2024,19,1104,172329,50.0
2005,2025,20,1104,170147,50.0
2006,2001,-5,773,484014,50.0
2006,2002,-4,773,466213,50.0
2006,2003,-3,773,463576,50.0
2006,2004,-2,773,463572,50.0
2006,2005,-1,773,435516,50.0
2006,2006,0,773,418997,50.0
2006,2007,1,773,403506,50.0
2006,2008,2,773,368702,50.0
2006,2009,3,773,332046,50.0
2006,2010,4,773,319552,50.0
2006,2011,5,773,288418,50.0
2006,2012,6,773,281274,50.0
2006,2013,7,773,279630,50.0
2006,2014,8,773,274161,50.0
2006,2015,9,773,274161,50.0
2006,2016,10,773,274161,50.0
2006,2017,11,773,274161,50.0
2006,2018,12,773,207960,50.0
2006,2019,13,773,207960,50.0
2006,2020,14,773,185173,50.0
2006,2021,15,773,182280,50.0
2006,2022,16,773,182280,50.0
2006,2023,17,773,182280,50.0
2006,2024,18,773,172329,50.0
2006,2025,19,773,170147,50.0
2007,2001,-6,4207,484014,50.0
2007,2002,-5,4207,466213,50.0
2007,2003,-4,4207,463576,50.0
2007,2004,-3,4207,463572,50.0
2007,2005,-2,4207,435516,50.0
2007,2006,-1,4207,418997,50.0
2007,2007,0,4207,403506,50.0
2007,2008,1,4207,368702,50.0
2007,2009,2,4207,332046,50.0
2007,2010,3,4207,319552,50.0
2007,2011,4,4207,288418,50.0
2007,2012,5,4207,281274,50.0
2007,2013,6,4207,279630,50.0
2007,2014,7,4207,274161,50.0
2007,2015,8,4207,274161,50.0
2007,2016,9,4207,274161,50.0
2007,2017,10,4207,274161,50.0
2007,2018,11,4207,207960,50.0
2007,2019,12,4207,207960,50.0
2007,2020,13,4207,185173,50.0
2007,2021,14,4207,182280,50.0
2007,2022,15,4207,182280,50.0
2007,2023,16,4207,182280,50.0
2007,2024,17,4207,172329,50.0
2007,2025,18,4207,170147,50.0
2008,2001,-7,2662,484014,50.0
2008,2002,-6,2662,466213,50.0
2008,2003,-5,2662,463576,50.0
2008,2004,-4,2662,463572,50.0
2008,2005,-3,2662,435516,50.0
2008,2006,-2,2662,418997,50.0
2008,2007,-1,2662,403506,50.0
2008,2008,0,2662,368702,50.0
2008,2009,1,2662,332046,50.0
2008,2010,2,2662,319552,50.0
2008,2011,3,2662,288418,50.0
2008,2012,4,2662,281274,50.0
2008,2013,5,2662,279630,50.0
2008,2014,6,2662,274161,50.0
2008,2015,7,2662,274161,50.0
2008,2016,8,2662,274161,50.0
2008,2017,9,2662,274161,50.0
2008,2018,10,2662,207960,50.0
2008,2019,11,2662,207960,50.0
2008,2020,12,2662,185173,50.0
2008,2021,13,2662,182280,50.0
2008,2022,14,2662,182280,50.0
2008,2023,15,2662,182280,50.0
2008,2024,16,2662,172329,50.0
2008,2025,17,2662,170147,50.0
2009,2001,-8,14394,484014,50.0
2009,2002,-7,14394,466213,50.0
2009,2003,-6,14394,463576,50.0
2009,2004,-5,14394,463572,50.0
2009,2005,-4,14394,435516,50.0
2009,2006,-3,14394,418997,50.0
2009,2007,-2,14394,403506,50.0
2009,2008,-1,14394,368702,50.0
2009,2009,0,14394,332046,50.0
2009,2010,1,14394,319552,50.0
2009,2011,2,14394,288418,50.0
2009,2012,3,14394,281274,50.0
2009,2013,4,14394,279630,50.0
2009,2014,5,14394,274161,50.0
2009,2015,6,14394,274161,50.0
2009,2016,7,14394,274161,50.0
2009,2017,8,14394,274161,50.0
2009,2018,9,14394,207960,50.0
2009,2019,10,14394,207960,50.0
2009,2020,11,14394,185173,50.0
2009,2021,12,14394,182280,50.0
2009,2022,13,14394,182280,50.0
2009,2023,14,14394,182280,50.0
2009,2024,15,14394,172329,50.0
2009,2025,16,14394,170147,50.0
2010,2001,-9,1118,484014,50.0
2010,2002,-8,1118,466213,50.0
2010,2003,-7,1118,463576,50.0
2010,2004,-6,1118,463572,50.0
2010,2005,-5,1118,435516,50.0
2010,2006,-4,1118,418997,50.0
2010,2007,-3,1118,403506,50.0
2010,2008,-2,1118,368702,50.0
2010,2009,-1,1118,332046,50.0
2010,2010,0,1118,319552,50.0
2010,2011,1,1118,288418,50.0
2010,2012,2,1118,281274,50.0
2010,2013,3,1118,279630,50.0
2010,2014,4,1118,274161,50.0
2010,2015,5,1118,274161,50.0
2010,2016,6,1118,274161,50.0
2010,2017,7,1118,274161,50.0
2010,2018,8,1118,207960,50.0
2010,2019,9,1118,207960,50.0
2010,2020,10,1118,185173,50.0
2010,2021,11,1118,182280,50.0
2010,2022,12,1118,182280,50.0
2010,2023,13,1118,182280,50.0
2010,2024,14,1118,172329,50.0
2010,2025,15,1118,170147,50.0
2011,2001,-10,12195,484014,50.0
2011,2002,-9,12195,466213,50.0
2011,2003,-8,12195,463576,50.0
2011,2004,-7,12195,463572,50.0
2011,2005,-6,12195,435516,50.0
2011,2006,-5,12195,418997,50.0
2011,2007,-4,12195,403506,50.0
2011,2008,-3,12195,368702,50.0
2011,2009,-2,12195,332046,50.0
2011,2010,-1,12195,319552,50.0
2011,2011,0,12195,288418,50.0
2011,2012,1,12195,281274,50.0
2011,2013,2,12195,279630,50.0
2011,2014,3,12195,274161,50.0
2011,2015,4,12195,274161,50.0
2011,2016,5,12195,274161,50.0
2011,2017,6,12195,274161,50.0
2011,2018,7,12195,207960,50.0
2011,2019,8,12195,207960,50.0
2011,2020,9,12195,185173,50.0
2011,2021,10,12195,182280,50.0
2011,2022,11,12195,182280,50.0
2011,2023,12,12195,182280,50.0
2011,2024,13,12195,172329,50.0
2011,2025,14,12195,170147,50.0
2012,2001,-11,897,484014,50.0
2012,2002,-10,897,466213,50.0
2012,2003,-9,897,463576,50.0
2012,2004,-8,897,463572,50.0
2012,2005,-7,897,435516,50.0
2012,2006,-6,897,418997,50.0
2012,2007,-5,897,403506,50.0
2012,2008,-4,897,368702,50.0
2012,2009,-3,897,332046,50.0
2012,2010,-2,897,319552,50.0
2012,2011,-1,897,288418,50.0
2012,2012,0,897,281274,50.0
2012,2013,1,897,279630,50.0
2012,2014,2,897,274161,50.0
2012,2015,3,897,274161,50.0
2012,2016,4,897,274161,50.0
2012,2017,5,897,274161,50.0
2012,2018,6,897,207960,50.0
2012,2019,7,897,207960,50.0
2012,2020,8,897,185173,50.0
2012,2021,9,897,182280,50.0
2012,2022,10,897,182280,50.0
2012,2023,11,897,182280,50.0
2012,2024,12,897,172329,50.0
2012,2025,13,897,170147,50.0
2013,2001,-12,1730,484014,50.0
2013,2002,-11,1730,466213,50.0
2013,2003,-10,1730,463576,50.0
2013,2004,-9,1730,463572,50.0
2013,2005,-8,1730,435516,50.0
2013,2006,-7,1730,418997,50.0
2013,2007,-6,1730,403506,50.0
2013,2008,-5,1730,368702,50.0
2013,2009,-4,1730,332046,50.0
2013,2010,-3,1730,319552,50.0
2013,2011,-2,1730,288418,50.0
2013,2012,-1,1730,281274,50.0
2013,2013,0,1730,279630,50.0
2013,2014,1,1730,274161,50.0
2013,2015,2,1730,274161,50.0
2013,2016,3,1730,274161,50.0
2013,2017,4,1730,274161,50.0
2013,2018,5,1730,207960,50.0
2013,2019,6,1730,207960,50.0
2013,2020,7,1730,185173,50.0
2013,2021,8,1730,182280,50.0
2013,2022,9,1730,182280,50.0
2013,2023,10,1730,182280,50.0
2013,2024,11,1730,172329,50.0
2013,2025,12,1730,170147,50.0
2014,2001,-13,368,484014,50.0
2014,2002,-12,368,466213,50.0
2014,2003,-11,368,463576,50.0
2014,2004,-10,368,463572,50.0
2014,2005,-9,368,435516,50.0
2014,2006,-8,368,418997,50.0
2014,2007,-7,368,403506,50.0
2014,2008,-6,368,368702,50.0
2014,2009,-5,368,332046,50.0
2014,2010,-4,368,319552,50.0
2014,2011,-3,368,288418,50.0
2014,2012,-2,368,281274,50.0
2014,2013,-1,368,279630,50.0
2014,2014,0,368,274161,50.0
2014,2015,1,368,274161,50.0
2014,2016,2,368,274161,50.0
2014,2017,3,368,274161,50.0
2014,2018,4,368,207960,50.0
2014,2019,5,368,207960,50.0
2014,2020,6,368,185173,50.0
2014,2021,7,368,182280,50.0
2014,2022,8,368,182280,50.0
2014,2023,9,368,182280,50.0
2014,2024,10,368,172329,50.0
2014,2025,11,368,170147,50.0
2018,2001,-17,11890,484014,50.0
2018,2002,-16,11890,466213,50.0
2018,2003,-15,11890,463576,50.0
2018,2004,-14,11890,463572,50.0
2018,2005,-13,11890,435516,50.0
2018,2006,-12,11890,418997,50.0
2018,2007,-11,11890,403506,50.0
2018,2008,-10,11890,368702,50.0
2018,2009,-9,11890,332046,50.0
2018,2010,-8,11890,319552,50.0
2018,2011,-7,11890,288418,50.0
2018,2012,-6,11890,281274,50.0
2018,2013,-5,11890,279630,50.0
2018,2014,-4,11890,274161,50.0
2018,2015,-3,11890,274161,50.0
2018,2016,-2,11890,274161,50.0
2018,2017,-1,11890,274161,50.0
2018,2018,0,11890,207960,50.0
2018,2019,1,11890,207960,50.0
2018,2020,2,11890,185173,50.0
2018,2021,3,11890,182280,50.0
2018,2022,4,11890,182280,50.0
2018,2023,5,11890,182280,50.0
2018,2024,6,11890,172329,50.0
2018,2025,7,11890,170147,50.0
2019,2001,-18,9,484014,50.0
2019,2002,-17,9,466213,50.0
2019,2003,-16,9,463576,50.0
2019,2004,-15,9,463572,50.0
2019,2005,-14,9,435516,50.0
2019,2006,-13,9,418997,50.0
2019,2007,-12,9,403506,50.0
2019,2008,-11,9,368702,50.0
2019,2009,-10,9,332046,50.0
2019,2010,-9,9,319552,50.0
2019,2011,-8,9,288418,50.0
2019,2012,-7,9,281274,50.0
2019,2013,-6,9,279630,50.0
2019,2014,-5,9,274161,50.0
2019,2015,-4,9,274161,50.0
2019,2016,-3,9,274161,50.0
2019,2017,-2,9,274161,50.0
2019,2018,-1,9,207960,50.0
2019,2019,0,9,207960,50.0
2019,2020,1,9,185173,50.0
2019,2021,2,9,182280,50.0
2019,2022,3,9,182280,50.0
2019,2023,4,9,182280,50.0
2019,2024,5,9,172329,50.0
2019,2025,6,9,170147,50.0
2020,2001,-19,24879,484014,50.0
2020,2002,-18,24879,466213,50.0
2020,2003,-17,24879,463576,50.0
2020,2004,-16,24879,463572,50.0
2020,2005,-15,24879,435516,50.0
2020,2006,-14,24879,418997,50.0
2020,2007,-13,24879,403506,50.0
2020,2008,-12,24879,368702,50.0
2020,2009,-11,24879,332046,50.0
2020,2010,-10,24879,319552,50.0
2020,2011,-9,24879,288418,50.0
2020,2012,-8,24879,281274,50.0
2020,2013,-7,24879,279630,50.0
2020,2014,-6,24879,274161,50.0
2020,2015,-5,24879,274161,50.0
2020,2016,-4,24879,274161,50.0
2020,2017,-3,24879,274161,50.0
2020,2018,-2,24879,207960,50.0
2020,2019,-1,24879,207960,50.0
2020,2020,0,24879,185173,50.0
2020,2021,1,24879,182280,50.0
2020,2022,2,24879,182280,50.0
2020,2023,3,24879,182280,50.0
2020,2024,4,24879,172329,50.0
2020,2025,5,24879,170147,50.0
2021,2001,-20,2119,484014,50.0
2021,2002,-19,2119,466213,50.0
2021,2003,-18,2119,463576,50.0
2021,2004,-17,2119,463572,50.0
2021,2005,-16,2119,435516,50.0
2021,2006,-15,2119,418997,50.0
2021,2007,-14,2119,403506,50.0
2021,2008,-13,2119,368702,50.0
2021,2009,-12,2119,332046,50.0
2021,2010,-11,2119,319552,50.0
2021,2011,-10,2119,288418,50.0
2021,2012,-9,2119,281274,50.0
2021,2013,-8,2119,279630,50.0
2021,2014,-7,2119,274161,50.0
2021,2015,-6,2119,274161,50.0
2021,2016,-5,2119,274161,50.0
2021,2017,-4,2119,274161,50.0
2021,2018,-3,2119,207960,50.0
2021,2019,-2,2119,207960,50.0
2021,2020,-1,2119,185173,50.0
2021,2021,0,2119,182280,50.0
2021,2022,1,2119,182280,50.0
2021,2023,2,2119,182280,50.0
2021,2024,3,2119,172329,50.0
2021,2025,4,2119,170147,50.0
2024,2001,-23,10865,484014,50.0
2024,2002,-22,10865,466213,50.0
2024,2003,-21,10865,463576,50.0
2024,2004,-20,10865,463572,50.0
2024,2005,-19,10865,435516,50.0
2024,2006,-18,10865,418997,50.0
2024,2007,-17,10865,403506,50.0
2024,2008,-16,10865,368702,50.0
2024,2009,-15,10865,332046,50.0
2024,2010,-14,10865,319552,50.0
2024,2011,-13,10865,288418,50.0
2024,2012,-12,10865,281274,50.0
2024,2013,-11,10865,279630,50.0
2024,2014,-10,10865,274161,50.0
2024,2015,-9,10865,274161,50.0
2024,2016,-8,10865,274161,50.0
2024,2017,-7,10865,274161,50.0
2024,2018,-6,10865,207960,50.0
2024,2019,-5,10865,207960,50.0
2024,2020,-4,10865,185173,50.0
2024,2021,-3,10865,182280,50.0
2024,2022,-2,10865,182280,50.0
2024,2023,-1,10865,182280,50.0
2024,2024,0,10865,172329,50.0
2024,2025,1,10865,170147,50.0
2025,2001,-24,2850,484014,50.0
2025,2002,-23,2850,466213,50.0
2025,2003,-22,2850,463576,50.0
2025,2004,-21,2850,463572,50.0
2025,2005,-20,2850,435516,50.0
2025,2006,-19,2850,418997,50.0
2025,2007,-18,2850,403506,50.0
2025,2008,-17,2850,368702,50.0
2025,2009,-16,2850,332046,50.0
2025,2010,-15,2850,319552,50.0
2025,2011,-14,2850,288418,50.0
2025,2012,-13,2850,281274,50.0
2025,2013,-12,2850,279630,50.0
2025,2014,-11,2850,274161,50.0
2025,2015,-10,2850,274161,50.0
2025,2016,-9,2850,274161,50.0
2025,2017,-8,2850,274161,50.0
2025,2018,-7,2850,207960,50.0
2025,2019,-6,2850,207960,50.0
2025,2020,-5,2850,185173,50.0
2025,2021,-4,2850,182280,50.0
2025,2022,-3,2850,182280,50.0
2025,2023,-2,2850,182280,50.0
2025,2024,-1,2850,172329,50.0
2025,2025,0,2850,170147,50.0
