covariate,treated_mean,control_mean,standardized_mean_difference,treated_missing_share,control_missing_share,buffer_km,covariate_set
base_m2,615019.7304704569,507315.9038688768,0.24493967580571388,0.0,0.0,10,core
forest_loss_pre_years,13.354234307359308,13.0,0.07078310813302591,0.5427824143004202,0.0,10,core
forest_loss_pre_mean_m2,925.5827419103983,1485.3584982986351,-0.14719331414472014,0.5427824143004202,0.0,10,core
forest_loss_pre_sd_m2,1904.5245351832123,2953.7600998457565,-0.14045600790295093,0.5427824143004202,0.0,10,core
forest_loss_pre_total_m2,13527.23619303632,19309.660477882255,-0.11339079933591023,0.5427824143004202,0.0,10,core
forest_loss_pre_trend_m2_per_year,-6.7015513737046275,-4.114846104237497,-0.003299277784014522,0.5930910167312442,0.0,10,core
coca_pre_years,16.141058867086265,13.0,0.6914564539476329,0.9761335671966882,0.8674551366975792,10,core
coca_pre_mean_ha,0.45782574018897637,0.535457130915735,-0.07985330772303609,0.9761335671966882,0.8674551366975792,10,core
elevation_m_mean,840.1987740693828,419.0540302146585,0.47065643205204505,0.0,0.0,10,core
slope_deg_mean,9.691761261909386,6.306003952159925,0.3850070665416702,0.0,0.0,10,core
ruggedness_m_mean,13.119515047368102,8.119398429245345,0.3903634587098692,0.0,0.0,10,core
dmsp_stable_lights_pre_mean,0.9135548329147223,0.8629769110996347,0.01262817084641256,0.5427824143004202,0.0,10,core
dmsp_stable_lights_pre_years,4.5519013179113115,13.0,-2.1207183772070244,0.0,0.0,10,core
viirs_avg_rad_pre_mean,0.2659535458343742,0.15478128873743474,0.05916148507503471,0.7582872012830085,0.0,10,core
viirs_avg_rad_pre_years,2.0296717813230365,2.0,0.010974118937238451,0.0,0.0,10,core
base_m2,615019.7304704569,499580.40718358505,0.2615872710348482,0.0,0.0,25,core
forest_loss_pre_years,13.354234307359308,13.0,0.07078310813302591,0.5427824143004202,0.0,25,core
forest_loss_pre_mean_m2,925.5827419103983,1457.849368989253,-0.13846222655780488,0.5427824143004202,0.0,25,core
forest_loss_pre_sd_m2,1904.5245351832123,2898.842577692119,-0.13166152116607227,0.5427824143004202,0.0,25,core
forest_loss_pre_total_m2,13527.23619303632,18952.041796860285,-0.10530722086391389,0.5427824143004202,0.0,25,core
forest_loss_pre_trend_m2_per_year,-6.7015513737046275,-7.416956017155407,0.0009046951210943188,0.5930910167312442,0.0,25,core
coca_pre_years,16.141058867086265,13.0,0.6914564539476329,0.9761335671966882,0.8644885769747648,25,core
coca_pre_mean_ha,0.45782574018897637,0.5510943132679423,-0.09479044309746214,0.9761335671966882,0.8644885769747648,25,core
elevation_m_mean,840.1987740693828,326.4007046592484,0.6016350166909935,0.0,0.0,25,core
slope_deg_mean,9.691761261909386,5.414129561460448,0.5059142855123716,0.0,0.0,25,core
ruggedness_m_mean,13.119515047368102,6.867647751903612,0.5071180185232027,0.0,0.0,25,core
dmsp_stable_lights_pre_mean,0.9135548329147223,0.6153084658059387,0.08144307320358443,0.5427824143004202,0.0,25,core
dmsp_stable_lights_pre_years,4.5519013179113115,13.0,-2.1207183772070244,0.0,0.0,25,core
viirs_avg_rad_pre_mean,0.2659535458343742,0.11313752875596969,0.09456150324131543,0.7582872012830085,0.0,25,core
viirs_avg_rad_pre_years,2.0296717813230365,2.0,0.010974118937238451,0.0,0.0,25,core
base_m2,615019.7304704569,485296.8055467269,0.29282252852197244,0.0,0.0,50,core
forest_loss_pre_years,13.354234307359308,13.0,0.07078310813302591,0.5427824143004202,0.0,50,core
forest_loss_pre_mean_m2,925.5827419103983,1451.8833666682303,-0.13264839310839813,0.5427824143004202,0.0,50,core
forest_loss_pre_sd_m2,1904.5245351832123,2874.5037291500644,-0.12506583038467203,0.5427824143004202,0.0,50,core
forest_loss_pre_total_m2,13527.23619303632,18874.483766686993,-0.10075248079293926,0.5427824143004202,0.0,50,core
forest_loss_pre_trend_m2_per_year,-6.7015513737046275,-7.405650683872843,0.0008771782059418346,0.5930910167312442,0.0,50,core
coca_pre_years,16.141058867086265,13.0,0.6914564539476329,0.9761335671966882,0.8728719841044564,50,core
coca_pre_mean_ha,0.45782574018897637,0.5546075163783059,-0.0974940645421448,0.9761335671966882,0.8728719841044564,50,core
elevation_m_mean,840.1987740693828,231.9151012144,0.7532123457498135,0.0,0.0,50,core
slope_deg_mean,9.691761261909386,4.345005218388611,0.669037263764929,0.0,0.0,50,core
ruggedness_m_mean,13.119515047368102,5.374612212556691,0.6636186241025654,0.0,0.0,50,core
dmsp_stable_lights_pre_mean,0.9135548329147223,0.417427746143966,0.14006880226073956,0.5427824143004202,0.0,50,core
dmsp_stable_lights_pre_years,4.5519013179113115,13.0,-2.1207183772070244,0.0,0.0,50,core
viirs_avg_rad_pre_mean,0.2659535458343742,0.09246229782486184,0.10885599383311423,0.7582872012830085,0.0,50,core
viirs_avg_rad_pre_years,2.0296717813230365,2.0,0.010974118937238451,0.0,0.0,50,core
