cohort_year,event_time,year,treated_mean_loss_m2,control_mean_loss_m2,difference_m2,n_treated_rows,n_control_rows
2002,-1,2001,86.40027538957855,1526.4241272025763,-1440.0238518129977,7667,11538
2003,-2,2001,5402.907280646108,3135.023380811811,2267.883899834297,93,4830
2003,-1,2002,350.987772505308,885.5612552294043,-534.5734827240963,93,4830
2004,-3,2001,1943.5918491941843,3022.7916430965283,-1079.199793902344,41,5861
2004,-2,2002,134.85015590673197,2080.840489020065,-1945.990333113333,41,5861
2004,-1,2003,279.12500297732464,1117.242722992258,-838.1177200149334,41,5861
2005,-4,2001,570.3558269252491,2528.9631021198243,-1958.6072751945753,1104,15776
2005,-3,2002,1034.6959347617867,1916.0224720243064,-881.3265372625197,1104,15776
2005,-2,2003,515.3497795534256,911.8094123979612,-396.4596328445356,1104,15776
2005,-1,2004,587.0149525080055,2185.069509099191,-1598.0545565911852,1104,15776
2006,-5,2001,3051.778447108265,3818.7229763921223,-766.9445292838573,773,12263
2006,-4,2002,2531.8750338968603,2289.6668395402053,242.20819435665499,773,12263
2006,-3,2003,1015.3261102527619,1560.3392199266368,-545.013109673875,773,12263
2006,-2,2004,2866.5715291313277,3666.301811506882,-799.7302823755545,773,12263
2006,-1,2005,1870.2228134665797,3336.119565857405,-1465.8967523908254,773,12263
2007,-6,2001,737.896090670037,2708.8579343996353,-1970.9618437295983,4207,18294
2007,-5,2002,442.8590416257302,1216.7372524681014,-773.8782108423711,4207,18294
2007,-4,2003,303.53405870016707,872.6332450437964,-569.0991863436293,4207,18294
2007,-3,2004,434.79355906288527,1527.022982009114,-1092.2294229462286,4207,18294
2007,-2,2005,385.52942061322045,1224.23380385091,-838.7043832376894,4207,18294
2007,-1,2006,391.25868671248526,1292.6002210020156,-901.3415342895303,4207,18294
2008,-7,2001,1395.4551846244738,1838.0791567819526,-442.6239721574789,2662,20118
2008,-6,2002,1773.8993005750178,1189.2918852393518,584.607415335666,2662,20118
2008,-5,2003,1462.070212295021,535.0217384594338,927.0484738355873,2662,20118
2008,-4,2004,1658.0958552567524,1618.0975676056764,39.998287651076,2662,20118
2008,-3,2005,1256.0869196606038,1128.2364413597898,127.85047830081407,2662,20118
2008,-2,2006,1168.575057315825,1506.5523495123791,-337.9772921965541,2662,20118
2008,-1,2007,874.3108942277188,1451.955066979974,-577.6441727522551,2662,20118
2009,-8,2001,722.212492528232,1497.5528671750533,-775.3403746468213,11393,25279
2009,-7,2002,574.762498562303,914.7143448208734,-339.9518462585704,11393,25279
2009,-6,2003,308.86895597414303,510.5271396422061,-201.6581836680631,11393,25279
2009,-5,2004,788.4096637600098,1278.32955200484,-489.9198882448302,11393,25279
2009,-4,2005,535.032785511705,945.8975954195142,-410.8648099078092,11393,25279
2009,-3,2006,444.08161056250447,1265.4130410521611,-821.3314304896567,11393,25279
2009,-2,2007,428.7126649359226,979.821749968394,-551.1090850324714,11393,25279
2009,-1,2008,499.2783911896609,919.0350218675181,-419.75663067785723,11393,25279
2010,-8,2002,910.2799337093846,1076.3768824882316,-166.09694877884692,1118,13279
2010,-7,2003,312.87843059133155,834.6915752659459,-521.8131446746143,1118,13279
2010,-6,2004,1159.3741740456926,1555.9921314249725,-396.6179573792799,1118,13279
2010,-5,2005,659.5992239862337,1393.2820843355503,-733.6828603493166,1118,13279
2010,-4,2006,1334.9243703338047,1578.1863903546166,-243.26202002081186,1118,13279
2010,-3,2007,564.1857995784021,1135.5767946664944,-571.3909950880923,1118,13279
2010,-2,2008,826.6227487246094,1552.570717281161,-725.9479685565516,1118,13279
2010,-1,2009,1411.1248968563877,2108.2278426275525,-697.1029457711647,1118,13279
2011,-8,2003,1748.2335600437655,1555.0410781896067,193.1924818541588,12154,43855
2011,-7,2004,3475.1270862989027,2514.5763673104816,960.5507189884211,12154,43855
2011,-6,2005,2349.1964399473845,2267.207099726347,81.98934022103731,12154,43855
2011,-5,2006,2571.8243043738007,2331.3728705812205,240.45143379258025,12154,43855
2011,-4,2007,3015.8207802163606,2308.3308949761927,707.489885240168,12154,43855
2011,-3,2008,1892.1127571479958,2202.8956784515535,-310.7829213035577,12154,43855
2011,-2,2009,2799.1925913755454,2649.069759367729,150.1228320078162,12154,43855
2011,-1,2010,2124.2599564545344,1979.7993768456395,144.46057960889493,12154,43855
2012,-8,2004,949.9207559330115,1541.8660117768168,-591.9452558438053,897,13527
2012,-7,2005,1338.8698676057843,1449.056080884319,-110.18621327853475,897,13527
2012,-6,2006,564.4522068923342,1366.3394533802607,-801.8872464879265,897,13527
2012,-5,2007,779.6507216213461,1360.3646077004878,-580.7138860791417,897,13527
2012,-4,2008,1035.6814800785369,1164.795526491119,-129.11404641258218,897,13527
2012,-3,2009,1282.374303303444,1682.734574490597,-400.3602711871529,897,13527
2012,-2,2010,1183.160499849098,1195.6452717025434,-12.484771853445409,897,13527
2012,-1,2011,622.2857829603239,1507.9138644640502,-885.6280815037263,897,13527
2013,-8,2005,889.7435764670131,1454.8379746506985,-565.0943981836854,1730,17817
2013,-7,2006,1099.1864478276493,1554.866367497777,-455.6799196701277,1730,17817
2013,-6,2007,927.459375978721,1894.1082876413755,-966.6489116626544,1730,17817
2013,-5,2008,1300.7601555889416,1795.441008488121,-494.6808528991794,1730,17817
2013,-4,2009,1113.2735072592473,2190.7975161909853,-1077.524008931738,1730,17817
2013,-3,2010,732.388160043989,1405.961210350625,-673.5730503066359,1730,17817
2013,-2,2011,936.4613238371126,1633.0135376749015,-696.5522138377889,1730,17817
2013,-1,2012,1114.3480205498447,2270.341405615714,-1155.9933850658692,1730,17817
2014,-8,2006,544.9721885772211,1545.6469699414101,-1000.674781364189,368,7182
2014,-7,2007,2705.7935934764346,2175.1283627773932,530.6652306990413,368,7182
2014,-6,2008,1553.0772342385947,1233.8321186427083,319.2451155958863,368,7182
2014,-5,2009,1266.01850789388,2339.6242678361414,-1073.6057599422613,368,7182
2014,-4,2010,490.9942287207666,1257.5545260940537,-766.5602973732871,368,7182
2014,-3,2011,523.5946824739657,1296.9720367281504,-773.3773542541848,368,7182
2014,-2,2012,1064.4499950360155,1710.0107050115137,-645.5607099754982,368,7182
2014,-1,2013,366.99013443773663,962.7912771943097,-595.8011427565731,368,7182
2018,-8,2010,1418.072146360036,1750.5183187459347,-332.44617238589876,11890,162543
2018,-7,2011,1035.443943598072,1895.5663243715494,-860.1223807734773,11890,162543
2018,-6,2012,1254.4454087682811,2109.7986877441604,-855.3532789758792,11890,162543
2018,-5,2013,517.1142038597732,990.8882489222516,-473.7740450624784,11890,162543
2018,-4,2014,882.2935094945092,1526.278094436224,-643.9845849417147,11890,162543
2018,-3,2015,608.4997370427835,1052.7745978625112,-444.2748608197277,11890,162543
2018,-2,2016,937.5925303083602,2420.1890764615496,-1482.5965461531894,11890,162543
2018,-1,2017,1603.108574749978,3427.7573636075367,-1824.6487888575587,11890,162543
2019,-8,2011,2701.745634856047,2390.3817574424725,311.36387741357476,9,4218
2019,-7,2012,2452.812817090269,2083.230734999732,369.58208209053737,9,4218
2019,-6,2013,990.6748250325521,996.1567685468771,-5.481943514324939,9,4218
2019,-5,2014,594.7837727864584,1064.348985593422,-469.5652128069636,9,4218
2019,-4,2015,792.2044926396123,665.6905080188161,126.51398462079624,9,4218
2019,-3,2016,1015.2206472758376,1879.2772625764596,-864.0566153006221,9,4218
2019,-2,2017,3925.7082815797758,5160.643837441732,-1234.9355558619563,9,4218
2019,-1,2018,493.94281684027777,1810.3349201397493,-1316.3921032994715,9,4218
2020,-8,2012,413.6944909407649,2125.8493523766983,-1712.1548614359335,20435,99359
2020,-7,2013,273.1345998297888,1024.7351444940039,-751.600544664215,20435,99359
2020,-6,2014,203.3902612177485,1496.816191011104,-1293.4259297933554,20435,99359
2020,-5,2015,91.18407726892832,962.8788987400718,-871.6948214711435,20435,99359
2020,-4,2016,224.86561519882625,1989.0920591500433,-1764.226443951217,20435,99359
2020,-3,2017,637.7450734977401,4005.3444162409464,-3367.5993427432063,20435,99359
2020,-2,2018,1323.4576733341512,3497.9308698115465,-2174.4731964773955,20435,99359
2020,-1,2019,777.9681864120078,2515.994061327357,-1738.0258749153493,20435,99359
2021,-8,2013,627.8754927546424,775.2484480907727,-147.3729553361303,2119,46661
2021,-7,2014,1175.047012165739,1116.6650850548695,58.38192711086958,2119,46661
2021,-6,2015,886.1161176849486,861.7464437513245,24.369673933624085,2119,46661
2021,-5,2016,1613.2221033278156,1864.4067621220152,-251.18465879419955,2119,46661
2021,-4,2017,3522.2778748517026,3475.0356879864034,47.24218686529912,2119,46661
2021,-3,2018,1793.4026813850148,1665.3228708289967,128.07981055601817,2119,46661
2021,-2,2019,1302.4357049208634,1512.7721141013506,-210.33640918048718,2119,46661
2021,-1,2020,1070.3173734796317,1349.738000667736,-279.4206271881044,2119,46661
2024,-8,2016,1746.2347420559781,1542.2918184010348,203.94292365494334,10865,143885
2024,-7,2017,2544.365823625867,2644.8319965091223,-100.46617288325524,10865,143885
2024,-6,2018,1187.8563056632827,1469.2171528595861,-281.36084719630344,10865,143885
2024,-5,2019,832.7659148347716,1319.3242647305738,-486.55834989580217,10865,143885
2024,-4,2020,903.9880991379641,1228.4128825291407,-324.42478339117656,10865,143885
2024,-3,2021,838.3127616366979,1109.4713651217849,-271.1586034850869,10865,143885
2024,-2,2022,947.9651406053539,1212.7802249710396,-264.8150843656857,10865,143885
2024,-1,2023,1093.5822577629904,1330.328567443666,-236.74630968067572,10865,143885
2025,-8,2017,4966.737384765037,3843.4245714768967,1123.3128132881402,2850,64696
2025,-7,2018,4459.880255378316,2586.8623565099824,1873.0178988683338,2850,64696
2025,-6,2019,3447.3567671242768,2269.5593623062737,1177.797404818003,2850,64696
2025,-5,2020,3655.489584372211,2318.5891470332817,1336.9004373389294,2850,64696
2025,-4,2021,2737.4636568622414,2053.8481307389493,683.615526123292,2850,64696
2025,-3,2022,3029.863629689986,2148.546316880347,881.3173128096387,2850,64696
2025,-2,2023,2289.672984694138,1728.7370001135025,560.9359845806355,2850,64696
2025,-1,2024,1268.6024237431336,1756.0624117884815,-487.4599880453479,2850,64696
