buffer_km,cohort_year,event_time,year,treated_mean_resid_loss_m2,control_mean_resid_loss_m2,difference_resid_m2,n_treated_rows,n_control_rows
10.0,2002,-1,2001,-1490.8297982219563,23.99783838377564,-1514.8276366057319,11294,918544
10.0,2003,-2,2001,4549.840969482763,23.99783838377564,4525.843131098987,93,918544
10.0,2003,-1,2002,-610.0599657227992,-11.578503346465125,-598.4814623763341,93,902158
10.0,2004,-3,2001,717.9838880062154,23.99783838377564,693.9860496224397,41,918544
10.0,2004,-2,2002,-1038.596913505384,-11.578503346465125,-1027.0184101589189,41,902158
10.0,2004,-1,2003,-216.34702392233964,4.225798723095796,-220.57282264543545,41,900701
10.0,2005,-4,2001,-871.3898359704309,23.99783838377564,-895.3876743542065,1104,918544
10.0,2005,-3,2002,-214.44396735405607,-11.578503346465125,-202.86546400759096,1104,902158
10.0,2005,-2,2003,-127.8976136149032,4.225798723095796,-132.12341233799899,1104,900701
10.0,2005,-1,2004,-1006.1855307342603,63.44615528724359,-1069.6316860215038,1104,899883
10.0,2006,-5,2001,1391.0557960449212,23.99783838377564,1367.0579576611456,773,918544
10.0,2006,-4,2002,1241.7309391274289,-11.578503346465125,1253.309442473894,773,902158
10.0,2006,-3,2003,146.62750609270495,4.225798723095796,142.40170736960914,773,900701
10.0,2006,-2,2004,1107.48580745541,63.44615528724359,1044.0396521681664,773,899883
10.0,2006,-1,2005,443.88401279151486,-8.081068195755181,451.96508098727,773,891594
10.0,2007,-6,2001,-639.5657965325884,23.99783838377564,-663.563634916364,4207,918544
10.0,2007,-5,2002,-719.8527398486247,-11.578503346465125,-708.2742365021595,4207,902158
10.0,2007,-4,2003,-356.6183448312704,4.225798723095796,-360.8441435543662,4207,900701
10.0,2007,-3,2004,-1042.18294818705,63.44615528724359,-1105.6291034742935,4207,899883
10.0,2007,-2,2005,-936.1024108380517,-8.081068195755181,-928.0213426422965,4207,891594
10.0,2007,-1,2006,-1010.4341959296713,20.719416508626495,-1031.1536124382978,4207,886527
10.0,2008,-7,2001,-204.9745114865663,23.99783838377564,-228.97234987034196,2662,918544
10.0,2008,-6,2002,523.0154946355378,-11.578503346465125,534.593997982003,2662,902158
10.0,2008,-5,2003,649.8788665835943,4.225798723095796,645.6530678604986,2662,900701
10.0,2008,-4,2004,-60.53072478294971,63.44615528724359,-123.9768800701933,2662,899883
10.0,2008,-3,2005,-154.97761412209033,-8.081068195755181,-146.89654592633514,2662,891594
10.0,2008,-2,2006,-312.5873903567504,20.719416508626495,-333.30680686537687,2662,886527
10.0,2008,-1,2007,-815.360181024239,34.894628075920636,-850.2548091001596,2662,876285
10.0,2009,-8,2001,-902.7639521222254,23.99783838377564,-926.761790506001,14394,918544
10.0,2009,-7,2002,-858.608800237429,-11.578503346465125,-847.0302968909639,14394,902158
10.0,2009,-6,2003,-595.4767862567587,4.225798723095796,-599.7025849798545,14394,900701
10.0,2009,-5,2004,-1039.0104996651123,63.44615528724359,-1102.4566549523558,14394,899883
10.0,2009,-4,2005,-873.5260069469701,-8.081068195755181,-865.444938751215,14394,891594
10.0,2009,-3,2006,-870.7491953587238,20.719416508626495,-891.4686118673503,14394,886527
10.0,2009,-2,2007,-1479.183809287755,34.894628075920636,-1514.0784373636754,14394,876285
10.0,2009,-1,2008,-1369.6815254038959,-32.21464883042782,-1337.466876573468,14394,862609
10.0,2010,-8,2002,-133.2723233329355,-11.578503346465125,-121.69381998647039,1118,902158
10.0,2010,-7,2003,-129.016570337307,4.225798723095796,-133.2423690604028,1118,900701
10.0,2010,-6,2004,13.883643808002045,63.44615528724359,-49.56251147924155,1118,899883
10.0,2010,-5,2005,-545.1985109895616,-8.081068195755181,-537.1174427938064,1118,891594
10.0,2010,-4,2006,27.765522135140383,20.719416508626495,7.046105626513889,1118,886527
10.0,2010,-3,2007,-978.438882539781,34.894628075920636,-1013.3335106157017,1118,876285
10.0,2010,-2,2008,-576.7383077312406,-32.21464883042782,-544.5236589008128,1118,862609
10.0,2010,-1,2009,11.572637591680532,29.780939658963387,-18.208302067282855,1118,836913
10.0,2011,-8,2003,958.2861441165688,4.225798723095796,954.0603453934731,12195,900701
10.0,2011,-7,2004,1773.8254918714,63.44615528724359,1710.3793365841564,12195,899883
10.0,2011,-6,2005,893.518728647361,-8.081068195755181,901.5997968431161,12195,891594
10.0,2011,-5,2006,1087.324090209233,20.719416508626495,1066.6046737006066,12195,886527
10.0,2011,-4,2007,1204.0568518791292,34.894628075920636,1169.1622238032087,12195,876285
10.0,2011,-3,2008,297.0973180667403,-32.21464883042782,329.3119668971681,12195,862609
10.0,2011,-2,2009,1092.3700005302626,29.780939658963387,1062.5890608712991,12195,836913
10.0,2011,-1,2010,605.8389577415154,14.07640008204592,591.7625576594695,12195,830865
10.0,2012,-8,2004,-246.03260614621067,63.44615528724359,-309.4787614334543,897,899883
10.0,2012,-7,2005,232.13063566027137,-8.081068195755181,240.21170385602656,897,891594
10.0,2012,-6,2006,-565.9347778320266,20.719416508626495,-586.6541943406531,897,886527
10.0,2012,-5,2007,-767.3435832558681,34.894628075920636,-802.2382113317888,897,876285
10.0,2012,-4,2008,-379.5688558677826,-32.21464883042782,-347.35420703735474,897,862609
10.0,2012,-3,2009,-62.41705192611289,29.780939658963387,-92.19799158507628,897,836913
10.0,2012,-2,2010,82.41706777719887,14.07640008204592,68.34066769515294,897,830865
10.0,2012,-1,2011,-635.799713450518,44.33494347338137,-680.1346569238993,897,799795
10.0,2013,-8,2005,-373.2305384107783,-8.081068195755181,-365.14947021502314,1730,891594
10.0,2013,-7,2006,-234.89874205013416,20.719416508626495,-255.61815855876065,1730,886527
10.0,2013,-6,2007,-661.8792666297572,34.894628075920636,-696.7738947056779,1730,876285
10.0,2013,-5,2008,-25.29509013397666,-32.21464883042782,6.919558696451158,1730,862609
10.0,2013,-4,2009,-321.7245462984744,29.780939658963387,-351.5054859574378,1730,836913
10.0,2013,-3,2010,-546.1548033946524,14.07640008204592,-560.2312034766983,1730,830865
10.0,2013,-2,2011,-522.4181544173418,44.33494347338137,-566.7530978907232,1730,799795
10.0,2013,-1,2012,-767.148832760946,85.140770978944,-852.28960373989,1730,794329
10.0,2014,-8,2006,-923.53901449579,20.719416508626495,-944.2584310044165,368,886527
10.0,2014,-7,2007,794.3880990967635,34.894628075920636,759.4934710208429,368,876285
10.0,2014,-6,2008,-126.34896459988755,-32.21464883042782,-94.13431576945973,368,862609
10.0,2014,-5,2009,-526.342093599437,29.780939658963387,-556.1230332584004,368,836913
10.0,2014,-4,2010,-979.1146189478527,14.07640008204592,-993.1910190298986,368,830865
10.0,2014,-3,2011,-716.5300101662466,44.33494347338137,-760.864953639628,368,799795
10.0,2014,-2,2012,-611.1773240549095,85.140770978944,-696.3180950338535,368,794329
10.0,2014,-1,2013,-563.2733315274199,-39.82525783540748,-523.4480736920125,368,787461
10.0,2018,-8,2010,70.723822574734,14.07640008204592,56.64742249268808,11890,830865
10.0,2018,-7,2011,-498.92395682995084,44.33494347338137,-543.2589003033322,11890,799795
10.0,2018,-6,2012,-611.9952126769183,85.140770978944,-697.1359836558623,11890,794329
10.0,2018,-5,2013,-671.3212866971764,-39.82525783540748,-631.496028861769,11890,787461
10.0,2018,-4,2014,-771.0802085219512,-49.02908053948342,-722.0511279824678,11890,785348
10.0,2018,-3,2015,-499.20249292157496,-65.85829915877956,-433.3441937627954,11890,785348
10.0,2018,-2,2016,-967.2966499196117,-11.877894904308308,-955.4187550153034,11890,785348
10.0,2018,-1,2017,-2468.2670137158175,-164.0622138442326,-2304.204799871585,11890,785348
10.0,2019,-8,2011,1153.1916466712214,44.33494347338137,1108.85670319784,9,799795
10.0,2019,-7,2012,517.6908576123766,85.140770978944,432.55008663343256,9,794329
10.0,2019,-6,2013,-183.94090705159047,-39.82525783540748,-144.115649216183,9,787461
10.0,2019,-5,2014,-1048.308895053002,-49.02908053948342,-999.2798145135187,9,785348
10.0,2019,-4,2015,-328.2242257264798,-65.85829915877956,-262.3659265677002,9,785348
10.0,2019,-3,2016,-859.8684027803414,-11.877894904308308,-847.9905078760331,9,785348
10.0,2019,-2,2017,-221.2782187237804,-164.0622138442326,-57.216004879547825,9,785348
10.0,2019,-1,2018,-4103.776806647276,-283.61986066295714,-3820.156945984319,9,735060
10.0,2020,-8,2012,-1130.9104553718712,85.140770978944,-1216.051226350815,24879,794329
10.0,2020,-7,2013,-919.1791291254076,-39.82525783540748,-879.3538712900001,24879,787461
10.0,2020,-6,2014,-1407.6341380509584,-49.02908053948342,-1358.605057511475,24879,785348
10.0,2020,-5,2015,-992.681275384369,-65.85829915877956,-926.8229762255894,24879,785348
10.0,2020,-4,2016,-1835.470156185977,-11.877894904308308,-1823.5922612816687,24879,785348
10.0,2020,-3,2017,-2789.9936965924408,-164.0622138442326,-2625.931482748208,24879,785348
10.0,2020,-2,2018,-2391.8924625764835,-283.61986066295714,-2108.272601913526,24879,735060
10.0,2020,-1,2019,-1675.40120224867,-130.19643508060162,-1545.2047671680684,24879,735054
10.0,2021,-8,2013,-586.6006517451996,-39.82525783540748,-546.7753939097921,2119,787461
10.0,2021,-7,2014,-550.9725318042273,-49.02908053948342,-501.9434512647439,2119,785348
10.0,2021,-6,2015,-358.76728975564015,-65.85829915877956,-292.9089905968606,2119,785348
10.0,2021,-5,2016,-474.3231558298949,-11.877894904308308,-462.4452609255866,2119,785348
10.0,2021,-4,2017,-711.9643763059586,-164.0622138442326,-547.902162461726,2119,785348
10.0,2021,-3,2018,-2482.1017431049327,-283.61986066295714,-2198.4818824419754,2119,735060
10.0,2021,-2,2019,-1501.9826802206453,-130.19643508060162,-1371.7862451400438,2119,735054
10.0,2021,-1,2020,-2553.8875464175517,-79.18743067803099,-2474.7001157395207,2119,691507
10.0,2024,-8,2016,-187.55862367748782,-11.877894904308308,-175.6807287731795,10865,785348
10.0,2024,-7,2017,-1118.2875622650315,-164.0622138442326,-954.2253484207989,10865,785348
10.0,2024,-6,2018,-2159.398470129623,-283.61986066295714,-1875.778609466666,10865,735060
10.0,2024,-5,2019,-1549.333642449876,-130.19643508060162,-1419.1372073692744,10865,735054
10.0,2024,-4,2020,-2039.2327407132343,-79.18743067803099,-1960.0453100352033,10865,691507
10.0,2024,-3,2021,-1758.8029212804229,42.25981601277815,-1801.062737293201,10865,680129
10.0,2024,-2,2022,-1383.6763508672411,99.79816203380754,-1483.4745129010487,10865,680129
10.0,2024,-1,2023,-588.3830456305415,70.85697439813698,-659.2400200286785,10865,680129
10.0,2025,-8,2017,457.3648206317055,-164.0622138442326,621.4270344759382,2850,785348
10.0,2025,-7,2018,700.3370183853682,-283.61986066295714,983.9568790483254,2850,735060
10.0,2025,-6,2019,626.8070979288616,-130.19643508060162,757.0035330094632,2850,735054
10.0,2025,-5,2020,143.84445713977183,-79.18743067803099,223.03188781780284,2850,691507
10.0,2025,-4,2021,-408.10340080887823,42.25981601277815,-450.3632168216564,2850,680129
10.0,2025,-3,2022,184.70826854634458,99.79816203380754,84.91010651253704,2850,680129
10.0,2025,-2,2023,192.67848807920637,70.85697439813698,121.82151368106939,2850,680129
10.0,2025,-1,2024,-652.3049862610127,163.10521117834952,-815.4101974393623,2850,640919
25.0,2002,-1,2001,-1490.8297982219563,1.6136490201200565e-13,-1490.8297982219565,11294,738756
25.0,2003,-2,2001,4549.840969482763,1.6136490201200565e-13,4549.840969482763,93,738756
25.0,2003,-1,2002,-610.0599657227992,8.295728697281081e-14,-610.0599657227993,93,718498
25.0,2004,-3,2001,717.9838880062154,1.6136490201200565e-13,717.9838880062152,41,738756
25.0,2004,-2,2002,-1038.596913505384,8.295728697281081e-14,-1038.596913505384,41,718498
25.0,2004,-1,2003,-216.34702392233964,-4.1705601532205006e-14,-216.34702392233962,41,714588
25.0,2005,-4,2001,-871.3898359704309,1.6136490201200565e-13,-871.389835970431,1104,738756
25.0,2005,-3,2002,-214.44396735405607,8.295728697281081e-14,-214.44396735405616,1104,718498
25.0,2005,-2,2003,-127.8976136149032,-4.1705601532205006e-14,-127.89761361490315,1104,714588
25.0,2005,-1,2004,-1006.1855307342603,1.6720779075797472e-13,-1006.1855307342604,1104,712941
25.0,2006,-5,2001,1391.0557960449212,1.6136490201200565e-13,1391.055796044921,773,738756
25.0,2006,-4,2002,1241.7309391274289,8.295728697281081e-14,1241.7309391274289,773,718498
25.0,2006,-3,2003,146.62750609270495,-4.1705601532205006e-14,146.62750609270498,773,714588
25.0,2006,-2,2004,1107.48580745541,1.6720779075797472e-13,1107.4858074554097,773,712941
25.0,2006,-1,2005,443.88401279151486,3.872381639371889e-13,443.88401279151446,773,692651
25.0,2007,-6,2001,-639.5657965325884,1.6136490201200565e-13,-639.5657965325885,4207,738756
25.0,2007,-5,2002,-719.8527398486247,8.295728697281081e-14,-719.8527398486248,4207,718498
25.0,2007,-4,2003,-356.6183448312704,-4.1705601532205006e-14,-356.61834483127035,4207,714588
25.0,2007,-3,2004,-1042.18294818705,1.6720779075797472e-13,-1042.1829481870502,4207,712941
25.0,2007,-2,2005,-936.1024108380517,3.872381639371889e-13,-936.102410838052,4207,692651
25.0,2007,-1,2006,-1010.4341959296713,-2.626356908868579e-13,-1010.4341959296711,4207,680844
25.0,2008,-7,2001,-204.9745114865663,1.6136490201200565e-13,-204.97451148656648,2662,738756
25.0,2008,-6,2002,523.0154946355378,8.295728697281081e-14,523.0154946355377,2662,718498
25.0,2008,-5,2003,649.8788665835943,-4.1705601532205006e-14,649.8788665835943,2662,714588
25.0,2008,-4,2004,-60.53072478294971,1.6720779075797472e-13,-60.53072478294988,2662,712941
25.0,2008,-3,2005,-154.97761412209033,3.872381639371889e-13,-154.97761412209073,2662,692651
25.0,2008,-2,2006,-312.5873903567504,-2.626356908868579e-13,-312.5873903567501,2662,680844
25.0,2008,-1,2007,-815.360181024239,2.6855068172641786e-13,-815.3601810242392,2662,665848
25.0,2009,-8,2001,-902.7639521222254,1.6136490201200565e-13,-902.7639521222255,14394,738756
25.0,2009,-7,2002,-858.608800237429,8.295728697281081e-14,-858.6088002374291,14394,718498
25.0,2009,-6,2003,-595.4767862567587,-4.1705601532205006e-14,-595.4767862567587,14394,714588
25.0,2009,-5,2004,-1039.0104996651123,1.6720779075797472e-13,-1039.0104996651125,14394,712941
25.0,2009,-4,2005,-873.5260069469701,3.872381639371889e-13,-873.5260069469705,14394,692651
25.0,2009,-3,2006,-870.7491953587238,-2.626356908868579e-13,-870.7491953587236,14394,680844
25.0,2009,-2,2007,-1479.183809287755,2.6855068172641786e-13,-1479.1838092877551,14394,665848
25.0,2009,-1,2008,-1369.6815254038959,4.669717267158356e-13,-1369.6815254038963,14394,638204
25.0,2010,-8,2002,-133.2723233329355,8.295728697281081e-14,-133.2723233329356,1118,718498
25.0,2010,-7,2003,-129.016570337307,-4.1705601532205006e-14,-129.01657033730697,1118,714588
25.0,2010,-6,2004,13.883643808002045,1.6720779075797472e-13,13.883643808001878,1118,712941
25.0,2010,-5,2005,-545.1985109895616,3.872381639371889e-13,-545.1985109895619,1118,692651
25.0,2010,-4,2006,27.765522135140383,-2.626356908868579e-13,27.765522135140646,1118,680844
25.0,2010,-3,2007,-978.438882539781,2.6855068172641786e-13,-978.4388825397813,1118,665848
25.0,2010,-2,2008,-576.7383077312406,4.669717267158356e-13,-576.7383077312411,1118,638204
25.0,2010,-1,2009,11.572637591680532,1.8881444153400978e-12,11.572637591678644,1118,599789
25.0,2011,-8,2003,958.2861441165688,-4.1705601532205006e-14,958.2861441165688,12195,714588
25.0,2011,-7,2004,1773.8254918714,1.6720779075797472e-13,1773.8254918713997,12195,712941
25.0,2011,-6,2005,893.518728647361,3.872381639371889e-13,893.5187286473606,12195,692651
25.0,2011,-5,2006,1087.324090209233,-2.626356908868579e-13,1087.3240902092332,12195,680844
25.0,2011,-4,2007,1204.0568518791292,2.6855068172641786e-13,1204.056851879129,12195,665848
25.0,2011,-3,2008,297.0973180667403,4.669717267158356e-13,297.09731806673983,12195,638204
25.0,2011,-2,2009,1092.3700005302626,1.8881444153400978e-12,1092.3700005302608,12195,599789
25.0,2011,-1,2010,605.8389577415154,2.023531730660079e-13,605.8389577415152,12195,589115
25.0,2012,-8,2004,-246.03260614621067,1.6720779075797472e-13,-246.03260614621084,897,712941
25.0,2012,-7,2005,232.13063566027137,3.872381639371889e-13,232.13063566027097,897,692651
25.0,2012,-6,2006,-565.9347778320266,-2.626356908868579e-13,-565.9347778320264,897,680844
25.0,2012,-5,2007,-767.3435832558681,2.6855068172641786e-13,-767.3435832558683,897,665848
25.0,2012,-4,2008,-379.5688558677826,4.669717267158356e-13,-379.56885586778304,897,638204
25.0,2012,-3,2009,-62.41705192611289,1.8881444153400978e-12,-62.41705192611478,897,599789
25.0,2012,-2,2010,82.41706777719887,2.023531730660079e-13,82.41706777719867,897,589115
25.0,2012,-1,2011,-635.799713450518,2.1713421482732845e-13,-635.7997134505182,897,549012
25.0,2013,-8,2005,-373.2305384107783,3.872381639371889e-13,-373.2305384107787,1730,692651
25.0,2013,-7,2006,-234.89874205013416,-2.626356908868579e-13,-234.8987420501339,1730,680844
25.0,2013,-6,2007,-661.8792666297572,2.6855068172641786e-13,-661.8792666297575,1730,665848
25.0,2013,-5,2008,-25.29509013397666,4.669717267158356e-13,-25.295090133977126,1730,638204
25.0,2013,-4,2009,-321.7245462984744,1.8881444153400978e-12,-321.7245462984763,1730,599789
25.0,2013,-3,2010,-546.1548033946524,2.023531730660079e-13,-546.1548033946526,1730,589115
25.0,2013,-2,2011,-522.4181544173418,2.1713421482732845e-13,-522.4181544173421,1730,549012
25.0,2013,-1,2012,-767.148832760946,5.520655904269526e-13,-767.1488327609466,1730,539833
25.0,2014,-8,2006,-923.53901449579,-2.626356908868579e-13,-923.5390144957897,368,680844
25.0,2014,-7,2007,794.3880990967635,2.6855068172641786e-13,794.3880990967633,368,665848
25.0,2014,-6,2008,-126.34896459988755,4.669717267158356e-13,-126.34896459988802,368,638204
25.0,2014,-5,2009,-526.342093599437,1.8881444153400978e-12,-526.342093599439,368,599789
25.0,2014,-4,2010,-979.1146189478527,2.023531730660079e-13,-979.1146189478529,368,589115
25.0,2014,-3,2011,-716.5300101662466,2.1713421482732845e-13,-716.5300101662468,368,549012
25.0,2014,-2,2012,-611.1773240549095,5.520655904269526e-13,-611.1773240549101,368,539833
25.0,2014,-1,2013,-563.2733315274199,-2.796470565002112e-13,-563.2733315274197,368,532856
25.0,2018,-8,2010,70.723822574734,2.023531730660079e-13,70.7238225747338,11890,589115
25.0,2018,-7,2011,-498.92395682995084,2.1713421482732845e-13,-498.92395682995107,11890,549012
25.0,2018,-6,2012,-611.9952126769183,5.520655904269526e-13,-611.9952126769189,11890,539833
25.0,2018,-5,2013,-671.3212866971764,-2.796470565002112e-13,-671.3212866971762,11890,532856
25.0,2018,-4,2014,-771.0802085219512,-1.2406355822912824e-12,-771.08020852195,11890,528480
25.0,2018,-3,2015,-499.20249292157496,-7.894953705489978e-13,-499.20249292157416,11890,528480
25.0,2018,-2,2016,-967.2966499196117,-3.3835515880671336e-13,-967.2966499196114,11890,528480
25.0,2018,-1,2017,-2468.2670137158175,-1.804560846969138e-12,-2468.2670137158157,11890,528480
25.0,2019,-8,2011,1153.1916466712214,2.1713421482732845e-13,1153.1916466712212,9,549012
25.0,2019,-7,2012,517.6908576123766,5.520655904269526e-13,517.690857612376,9,539833
25.0,2019,-6,2013,-183.94090705159047,-2.796470565002112e-13,-183.9409070515902,9,532856
25.0,2019,-5,2014,-1048.308895053002,-1.2406355822912824e-12,-1048.308895053001,9,528480
25.0,2019,-4,2015,-328.2242257264798,-7.894953705489978e-13,-328.224225726479,9,528480
25.0,2019,-3,2016,-859.8684027803414,-3.3835515880671336e-13,-859.8684027803411,9,528480
25.0,2019,-2,2017,-221.2782187237804,-1.804560846969138e-12,-221.27821872377862,9,528480
25.0,2019,-1,2018,-4103.776806647276,0.0,-4103.776806647276,9,452812
25.0,2020,-8,2012,-1130.9104553718712,5.520655904269526e-13,-1130.9104553718716,24879,539833
25.0,2020,-7,2013,-919.1791291254076,-2.796470565002112e-13,-919.1791291254074,24879,532856
25.0,2020,-6,2014,-1407.6341380509584,-1.2406355822912824e-12,-1407.6341380509573,24879,528480
25.0,2020,-5,2015,-992.681275384369,-7.894953705489978e-13,-992.6812753843682,24879,528480
25.0,2020,-4,2016,-1835.470156185977,-3.3835515880671336e-13,-1835.4701561859767,24879,528480
25.0,2020,-3,2017,-2789.9936965924408,-1.804560846969138e-12,-2789.993696592439,24879,528480
25.0,2020,-2,2018,-2391.8924625764835,0.0,-2391.8924625764835,24879,452812
25.0,2020,-1,2019,-1675.40120224867,-6.581610555306686e-14,-1675.40120224867,24879,452812
25.0,2021,-8,2013,-586.6006517451996,-2.796470565002112e-13,-586.6006517451993,2119,532856
25.0,2021,-7,2014,-550.9725318042273,-1.2406355822912824e-12,-550.972531804226,2119,528480
25.0,2021,-6,2015,-358.76728975564015,-7.894953705489978e-13,-358.76728975563935,2119,528480
25.0,2021,-5,2016,-474.3231558298949,-3.3835515880671336e-13,-474.3231558298946,2119,528480
25.0,2021,-4,2017,-711.9643763059586,-1.804560846969138e-12,-711.9643763059568,2119,528480
25.0,2021,-3,2018,-2482.1017431049327,0.0,-2482.1017431049327,2119,452812
25.0,2021,-2,2019,-1501.9826802206453,-6.581610555306686e-14,-1501.9826802206453,2119,452812
25.0,2021,-1,2020,-2553.8875464175517,-7.205625362718222e-14,-2553.8875464175517,2119,413598
25.0,2024,-8,2016,-187.55862367748782,-3.3835515880671336e-13,-187.55862367748747,10865,528480
25.0,2024,-7,2017,-1118.2875622650315,-1.804560846969138e-12,-1118.2875622650297,10865,528480
25.0,2024,-6,2018,-2159.398470129623,0.0,-2159.398470129623,10865,452812
25.0,2024,-5,2019,-1549.333642449876,-6.581610555306686e-14,-1549.333642449876,10865,452812
25.0,2024,-4,2020,-2039.2327407132343,-7.205625362718222e-14,-2039.2327407132343,10865,413598
25.0,2024,-3,2021,-1758.8029212804229,-4.817525161836324e-13,-1758.8029212804224,10865,402105
25.0,2024,-2,2022,-1383.6763508672411,-3.705788586027942e-13,-1383.6763508672407,10865,402105
25.0,2024,-1,2023,-588.3830456305415,3.335209727425148e-13,-588.3830456305418,10865,402105
25.0,2025,-8,2017,457.3648206317055,-1.804560846969138e-12,457.36482063170735,2850,528480
25.0,2025,-7,2018,700.3370183853682,0.0,700.3370183853682,2850,452812
25.0,2025,-6,2019,626.8070979288616,-6.581610555306686e-14,626.8070979288617,2850,452812
25.0,2025,-5,2020,143.84445713977183,-7.205625362718222e-14,143.84445713977192,2850,413598
25.0,2025,-4,2021,-408.10340080887823,-4.817525161836324e-13,-408.1034008088778,2850,402105
25.0,2025,-3,2022,184.70826854634458,-3.705788586027942e-13,184.70826854634495,2850,402105
25.0,2025,-2,2023,192.67848807920637,3.335209727425148e-13,192.67848807920603,2850,402105
25.0,2025,-1,2024,-652.3049862610127,5.210728786697391e-13,-652.3049862610133,2850,371762
50.0,2002,-1,2001,-1490.8297982219563,-65.65642898245062,-1425.1733692395055,11294,484014
50.0,2003,-2,2001,4549.840969482763,-65.65642898245062,4615.497398465214,93,484014
50.0,2003,-1,2002,-610.0599657227992,19.73858118560437,-629.7985469084036,93,466213
50.0,2004,-3,2001,717.9838880062154,-65.65642898245062,783.640316988666,41,484014
50.0,2004,-2,2002,-1038.596913505384,19.73858118560437,-1058.3354946909883,41,466213
50.0,2004,-1,2003,-216.34702392233964,5.865950351651726,-222.21297427399136,41,463576
50.0,2005,-4,2001,-871.3898359704309,-65.65642898245062,-805.7334069879803,1104,484014
50.0,2005,-3,2002,-214.44396735405607,19.73858118560437,-234.18254853966044,1104,466213
50.0,2005,-2,2003,-127.8976136149032,5.865950351651726,-133.76356396655493,1104,463576
50.0,2005,-1,2004,-1006.1855307342603,-14.224715515874815,-991.9608152183855,1104,463572
50.0,2006,-5,2001,1391.0557960449212,-65.65642898245062,1456.712225027372,773,484014
50.0,2006,-4,2002,1241.7309391274289,19.73858118560437,1221.9923579418246,773,466213
50.0,2006,-3,2003,146.62750609270495,5.865950351651726,140.76155574105323,773,463576
50.0,2006,-2,2004,1107.48580745541,-14.224715515874815,1121.7105229712847,773,463572
50.0,2006,-1,2005,443.88401279151486,43.67683038962547,400.2071824018894,773,435516
50.0,2007,-6,2001,-639.5657965325884,-65.65642898245062,-573.9093675501377,4207,484014
50.0,2007,-5,2002,-719.8527398486247,19.73858118560437,-739.591321034229,4207,466213
50.0,2007,-4,2003,-356.6183448312704,5.865950351651726,-362.48429518292215,4207,463576
50.0,2007,-3,2004,-1042.18294818705,-14.224715515874815,-1027.9582326711752,4207,463572
50.0,2007,-2,2005,-936.1024108380517,43.67683038962547,-979.7792412276772,4207,435516
50.0,2007,-1,2006,-1010.4341959296713,-114.22604742822985,-896.2081485014414,4207,418997
50.0,2008,-7,2001,-204.9745114865663,-65.65642898245062,-139.3180825041157,2662,484014
50.0,2008,-6,2002,523.0154946355378,19.73858118560437,503.2769134499335,2662,466213
50.0,2008,-5,2003,649.8788665835943,5.865950351651726,644.0129162319427,2662,463576
50.0,2008,-4,2004,-60.53072478294971,-14.224715515874815,-46.3060092670749,2662,463572
50.0,2008,-3,2005,-154.97761412209033,43.67683038962547,-198.6544445117158,2662,435516
50.0,2008,-2,2006,-312.5873903567504,-114.22604742822985,-198.36134292852057,2662,418997
50.0,2008,-1,2007,-815.360181024239,20.498069986959738,-835.8582510111987,2662,403506
50.0,2009,-8,2001,-902.7639521222254,-65.65642898245062,-837.1075231397748,14394,484014
50.0,2009,-7,2002,-858.608800237429,19.73858118560437,-878.3473814230334,14394,466213
50.0,2009,-6,2003,-595.4767862567587,5.865950351651726,-601.3427366084104,14394,463576
50.0,2009,-5,2004,-1039.0104996651123,-14.224715515874815,-1024.7857841492375,14394,463572
50.0,2009,-4,2005,-873.5260069469701,43.67683038962547,-917.2028373365956,14394,435516
50.0,2009,-3,2006,-870.7491953587238,-114.22604742822985,-756.5231479304939,14394,418997
50.0,2009,-2,2007,-1479.183809287755,20.498069986959738,-1499.6818792747147,14394,403506
50.0,2009,-1,2008,-1369.6815254038959,8.651575064045987,-1378.333100467942,14394,368702
50.0,2010,-8,2002,-133.2723233329355,19.73858118560437,-153.0109045185399,1118,466213
50.0,2010,-7,2003,-129.016570337307,5.865950351651726,-134.88252068895872,1118,463576
50.0,2010,-6,2004,13.883643808002045,-14.224715515874815,28.10835932387686,1118,463572
50.0,2010,-5,2005,-545.1985109895616,43.67683038962547,-588.875341379187,1118,435516
50.0,2010,-4,2006,27.765522135140383,-114.22604742822985,141.99156956337023,1118,418997
50.0,2010,-3,2007,-978.438882539781,20.498069986959738,-998.9369525267408,1118,403506
50.0,2010,-2,2008,-576.7383077312406,8.651575064045987,-585.3898827952867,1118,368702
50.0,2010,-1,2009,11.572637591680532,-107.39542321949745,118.96806081117798,1118,332046
50.0,2011,-8,2003,958.2861441165688,5.865950351651726,952.4201937649171,12195,463576
50.0,2011,-7,2004,1773.8254918714,-14.224715515874815,1788.0502073872747,12195,463572
50.0,2011,-6,2005,893.518728647361,43.67683038962547,849.8418982577355,12195,435516
50.0,2011,-5,2006,1087.324090209233,-114.22604742822985,1201.5501376374627,12195,418997
50.0,2011,-4,2007,1204.0568518791292,20.498069986959738,1183.5587818921695,12195,403506
50.0,2011,-3,2008,297.0973180667403,8.651575064045987,288.4457430026943,12195,368702
50.0,2011,-2,2009,1092.3700005302626,-107.39542321949745,1199.76542374976,12195,332046
50.0,2011,-1,2010,605.8389577415154,-72.7887287327792,678.6276864742946,12195,319552
50.0,2012,-8,2004,-246.03260614621067,-14.224715515874815,-231.80789063033586,897,463572
50.0,2012,-7,2005,232.13063566027137,43.67683038962547,188.4538052706459,897,435516
50.0,2012,-6,2006,-565.9347778320266,-114.22604742822985,-451.7087304037968,897,418997
50.0,2012,-5,2007,-767.3435832558681,20.498069986959738,-787.8416532428279,897,403506
50.0,2012,-4,2008,-379.5688558677826,8.651575064045987,-388.22043093182856,897,368702
50.0,2012,-3,2009,-62.41705192611289,-107.39542321949745,44.978371293384555,897,332046
50.0,2012,-2,2010,82.41706777719887,-72.7887287327792,155.2057965099781,897,319552
50.0,2012,-1,2011,-635.799713450518,-42.275690641937224,-593.5240228085808,897,288418
50.0,2013,-8,2005,-373.2305384107783,43.67683038962547,-416.9073688004038,1730,435516
50.0,2013,-7,2006,-234.89874205013416,-114.22604742822985,-120.67269462190431,1730,418997
50.0,2013,-6,2007,-661.8792666297572,20.498069986959738,-682.377336616717,1730,403506
50.0,2013,-5,2008,-25.29509013397666,8.651575064045987,-33.94666519802265,1730,368702
50.0,2013,-4,2009,-321.7245462984744,-107.39542321949745,-214.32912307897698,1730,332046
50.0,2013,-3,2010,-546.1548033946524,-72.7887287327792,-473.3660746618732,1730,319552
50.0,2013,-2,2011,-522.4181544173418,-42.275690641937224,-480.1424637754046,1730,288418
50.0,2013,-1,2012,-767.148832760946,-109.76528442901181,-657.3835483319342,1730,281274
50.0,2014,-8,2006,-923.53901449579,-114.22604742822985,-809.3129670675601,368,418997
50.0,2014,-7,2007,794.3880990967635,20.498069986959738,773.8900291098038,368,403506
50.0,2014,-6,2008,-126.34896459988755,8.651575064045987,-135.00053966393355,368,368702
50.0,2014,-5,2009,-526.342093599437,-107.39542321949745,-418.9466703799396,368,332046
50.0,2014,-4,2010,-979.1146189478527,-72.7887287327792,-906.3258902150735,368,319552
50.0,2014,-3,2011,-716.5300101662466,-42.275690641937224,-674.2543195243094,368,288418
50.0,2014,-2,2012,-611.1773240549095,-109.76528442901181,-501.4120396258977,368,281274
50.0,2014,-1,2013,-563.2733315274199,64.60133282084904,-627.874664348269,368,279630
50.0,2018,-8,2010,70.723822574734,-72.7887287327792,143.5125513075132,11890,319552
50.0,2018,-7,2011,-498.92395682995084,-42.275690641937224,-456.6482661880136,11890,288418
50.0,2018,-6,2012,-611.9952126769183,-109.76528442901181,-502.2299282479065,11890,281274
50.0,2018,-5,2013,-671.3212866971764,64.60133282084904,-735.9226195180255,11890,279630
50.0,2018,-4,2014,-771.0802085219512,75.68880369176694,-846.7690122137182,11890,274161
50.0,2018,-3,2015,-499.20249292157496,-21.561586213389898,-477.64090670818507,11890,274161
50.0,2018,-2,2016,-967.2966499196117,-220.65488085592068,-746.6417690636911,11890,274161
50.0,2018,-1,2017,-2468.2670137158175,-94.68096235421284,-2373.586051361605,11890,274161
50.0,2019,-8,2011,1153.1916466712214,-42.275690641937224,1195.4673373131586,9,288418
50.0,2019,-7,2012,517.6908576123766,-109.76528442901181,627.4561420413884,9,281274
50.0,2019,-6,2013,-183.94090705159047,64.60133282084904,-248.5422398724395,9,279630
50.0,2019,-5,2014,-1048.308895053002,75.68880369176694,-1123.997698744769,9,274161
50.0,2019,-4,2015,-328.2242257264798,-21.561586213389898,-306.6626395130899,9,274161
50.0,2019,-3,2016,-859.8684027803414,-220.65488085592068,-639.2135219244208,9,274161
50.0,2019,-2,2017,-221.2782187237804,-94.68096235421284,-126.59725636956757,9,274161
50.0,2019,-1,2018,-4103.776806647276,-126.73459032587814,-3977.042216321398,9,207960
50.0,2020,-8,2012,-1130.9104553718712,-109.76528442901181,-1021.1451709428594,24879,281274
50.0,2020,-7,2013,-919.1791291254076,64.60133282084904,-983.7804619462567,24879,279630
50.0,2020,-6,2014,-1407.6341380509584,75.68880369176694,-1483.3229417427253,24879,274161
50.0,2020,-5,2015,-992.681275384369,-21.561586213389898,-971.1196891709791,24879,274161
50.0,2020,-4,2016,-1835.470156185977,-220.65488085592068,-1614.8152753300562,24879,274161
50.0,2020,-3,2017,-2789.9936965924408,-94.68096235421284,-2695.312734238228,24879,274161
50.0,2020,-2,2018,-2391.8924625764835,-126.73459032587814,-2265.157872250605,24879,207960
50.0,2020,-1,2019,-1675.40120224867,-156.39575413922537,-1519.0054481094446,24879,207960
50.0,2021,-8,2013,-586.6006517451996,64.60133282084904,-651.2019845660486,2119,279630
50.0,2021,-7,2014,-550.9725318042273,75.68880369176694,-626.6613354959942,2119,274161
50.0,2021,-6,2015,-358.76728975564015,-21.561586213389898,-337.20570354225026,2119,274161
50.0,2021,-5,2016,-474.3231558298949,-220.65488085592068,-253.66827497397423,2119,274161
50.0,2021,-4,2017,-711.9643763059586,-94.68096235421284,-617.2834139517457,2119,274161
50.0,2021,-3,2018,-2482.1017431049327,-126.73459032587814,-2355.3671527790543,2119,207960
50.0,2021,-2,2019,-1501.9826802206453,-156.39575413922537,-1345.58692608142,2119,207960
50.0,2021,-1,2020,-2553.8875464175517,-441.3207692953974,-2112.5667771221542,2119,185173
50.0,2024,-8,2016,-187.55862367748782,-220.65488085592068,33.096257178432865,10865,274161
50.0,2024,-7,2017,-1118.2875622650315,-94.68096235421284,-1023.6065999108187,10865,274161
50.0,2024,-6,2018,-2159.398470129623,-126.73459032587814,-2032.663879803745,10865,207960
50.0,2024,-5,2019,-1549.333642449876,-156.39575413922537,-1392.9378883106506,10865,207960
50.0,2024,-4,2020,-2039.2327407132343,-441.3207692953974,-1597.9119714178369,10865,185173
50.0,2024,-3,2021,-1758.8029212804229,-375.7025019896404,-1383.1004192907826,10865,182280
50.0,2024,-2,2022,-1383.6763508672411,-485.4821571910508,-898.1941936761903,10865,182280
50.0,2024,-1,2023,-588.3830456305415,-278.9089924617341,-309.47405316880736,10865,182280
50.0,2025,-8,2017,457.3648206317055,-94.68096235421284,552.0457829859183,2850,274161
50.0,2025,-7,2018,700.3370183853682,-126.73459032587814,827.0716087112463,2850,207960
50.0,2025,-6,2019,626.8070979288616,-156.39575413922537,783.2028520680869,2850,207960
50.0,2025,-5,2020,143.84445713977183,-441.3207692953974,585.1652264351692,2850,185173
50.0,2025,-4,2021,-408.10340080887823,-375.7025019896404,-32.40089881923785,2850,182280
50.0,2025,-3,2022,184.70826854634458,-485.4821571910508,670.1904257373953,2850,182280
50.0,2025,-2,2023,192.67848807920637,-278.9089924617341,471.5874805409405,2850,182280
50.0,2025,-1,2024,-652.3049862610127,-283.6225895518351,-368.68239670917757,2850,172329
