year,treated_cumulative,not_yet_but_future_treated,never_treated_clean_control
2001,122855,103488,933675
2002,134149,92194,933675
2003,134242,92101,933675
2004,134283,92060,933675
2005,135387,90956,933675
2006,136160,90183,933675
2007,140367,85976,933675
2008,143029,83314,933675
2009,157423,68920,933675
2010,158541,67802,933675
2011,170736,55607,933675
2012,171633,54710,933675
2013,173363,52980,933675
2014,173731,52612,933675
2015,173731,52612,933675
2016,173731,52612,933675
2017,173731,52612,933675
2018,185621,40722,933675
2019,185630,40713,933675
2020,210509,15834,933675
2021,212628,13715,933675
2022,212628,13715,933675
2023,212628,13715,933675
2024,223493,2850,933675
2025,226343,0,933675
