lag_km,semivariance,n_pairs
2.5,5.96550777785775,49987
7.5,3.658147548788737,130356
12.5,3.182912935571058,208656
17.5,2.4176021487627617,267485
22.5,2.280120016595755,324482
27.5,1.986879650296074,376556
32.5,2.0457403916860115,424738
37.5,2.0744647516761385,463254
42.5,2.0521573538436346,517052
47.5,2.3284638304261547,552233
52.5,2.7535328988808327,593991
57.5,2.7674918760229046,625609
62.5,3.3861480666327313,655516
67.5,2.7530235278728545,694322
72.5,3.2715955056936283,719806
77.5,3.0532440509234116,743908
82.5,3.544046831435676,768979
87.5,3.527024278366991,791396
92.5,3.9371397626283886,813686
97.5,3.671026551198951,835995
102.5,3.7887969097571697,856877
107.5,3.7700902358841004,877491
112.5,4.17575948894724,901662
117.5,3.974474128639424,915968
122.5,3.985728480494649,935319
127.5,3.9271561513400055,947744
132.5,3.816519119003329,975985
137.5,4.10079514210275,989579
142.5,4.523272159326586,1009980
147.5,4.4284918073652655,1031388
