band_label,spec_label,anticipation,min_km,max_km,n_treated_cells,n_control_cells,overall_att,overall_n_cells,overall_se,hac_available,overall_t,overall_p,ci_low,ci_high,significance
2-10km,baseline,0,2.0,10.0,103488,218251,58.61173588191675,263,34.91647490161892,True,1.6786269532380311,0.09322477020576883,-9.82455492525633,127.04802668908982,.
2-10km,anticipation1,1,2.0,10.0,103488,218251,-66.6695786857296,257,53.690670345266106,True,-1.2417348909410264,0.21433439217378958,-171.90329256245116,38.56413519099196,
2-10km,dr_geography,0,2.0,10.0,103488,218251,328.7308551535621,54,156.2127103424528,True,2.1043796912102186,0.03534533952001119,22.553942882354647,634.9077674247696,*
2-10km,dr_geography_anticipation1,1,2.0,10.0,103488,218251,284.51057666494717,62,162.83867220574473,True,1.747192929118652,0.08060387784938437,-34.65322085831252,603.6743741882069,.
2-15km,baseline,0,2.0,15.0,103488,318954,11.75132157436136,263,26.544218906233887,True,0.44270737880335864,0.6579774045831972,-40.275347481857054,63.77799063057978,
2-15km,anticipation1,1,2.0,15.0,103488,318954,-101.48431582249343,257,47.77846520224356,True,-2.124059770294337,0.033665145932618865,-195.1301076188908,-7.838524026096053,*
2-15km,dr_geography,0,2.0,15.0,103488,318954,252.08582407921065,54,114.43346230549126,True,2.2029030582526903,0.027601582033833633,27.796237960447797,476.3754101979735,*
2-15km,dr_geography_anticipation1,1,2.0,15.0,103488,318954,280.1048971989623,62,124.96414560776745,True,2.241482113422714,0.02499486286094231,35.17517180773811,525.0346225901865,*
5-15km,baseline,0,5.0,15.0,103488,227652,-26.441228363652513,263,27.248399785350255,True,-0.9703772908480407,0.33185846391544005,-79.84809194293902,26.965635215633988,
5-15km,anticipation1,1,5.0,15.0,103488,227652,-139.0249491771633,257,48.13625157642106,True,-2.8881548650801663,0.003875090320649037,-233.37200226694858,-44.67789608737803,**
5-15km,dr_geography,0,5.0,15.0,103488,227652,209.92303106974316,54,118.3127044111571,True,1.7743067586404275,0.07601242323533865,-21.96986957612475,441.8159317156111,.
5-15km,dr_geography_anticipation1,1,5.0,15.0,103488,227652,259.86306472942937,62,127.58502212232389,True,2.0367834751032303,0.04167174499982217,9.796421369674533,509.9297080891842,*
5-25km,baseline,0,5.0,25.0,103488,366222,-87.47257975139571,263,26.148591523024514,True,-3.3452119084262657,0.0008221972571842382,-138.72381913652376,-36.22134036626767,***
5-25km,anticipation1,1,5.0,25.0,103488,366222,-199.79209165476223,257,47.46336323199924,True,-4.209396006730192,2.560542614354946e-05,-292.8202835894807,-106.76389972004372,***
5-25km,dr_geography,0,5.0,25.0,103488,366222,207.8827749437601,54,113.57227523512417,True,1.8304007251187726,0.06719003936773382,-14.718884517083268,430.48443440460346,.
5-25km,dr_geography_anticipation1,1,5.0,25.0,103488,366222,321.89554974063367,62,123.18162244221573,True,2.61317835695527,0.00897044750833176,80.45956975389086,563.3315297273765,**
10-25km,baseline,0,10.0,25.0,103488,239273,-135.2220974453054,263,26.656491238151748,True,-5.072764312347702,3.9207799038384994e-07,-187.4688202720828,-82.97537461852798,***
10-25km,anticipation1,1,10.0,25.0,103488,239273,-238.6956236577948,257,47.85419974977898,True,-4.987976497483844,6.101498917877794e-07,-332.4898551673616,-144.901392148228,***
10-25km,dr_geography,0,10.0,25.0,103488,239273,155.24223610525428,54,115.28434652132562,True,1.3466029065493046,0.17810815756230267,-70.71508307654392,381.1995552870525,
10-25km,dr_geography_anticipation1,1,10.0,25.0,103488,239273,366.3183980851305,62,124.37037401222227,True,2.9453831026441333,0.003225550064631848,122.55246502117487,610.0843311490862,**
25-35km,baseline,0,25.0,35.0,103488,100153,-81.05731331173514,263,79.75372426943392,True,-1.016345180795536,0.3094650406078338,-237.37461287982563,75.25998625635533,
25-35km,anticipation1,1,25.0,35.0,103488,100153,-249.93188275930473,257,99.35187389952965,True,-2.5156232383905537,0.011882212761916427,-444.6615556023828,-55.20220991622662,*
25-35km,dr_geography,0,25.0,35.0,103488,100153,256.3419953706155,54,365.6310992246719,True,0.7010946167166684,0.4832439696618352,-460.29495910974146,972.9789498509724,
25-35km,dr_geography_anticipation1,1,25.0,35.0,103488,100153,-86.18333859015311,62,369.59294953715687,True,-0.23318447686321112,0.8156181592996776,-810.5855196829806,638.2188425026744,
