Group,Time,"ATT(g, t)",Post,Std. Error,[95% Pointwise,Conf. Band],
2002,2002,-28.8039,1,21.8904,-71.7091,14.1012,
2002,2003,469.1218,1,18.4417,432.976,505.2676,*
2002,2004,-263.2874,1,22.7054,-307.79,-218.7847,*
2002,2005,105.7792,1,21.17,64.286,147.2724,*
2002,2006,405.4238,1,21.7086,362.8749,447.9727,*
2002,2007,-431.5238,1,25.9076,-482.3027,-380.745,*
2002,2008,-397.1585,1,27.8942,-451.8312,-342.4859,*
2002,2009,15.1095,1,22.192,-28.3868,58.6058,
2002,2010,116.9804,1,22.2804,73.3108,160.6499,*
2002,2011,167.0304,1,22.3323,123.2591,210.8018,*
2002,2012,100.5796,1,23.9668,53.6047,147.5544,*
2002,2013,114.1118,1,22.5491,69.9156,158.3081,*
2002,2014,-262.0382,1,24.8287,-310.7025,-213.374,*
2002,2015,129.6533,1,22.0376,86.4596,172.847,*
2002,2016,-477.7147,1,66.1668,-607.4016,-348.0278,*
2002,2017,-1434.837,1,45.9575,-1524.9137,-1344.7603,*
2002,2018,-996.4581,1,32.9071,-1060.9559,-931.9603,*
2002,2019,-693.3256,1,27.896,-748.0016,-638.6495,*
2002,2020,-1028.9618,1,39.8774,-1107.1215,-950.8022,*
2002,2021,-632.6872,1,27.415,-686.4206,-578.9538,*
2002,2022,-495.3516,1,27.6255,-549.4975,-441.2057,*
2002,2023,132.2864,1,62.6747,9.444,255.1288,*
2002,2024,114.5927,1,44.7628,26.8577,202.3277,*
2002,2025,135.1736,1,40.0804,56.6159,213.7313,*
2003,2002,-5085.8675,0,1774.9589,-8564.7869,-1606.9482,*
2003,2003,241.1639,1,137.8518,-29.0256,511.3535,
2003,2004,237.1123,1,255.1348,-262.952,737.1765,
2003,2005,591.1785,1,311.9834,-20.309,1202.666,
2003,2006,319.8575,1,196.1578,-64.6118,704.3267,
2003,2007,-703.7535,1,145.8512,-989.6219,-417.8852,*
2003,2008,-297.7112,1,206.5033,-702.4575,107.0352,
2003,2009,217.0915,1,206.9951,-188.6188,622.8018,
2003,2010,147.3129,1,217.2267,-278.4514,573.0772,
2003,2011,384.6218,1,267.0668,-138.8291,908.0727,
2003,2012,3796.545,1,804.0431,2220.6205,5372.4694,*
2003,2013,-14.6837,1,146.8138,-302.4387,273.0713,
2003,2014,163.1575,1,357.8243,-538.1782,864.4932,
2003,2015,-96.0427,1,147.7305,-385.5945,193.5091,
2003,2016,-934.5586,1,161.4585,-1251.0172,-618.1,*
2003,2017,-1666.9326,1,194.3336,-2047.8264,-1286.0388,*
2003,2018,-1186.8052,1,170.6926,-1521.3627,-852.2476,*
2003,2019,-680.935,1,224.7416,-1121.4286,-240.4414,*
2003,2020,-1386.976,1,155.9565,-1692.6507,-1081.3012,*
2003,2021,-814.7774,1,164.3572,-1136.9175,-492.6372,*
2003,2022,-815.7624,1,143.6144,-1097.2467,-534.2781,*
2003,2023,171.0188,1,393.057,-599.3729,941.4104,
2003,2024,-147.8164,1,168.9621,-478.9822,183.3493,
2003,2025,-180.8553,1,152.1272,-479.0246,117.3139,
2004,2002,-1842.6897,0,592.3118,-3003.6208,-681.7586,*
2004,2003,678.9383,0,139.4877,405.5424,952.3343,*
2004,2004,7.7326,1,629.0125,-1225.132,1240.5972,
2004,2005,-55.7124,1,272.1451,-589.1167,477.692,
2004,2006,330.6761,1,337.6265,-331.0719,992.4241,
2004,2007,-437.7063,1,348.6982,-1121.1547,245.7421,
2004,2008,-196.6847,1,490.8324,-1158.7161,765.3467,
2004,2009,217.6588,1,409.6192,-585.1949,1020.5125,
2004,2010,-271.9463,1,289.2861,-838.947,295.0544,
2004,2011,196.1729,1,359.5076,-508.4621,900.8079,
2004,2012,833.4533,1,593.6421,-330.0852,1996.9917,
2004,2013,-395.8316,1,205.1694,-797.9637,6.3004,
2004,2014,894.1391,1,1138.9162,-1338.1366,3126.4148,
2004,2015,-409.4353,1,266.473,-931.7223,112.8518,
2004,2016,-872.7998,1,476.3018,-1806.3514,60.7518,
2004,2017,-1065.613,1,758.9361,-2553.1278,421.9017,
2004,2018,-1170.7136,1,223.1855,-1608.1572,-733.2699,*
2004,2019,-211.3141,1,883.9641,-1943.8837,1521.2555,
2004,2020,-1709.1968,1,247.9129,-2195.1061,-1223.2874,*
2004,2021,-1137.1568,1,277.7501,-1681.547,-592.7666,*
2004,2022,-1041.1561,1,261.3355,-1553.3737,-528.9385,*
2004,2023,-482.3923,1,328.3694,-1125.9963,161.2116,
2004,2024,-709.6501,1,207.1429,-1115.6501,-303.65,*
2004,2025,-409.0843,1,402.9115,-1198.7907,380.6222,
2005,2002,430.3921,0,234.879,-29.9707,890.7549,
2005,2003,15.3173,0,261.5607,-497.3416,527.9763,
2005,2004,-707.9765,0,129.1223,-961.0562,-454.8967,*
2005,2005,728.7305,1,167.3839,400.658,1056.803,*
2005,2006,666.9067,1,150.3366,372.2469,961.5666,*
2005,2007,-61.5692,1,128.5286,-313.4854,190.3469,
2005,2008,-307.3332,1,116.2983,-535.2778,-79.3886,*
2005,2009,228.9056,1,117.4693,-1.3343,459.1455,
2005,2010,417.4224,1,117.1814,187.7468,647.098,*
2005,2011,234.8424,1,112.9055,13.5477,456.1371,*
2005,2012,469.6424,1,132.9365,209.0869,730.1979,*
2005,2013,69.6745,1,114.1001,-153.9616,293.3106,
2005,2014,5.9668,1,220.6308,-426.4696,438.4033,
2005,2015,62.4371,1,122.9154,-178.477,303.3513,
2005,2016,-489.9514,1,141.5357,-767.3613,-212.5415,*
2005,2017,-1112.1861,1,293.6806,-1687.8001,-536.572,*
2005,2018,-647.5193,1,152.075,-945.5863,-349.4524,*
2005,2019,-716.0082,1,114.2473,-939.9329,-492.0836,*
2005,2020,-1093.0048,1,137.6697,-1362.8374,-823.1722,*
2005,2021,-525.6558,1,137.5968,-795.3456,-255.9661,*
2005,2022,-613.7252,1,111.6319,-832.5237,-394.9267,*
2005,2023,-119.5013,1,118.3245,-351.4173,112.4148,
2005,2024,-23.152,1,127.763,-273.5675,227.2636,
2005,2025,51.6179,1,125.1686,-193.7125,296.9484,
2006,2002,-553.8514,0,446.5388,-1429.0675,321.3646,
2006,2003,-981.8854,0,426.8266,-1818.4657,-145.3052,*
2006,2004,1071.6038,0,442.2759,204.743,1938.4646,*
2006,2005,-596.9762,0,423.6641,-1427.3577,233.4054,
2006,2006,290.7395,1,413.0685,-518.8749,1100.3538,
2006,2007,-483.9728,1,381.3895,-1231.4963,263.5506,
2006,2008,-815.6433,1,487.0094,-1770.1816,138.8951,
2006,2009,328.0567,1,357.1645,-371.9858,1028.0991,
2006,2010,527.3855,1,674.5657,-794.7634,1849.5343,
2006,2011,-49.5194,1,385.5152,-805.129,706.0903,
2006,2012,158.5489,1,449.6972,-722.8576,1039.9554,
2006,2013,-758.2243,1,388.8073,-1520.2866,3.8379,
2006,2014,-1002.5049,1,393.3103,-1773.3931,-231.6168,*
2006,2015,-808.6261,1,401.7945,-1596.1433,-21.1088,*
2006,2016,-1146.7257,1,394.7409,-1920.4179,-373.0336,*
2006,2017,-147.3172,1,683.5632,-1487.101,1192.4667,
2006,2018,-1418.2195,1,394.8022,-2192.0318,-644.4073,*
2006,2019,-1675.0076,1,272.5407,-2209.1874,-1140.8279,*
2006,2020,-2318.7309,1,347.3119,-2999.4622,-1637.9995,*
2006,2021,-1628.1017,1,376.3198,-2365.6885,-890.5149,*
2006,2022,-1965.9636,1,325.1679,-2603.2927,-1328.6345,*
2006,2023,-796.3584,1,373.194,-1527.8187,-64.8981,*
2006,2024,-680.4011,1,410.3502,-1484.6874,123.8852,
2006,2025,-936.0647,1,337.9118,-1598.3718,-273.7576,*
2007,2002,-328.9851,0,77.5293,-480.9425,-177.0276,*
2007,2003,395.3385,0,58.5161,280.647,510.03,*
2007,2004,-648.3821,0,58.8696,-763.7666,-532.9977,*
2007,2005,350.1084,0,51.3125,249.536,450.6808,*
2007,2006,258.5353,0,47.364,165.7018,351.3688,*
2007,2007,-713.3024,1,49.759,-810.8299,-615.7749,*
2007,2008,-507.4868,1,63.6451,-632.2312,-382.7425,*
2007,2009,-228.3212,1,55.3638,-336.8342,-119.8083,*
2007,2010,-40.6904,1,61.2101,-160.6623,79.2815,
2007,2011,-199.54,1,48.2887,-294.1859,-104.8941,*
2007,2012,-103.399,1,62.1023,-225.1195,18.3215,
2007,2013,-390.2899,1,48.3037,-484.9652,-295.6147,*
2007,2014,-729.8775,1,48.4967,-824.9311,-634.824,*
2007,2015,-503.8442,1,43.9316,-589.9502,-417.7382,*
2007,2016,-1161.8332,1,54.3826,-1268.423,-1055.2433,*
2007,2017,-1745.3162,1,71.0466,-1884.5675,-1606.0649,*
2007,2018,-1545.8686,1,51.7233,-1647.2463,-1444.4909,*
2007,2019,-1119.4061,1,57.3389,-1231.7904,-1007.0219,*
2007,2020,-1626.3667,1,61.2911,-1746.4973,-1506.236,*
2007,2021,-1091.1075,1,55.0938,-1199.0914,-983.1237,*
2007,2022,-948.8191,1,60.5138,-1067.4262,-830.2121,*
2007,2023,-646.9189,1,47.0052,-739.049,-554.7888,*
2007,2024,-535.844,1,50.0355,-633.9135,-437.7745,*
2007,2025,-499.4069,1,53.5119,-604.2902,-394.5236,*
2008,2002,344.4961,0,198.3015,-44.1748,733.167,
2008,2003,222.8344,0,202.543,-174.1499,619.8187,
2008,2004,-583.616,0,180.5781,-937.5491,-229.6829,*
2008,2005,-2.6364,0,167.8132,-331.5502,326.2774,
2008,2006,165.2942,0,142.8972,-114.7843,445.3726,
2008,2007,-1092.6446,0,116.7022,-1321.3809,-863.9083,*
2008,2008,-104.0272,1,110.6268,-320.8558,112.8013,
2008,2009,847.4111,1,123.09,606.1547,1088.6674,*
2008,2010,605.2328,1,132.8075,344.9301,865.5354,*
2008,2011,754.495,1,146.4085,467.5343,1041.4556,*
2008,2012,409.7078,1,106.4422,201.0811,618.3345,*
2008,2013,30.3937,1,100.5073,-166.6007,227.3881,
2008,2014,-253.8774,1,101.3057,-452.4365,-55.3183,*
2008,2015,14.7937,1,104.4653,-189.9583,219.5456,
2008,2016,-493.3009,1,113.6437,-716.0426,-270.5591,*
2008,2017,257.1555,1,237.2414,-207.8377,722.1486,
2008,2018,-468.6525,1,136.7288,-736.6409,-200.6641,*
2008,2019,-322.3066,1,123.1001,-563.5829,-81.0303,*
2008,2020,-333.6637,1,161.3885,-649.9852,-17.3422,*
2008,2021,-411.7382,1,118.9975,-644.9732,-178.5032,*
2008,2022,-455.1873,1,106.7996,-664.5144,-245.8601,*
2008,2023,248.4466,1,122.7177,7.9199,488.9733,*
2008,2024,47.5382,1,111.6844,-171.3632,266.4395,
2008,2025,213.1231,1,123.9515,-29.8218,456.068,
2009,2002,-156.0709,0,56.5949,-266.9969,-45.1449,*
2009,2003,319.3849,0,50.9666,219.4902,419.2795,*
2009,2004,-373.2609,0,55.0544,-481.1676,-265.3543,*
2009,2005,180.5287,0,54.9895,72.7494,288.3081,*
2009,2006,170.5194,0,45.4521,81.4333,259.6054,*
2009,2007,-797.3506,0,47.2903,-890.0395,-704.6617,*
2009,2008,64.7315,0,50.6151,-34.4742,163.9371,
2009,2009,629.0525,1,56.9027,517.5233,740.5817,*
2009,2010,707.8037,1,63.5035,583.3368,832.2706,*
2009,2011,559.7715,1,50.2974,461.1885,658.3544,*
2009,2012,541.8791,1,51.2883,441.354,642.4043,*
2009,2013,407.6681,1,47.6922,314.1915,501.1448,*
2009,2014,88.3256,1,49.7223,-9.1301,185.7813,
2009,2015,345.8815,1,42.7652,262.0616,429.7014,*
2009,2016,-16.299,1,64.8402,-143.3858,110.7877,
2009,2017,-918.4344,1,66.179,-1048.1453,-788.7235,*
2009,2018,-589.2231,1,57.9278,-702.7616,-475.6846,*
2009,2019,-298.9363,1,51.1359,-399.1627,-198.7099,*
2009,2020,-603.8848,1,60.306,-722.0845,-485.6851,*
2009,2021,-253.9297,1,57.9308,-367.4741,-140.3854,*
2009,2022,-117.9524,1,52.2488,-220.36,-15.5448,*
2009,2023,327.3944,1,51.3019,226.8426,427.9461,*
2009,2024,338.6987,1,50.1445,240.4154,436.9819,*
2009,2025,327.9116,1,54.1633,221.7515,434.0718,*
2010,2002,-239.0185,0,193.5414,-618.3597,140.3227,
2010,2003,-62.738,0,148.7857,-354.3579,228.8819,
2010,2004,66.8541,0,119.0306,-166.4458,300.1541,
2010,2005,-100.4024,0,125.3435,-346.0758,145.2709,
2010,2006,928.1312,0,167.7705,599.301,1256.9614,*
2010,2007,-1569.119,0,166.0759,-1894.6277,-1243.6102,*
2010,2008,280.9068,0,117.2301,51.1357,510.6778,*
2010,2009,1003.0872,0,151.366,706.4099,1299.7645,*
2010,2010,-438.2504,1,161.3176,-754.4329,-122.0678,*
2010,2011,-177.0041,1,169.3418,-508.914,154.9058,
2010,2012,-290.4301,1,149.8995,-584.2332,3.373,
2010,2013,-736.4873,1,155.4618,-1041.1925,-431.7821,*
2010,2014,-1196.28,1,183.4676,-1555.8766,-836.6835,*
2010,2015,-986.6779,1,142.0061,-1265.0098,-708.3459,*
2010,2016,-1388.9157,1,213.8317,-1808.0258,-969.8056,*
2010,2017,-1999.4691,1,207.6026,-2406.3701,-1592.5681,*
2010,2018,-2178.8922,1,142.503,-2458.198,-1899.5864,*
2010,2019,-1812.1312,1,136.5219,-2079.7142,-1544.5482,*
2010,2020,-2239.7318,1,139.0874,-2512.3432,-1967.1204,*
2010,2021,-1673.3332,1,188.4176,-2042.6316,-1304.0347,*
2010,2022,-1570.8593,1,159.1897,-1882.8711,-1258.8475,*
2010,2023,-1033.3972,1,167.916,-1362.5124,-704.2819,*
2010,2024,-429.3878,1,253.164,-925.5892,66.8137,
2010,2025,-1039.5598,1,172.0844,-1376.8452,-702.2744,*
2011,2002,-428.7562,0,101.9499,-628.578,-228.9344,*
2011,2003,295.0835,0,98.6283,101.7719,488.395,*
2011,2004,965.0972,0,128.9475,712.3602,1217.8342,*
2011,2005,-731.3087,0,136.3983,-998.6493,-463.968,*
2011,2006,476.8562,0,128.3988,225.1945,728.5179,*
2011,2007,-362.3077,0,136.3195,-629.4939,-95.1215,*
2011,2008,-1110.1495,0,141.7284,-1387.9372,-832.3618,*
2011,2009,1325.8483,0,125.6686,1079.538,1572.1587,*
2011,2010,-582.0251,0,128.4457,-833.7787,-330.2716,*
2011,2011,-731.0816,1,110.7899,-948.2299,-513.9333,*
2011,2012,-469.7607,1,129.6113,-723.7988,-215.7226,*
2011,2013,-1348.1044,1,118.5557,-1580.4736,-1115.7352,*
2011,2014,-1009.7754,1,153.6187,-1310.8682,-708.6827,*
2011,2015,-1047.4625,1,123.942,-1290.3889,-804.5361,*
2011,2016,-1375.0675,1,137.9192,-1645.3891,-1104.7459,*
2011,2017,-215.2143,1,162.1527,-533.0335,102.605,
2011,2018,-1103.4998,1,144.0517,-1385.8412,-821.1585,*
2011,2019,-1320.8695,1,130.7749,-1577.1884,-1064.5506,*
2011,2020,-1848.4109,1,125.678,-2094.7399,-1602.082,*
2011,2021,-1193.0823,1,130.9844,-1449.8117,-936.3529,*
2011,2022,-1487.0871,1,123.6498,-1729.4408,-1244.7334,*
2011,2023,-1136.2189,1,117.438,-1366.3973,-906.0404,*
2011,2024,-1128.1547,1,131.5017,-1385.8981,-870.4113,*
2011,2025,-893.4763,1,131.169,-1150.5674,-636.3851,*
2012,2002,-1062.9019,0,264.9133,-1582.1319,-543.6719,*
2012,2003,1774.4929,0,276.6944,1232.1719,2316.8138,*
2012,2004,-1228.3645,0,270.624,-1758.7874,-697.9416,*
2012,2005,788.3216,0,247.1599,303.8883,1272.7549,*
2012,2006,-521.6116,0,322.1804,-1153.0851,109.8619,
2012,2007,-583.1819,0,187.5469,-950.7738,-215.59,*
2012,2008,274.5006,0,204.0296,-125.3974,674.3985,
2012,2009,665.2779,0,343.5074,-7.9967,1338.5525,
2012,2010,-10.2898,0,362.2877,-720.3736,699.7941,
2012,2011,-481.6567,0,227.4202,-927.4003,-35.913,*
2012,2012,-184.6042,1,163.9029,-505.854,136.6455,
2012,2013,-523.0286,1,128.2793,-774.456,-271.6013,*
2012,2014,-708.7916,1,155.7729,-1014.1065,-403.4766,*
2012,2015,63.4047,1,224.1788,-375.9857,502.7952,
2012,2016,-696.3741,1,280.0026,-1245.1793,-147.5689,*
2012,2017,-899.4213,1,312.8331,-1512.5741,-286.2685,*
2012,2018,-33.8208,1,423.3494,-863.5857,795.944,
2012,2019,-304.7791,1,375.7255,-1041.2011,431.6429,
2012,2020,-1197.4981,1,209.0153,-1607.1681,-787.8281,*
2012,2021,-455.9152,1,264.3717,-974.0837,62.2532,
2012,2022,-945.6542,1,163.1338,-1265.3965,-625.9118,*
2012,2023,-135.9579,1,200.4228,-528.7867,256.8708,
2012,2024,-172.3784,1,210.2018,-584.374,239.6172,
2012,2025,-165.4458,1,248.9379,-653.364,322.4724,
2013,2002,-295.5378,0,136.4475,-562.975,-28.1007,*
2013,2003,988.1182,0,197.491,601.0358,1375.2006,*
2013,2004,-1209.9706,0,219.4391,-1640.0712,-779.8699,*
2013,2005,559.5935,0,163.7382,238.6667,880.5203,*
2013,2006,462.2489,0,232.955,5.6572,918.8407,*
2013,2007,-970.1075,0,234.1434,-1429.0286,-511.1864,*
2013,2008,391.7706,0,195.9995,7.6115,775.9297,*
2013,2009,231.0984,0,201.8189,-164.4666,626.6634,
2013,2010,-291.9613,0,179.1157,-643.0282,59.1055,
2013,2011,283.2912,0,185.2441,-79.7873,646.3697,
2013,2012,25.6227,0,199.0317,-364.4794,415.7248,
2013,2013,-516.2816,1,174.4857,-858.2736,-174.2897,*
2013,2014,-320.2255,1,267.5199,-844.5644,204.1134,
2013,2015,-233.4772,1,161.3571,-549.7371,82.7828,
2013,2016,23954.572,1,2619.6017,18820.1526,29088.9914,*
2013,2017,-1077.3303,1,228.7105,-1525.6028,-629.0578,*
2013,2018,-1280.3772,1,200.8428,-1674.0291,-886.7253,*
2013,2019,869.5004,1,703.1461,-508.6661,2247.6668,
2013,2020,-1609.1754,1,178.9227,-1959.8639,-1258.4869,*
2013,2021,-840.7005,1,232.1387,-1295.6924,-385.7086,*
2013,2022,-929.5106,1,177.4499,-1277.3123,-581.7088,*
2013,2023,-492.352,1,183.5699,-852.149,-132.555,*
2013,2024,-743.255,1,158.99,-1054.8753,-431.6347,*
2013,2025,-413.9344,1,178.6204,-764.0304,-63.8384,*
2014,2002,-2395.5573,0,516.3211,-3407.5466,-1383.5679,*
2014,2003,92.4382,0,146.1459,-194.0079,378.8842,
2014,2004,8.1609,0,230.4657,-443.5518,459.8736,
2014,2005,-66.7902,0,239.7675,-536.7345,403.1542,
2014,2006,354.9836,0,160.3553,40.6873,669.28,*
2014,2007,1362.441,0,458.0769,464.6103,2260.2717,*
2014,2008,-1134.2465,0,717.2321,-2540.0215,271.5284,
2014,2009,131.5263,0,728.9184,-1297.1538,1560.2064,
2014,2010,-686.1003,0,226.7712,-1130.5718,-241.6287,*
2014,2011,111.8185,0,268.2427,-413.9372,637.5742,
2014,2012,388.5913,0,286.5933,-173.1316,950.3142,
2014,2013,-583.6995,0,270.8394,-1114.5447,-52.8542,*
2014,2014,-361.9453,1,188.9635,-732.3137,8.4231,
2014,2015,302.305,1,345.8039,-375.4707,980.0807,
2014,2016,-391.9052,1,383.3156,-1143.2037,359.3934,
2014,2017,-1231.8645,1,437.9115,-2090.171,-373.5581,*
2014,2018,-1352.3561,1,191.3246,-1727.3524,-977.3598,*
2014,2019,-12.2202,1,583.4662,-1155.8139,1131.3736,
2014,2020,-1298.6978,1,210.5444,-1711.3648,-886.0308,*
2014,2021,-386.8082,1,310.7983,-995.9729,222.3566,
2014,2022,-588.1375,1,258.1461,-1094.1039,-82.1711,*
2014,2023,-507.1884,1,180.7699,-861.4975,-152.8793,*
2014,2024,-464.3825,1,180.9114,-818.9688,-109.7962,*
2014,2025,168.2179,1,399.0046,-613.8311,950.2669,
2018,2002,-581.2724,0,83.9697,-745.853,-416.6918,*
2018,2003,313.159,0,71.3486,173.3158,453.0023,*
2018,2004,56.0067,0,96.6399,-133.4075,245.421,
2018,2005,-49.7551,0,100.7552,-247.2353,147.725,
2018,2006,757.394,0,119.9659,522.2608,992.5271,*
2018,2007,-1107.4499,0,117.2092,-1337.1799,-877.72,*
2018,2008,-69.3282,0,98.5801,-262.5451,123.8888,
2018,2009,697.6401,0,97.7554,506.0395,889.2407,*
2018,2010,132.0918,0,111.7126,-86.865,351.0486,
2018,2011,-303.4102,0,103.1389,-505.5624,-101.2579,*
2018,2012,66.7375,0,82.3398,-94.6486,228.1236,
2018,2013,-623.5708,0,70.4319,-761.6174,-485.5242,*
2018,2014,-15.0018,0,76.8549,-165.6375,135.6338,
2018,2015,128.1666,0,87.1479,-42.6433,298.9765,
2018,2016,-546.6248,0,82.7632,-708.8407,-384.4089,*
2018,2017,-125.2514,0,104.6578,-330.3807,79.8778,
2018,2018,-240.2432,1,105.0616,-446.1639,-34.3226,*
2018,2019,24.4715,1,102.1737,-175.789,224.7319,
2018,2020,-362.4645,1,112.3601,-582.6902,-142.2388,*
2018,2021,227.094,1,121.0993,-10.2606,464.4487,
2018,2022,261.9593,1,109.9232,46.5098,477.4088,*
2018,2023,712.4322,1,112.49,491.9519,932.9125,*
2018,2024,663.7917,1,122.1118,424.4527,903.1308,*
2018,2025,502.9974,1,105.0899,297.0211,708.9737,*
2019,2002,1194.232,0,1130.9955,-1022.5192,3410.9833,
2019,2003,-562.5657,0,1101.0346,-2720.5935,1595.462,
2019,2004,1843.6926,0,2477.4097,-3012.0305,6699.4157,
2019,2005,-322.5238,0,1877.1657,-4001.7687,3356.721,
2019,2006,-1679.7879,0,1467.167,-4555.4352,1195.8595,
2019,2007,588.3464,0,920.6566,-1216.1406,2392.8333,
2019,2008,-1072.1466,0,1171.053,-3367.4106,1223.1173,
2019,2009,5385.3556,0,3265.8122,-1015.6363,11786.3475,
2019,2010,-4927.6147,0,3156.7867,-11114.9167,1259.6873,
2019,2011,2237.4394,0,1073.403,133.5695,4341.3093,*
2019,2012,-401.1968,0,1151.4589,-2658.0563,1855.6627,
2019,2013,-1348.3776,0,711.0765,-2742.0874,45.3322,
2019,2014,-776.0722,0,284.2797,-1333.2604,-218.8839,*
2019,2015,599.3811,0,438.0758,-259.2475,1458.0097,
2019,2016,-652.7014,0,361.4984,-1361.2383,55.8355,
2019,2017,2119.7202,0,1528.3327,-875.812,5115.2524,
2019,2018,-2942.3865,0,1784.7589,-6440.514,555.741,
2019,2019,1254.7197,1,530.8146,214.3231,2295.1162,*
2019,2020,3767.1133,1,4112.9707,-4294.3092,11828.5358,
2019,2021,1094.4511,1,1099.7031,-1060.9669,3249.8691,
2019,2022,2252.1272,1,1483.3852,-655.3078,5159.5622,
2019,2023,1340.0579,1,1011.5356,-642.5517,3322.6676,
2019,2024,1483.4858,1,1095.4754,-663.6461,3630.6177,
2019,2025,1703.9741,1,1012.4805,-280.4877,3688.436,
2020,2002,-115.123,0,30.2648,-174.4419,-55.804,*
2020,2003,429.0066,0,28.6973,372.7599,485.2533,*
2020,2004,-467.2419,0,46.3175,-558.0242,-376.4597,*
2020,2005,179.1184,0,46.2685,88.4322,269.8046,*
2020,2006,354.8507,0,29.1887,297.6408,412.0606,*
2020,2007,-766.3497,0,32.8596,-830.7546,-701.9449,*
2020,2008,-8.6896,0,36.7758,-80.7702,63.391,
2020,2009,515.8475,0,41.5455,434.4184,597.2767,*
2020,2010,-44.896,0,38.4393,-120.2371,30.4451,
2020,2011,142.4168,0,30.7098,82.2256,202.6081,*
2020,2012,-140.6071,0,32.603,-204.5091,-76.7052,*
2020,2013,-6.1943,0,33.7667,-72.377,59.9884,
2020,2014,-436.2699,0,29.3552,-493.8061,-378.7337,*
2020,2015,310.1445,0,24.1766,262.7583,357.5307,*
2020,2016,-767.8099,0,32.824,-832.1449,-703.4748,*
2020,2017,-448.0553,0,58.5766,-562.8655,-333.2451,*
2020,2018,1060.0824,0,113.7456,837.141,1283.0237,*
2020,2019,-126.4581,0,109.2352,-340.5591,87.6429,
2020,2020,-247.5377,1,103.7445,-450.877,-44.1984,*
2020,2021,217.6751,1,93.4521,34.5091,400.8411,*
2020,2022,478.8694,1,97.7786,287.2233,670.5154,*
2020,2023,332.7185,1,70.6804,194.1849,471.2521,*
2020,2024,798.3038,1,87.2741,627.2466,969.361,*
2020,2025,491.6659,1,72.4348,349.6937,633.6381,*
2021,2002,-232.227,0,231.6936,-686.3465,221.8924,
2021,2003,-399.9233,0,219.3671,-829.8827,30.0362,
2021,2004,2042.8204,0,349.9965,1356.8272,2728.8135,*
2021,2005,-1380.6617,0,364.4578,-2094.999,-666.3245,*
2021,2006,192.83,0,254.4352,-305.8631,691.523,
2021,2007,-832.2115,0,234.0419,-1290.9336,-373.4894,*
2021,2008,-528.9831,0,186.3531,-894.2352,-163.731,*
2021,2009,1052.0226,0,215.9182,628.823,1475.2223,*
2021,2010,-564.532,0,194.4103,-945.5763,-183.4877,*
2021,2011,478.7232,0,180.2218,125.4885,831.9578,*
2021,2012,739.3794,0,226.3551,295.7234,1183.0354,*
2021,2013,-1880.9424,0,233.2467,-2338.106,-1423.7788,*
2021,2014,166.9904,0,133.3528,-94.3812,428.362,
2021,2015,113.0295,0,168.0275,-216.3045,442.3634,
2021,2016,-148.6116,0,185.3392,-511.8764,214.6533,
2021,2017,1118.2883,0,269.0241,591.0011,1645.5755,*
2021,2018,-1239.4963,0,289.8979,-1807.6962,-671.2963,*
2021,2019,-159.1357,0,186.4241,-524.527,206.2557,
2021,2020,-696.9565,0,146.3496,-983.8017,-410.1113,*
2021,2021,565.1107,1,154.4166,262.4542,867.7671,*
2021,2022,759.0184,1,164.5974,436.4076,1081.6292,*
2021,2023,1446.9181,1,181.2278,1091.7117,1802.1246,*
2021,2024,1252.4321,1,158.0929,942.57,1562.2943,*
2021,2025,1340.397,1,211.5278,925.8025,1754.9915,*
2024,2002,-1069.8893,0,90.793,-1247.8437,-891.9349,*
2024,2003,1129.3571,0,72.7117,986.8421,1271.872,*
2024,2004,-809.7031,0,101.8215,-1009.2733,-610.1329,*
2024,2005,326.7941,0,96.2847,138.0762,515.5121,*
2024,2006,213.403,0,92.5611,31.9832,394.8227,*
2024,2007,-414.6648,0,100.702,-612.0407,-217.2889,*
2024,2008,-626.5292,0,91.7628,-806.3842,-446.6741,*
2024,2009,841.0022,0,80.5394,683.1449,998.8595,*
2024,2010,125.806,0,84.773,-40.349,291.961,
2024,2011,-524.9462,0,70.8203,-663.754,-386.1384,*
2024,2012,520.771,0,68.7792,385.9637,655.5783,*
2024,2013,-886.5792,0,64.7906,-1013.5689,-759.5896,*
2024,2014,70.6268,0,56.9937,-41.0809,182.3344,
2024,2015,159.3393,0,72.771,16.7081,301.9705,*
2024,2016,184.7483,0,100.9191,-13.0531,382.5497,
2024,2017,7.3636,0,120.1951,-228.2187,242.946,
2024,2018,-867.1306,0,99.0659,-1061.2998,-672.9614,*
2024,2019,-23.2591,0,66.543,-153.6833,107.1651,
2024,2020,-393.616,0,64.2499,-519.5458,-267.6861,*
2024,2021,468.258,0,69.293,332.4438,604.0722,*
2024,2022,216.5659,0,60.3495,98.2808,334.8509,*
2024,2023,579.6007,0,69.8569,442.6811,716.5202,*
2024,2024,-374.2374,1,67.5449,-506.6254,-241.8493,*
2024,2025,-328.2359,1,72.2498,-469.8455,-186.6262,*
2025,2002,-136.9041,0,241.5896,-610.4198,336.6116,
2025,2003,401.5462,0,220.6239,-30.8767,833.9691,
2025,2004,752.9656,0,217.9312,325.8205,1180.1107,*
2025,2005,-375.6589,0,237.4639,-841.0881,89.7703,
2025,2006,1162.6247,0,290.2373,593.7596,1731.4899,*
2025,2007,-1368.0617,0,330.8987,-2016.6231,-719.5004,*
2025,2008,-324.9301,0,306.9191,-926.4917,276.6314,
2025,2009,327.0611,0,243.762,-150.7124,804.8346,
2025,2010,449.3659,0,244.3613,-29.5821,928.314,
2025,2011,297.242,0,284.7571,-260.8818,855.3658,
2025,2012,-786.4795,0,258.8824,-1293.889,-279.0701,*
2025,2013,-1609.4875,0,219.8066,-2040.3084,-1178.6667,*
2025,2014,359.1822,0,189.8045,-12.8347,731.199,
2025,2015,114.8725,0,148.366,-175.925,405.6699,
2025,2016,1015.5702,0,215.0562,594.06,1437.0805,*
2025,2017,712.7718,0,292.9422,138.605,1286.9385,*
2025,2018,-17.4782,0,300.8849,-607.2126,572.2562,
2025,2019,-680.6922,0,328.2365,-1324.0358,-37.3486,*
2025,2020,-256.7053,0,295.5278,-835.9398,322.5292,
2025,2021,-384.0926,0,258.3877,-890.5325,122.3472,
2025,2022,399.3135,0,304.2287,-196.9748,995.6017,
2025,2023,-306.2071,0,290.0351,-874.6758,262.2616,
2025,2024,-976.7749,0,175.6817,-1321.111,-632.4387,*
2025,2025,536.28,1,162.0426,218.6766,853.8835,*
