group,time,att,se,covariate_set,anticipation,event_time
2002,2002,-34.43549227014519,20.70931855402526,baseline,0,0
2002,2003,337.5362894975004,17.17973675508743,baseline,0,1
2002,2004,-304.88123269954656,21.586349539419984,baseline,0,2
2002,2005,6.7000437236650825,19.83679975557358,baseline,0,3
2002,2006,237.36178942969343,20.714556489802515,baseline,0,4
2002,2007,-424.7563947949131,24.53093583773652,baseline,0,5
2003,2002,-5092.825255269937,1774.9451754134159,baseline,0,-1
2003,2003,116.53616924262792,137.72885176534731,baseline,0,0
2003,2004,202.68853995313503,255.07309168049358,baseline,0,1
2003,2005,497.9566296265109,311.9227135817152,baseline,0,2
2003,2006,158.87108441778895,196.09429183219137,baseline,0,3
2003,2007,-685.8816997906729,145.67907843191267,baseline,0,4
2003,2008,-245.76257794034547,206.34345804635956,baseline,0,5
2004,2002,-1848.5334901675506,592.2695212189385,baseline,0,-2
2004,2003,554.3742246783677,139.36643759530997,baseline,0,-1
2004,2004,97.87297305840286,628.9850200095657,baseline,0,0
2004,2005,-24.031229987287247,272.09061350850163,baseline,0,1
2004,2006,297.0017815362927,337.6057311951047,baseline,0,2
2004,2007,-295.73553443555954,348.6380808137639,baseline,0,3
2004,2008,-21.391914492706746,490.77094877083385,baseline,0,4
2004,2009,275.40455072279394,409.6169943855104,baseline,0,5
2005,2002,426.07760022116895,234.7745751738826,baseline,0,-3
2005,2003,-109.64946951904335,261.4978465476206,baseline,0,-2
2005,2004,-619.7525697951354,128.993397968438,baseline,0,-1
2005,2005,672.1877451459951,167.28812723554003,baseline,0,0
2005,2006,542.4839966829635,150.25874395512918,baseline,0,1
2005,2007,-3.661882676778859,128.38311910344478,baseline,0,2
2005,2008,-212.28539850264752,116.05503773835532,baseline,0,3
2005,2009,219.03895171169154,117.50120234715122,baseline,0,4
2005,2010,416.2656955630858,117.17477204300437,baseline,0,5
2006,2002,-560.6965612721585,446.48293225762797,baseline,0,-4
2006,2003,-1108.913941574378,426.78738884625557,baseline,0,-3
2006,2004,1164.265016315358,442.23695478322855,baseline,0,-2
2006,2005,-654.9414008251008,423.62692640598743,baseline,0,-1
2006,2006,224.28195136917267,413.0461857367,baseline,0,0
2006,2007,-371.6025511921362,381.3340759004373,baseline,0,1
2006,2008,-665.6961036103692,486.9430529306476,baseline,0,2
2006,2009,367.673232150534,357.16524698863554,baseline,0,3
2006,2010,576.2155450149954,674.5592105010996,baseline,0,4
2006,2011,-28.087274505686636,385.5080590609722,baseline,0,5
2007,2002,-338.6052352769759,77.24340509809507,baseline,0,-5
2007,2003,273.93843376786464,58.27620883848074,baseline,0,-4
2007,2004,-564.8984781792005,58.62585618357434,baseline,0,-3
2007,2005,297.07724267330354,51.06900424801227,baseline,0,-2
2007,2006,194.38046118337263,47.227952635869016,baseline,0,-1
2007,2007,-536.7772391621472,49.424574147595294,baseline,0,0
2007,2008,-294.1578495264802,63.26477877812329,baseline,0,1
2007,2009,-129.9418340461367,55.45373565655474,baseline,0,2
2007,2010,63.98161286968002,61.19317634274352,baseline,0,3
2007,2011,-138.2826183383122,48.28022675875308,baseline,0,4
2007,2012,37.31952828433819,61.901354383626305,baseline,0,5
2008,2002,341.4092343232146,198.1799726933126,baseline,0,-6
2008,2003,98.94430804433347,202.4635243997538,baseline,0,-5
2008,2004,-497.182778305218,180.4881868744076,baseline,0,-4
2008,2005,-59.625110935062594,167.7269366771962,baseline,0,-3
2008,2006,99.58311227294928,142.84135791055724,baseline,0,-2
2008,2007,-923.1218533815626,116.5812893324966,baseline,0,-1
2008,2008,-60.22096663249101,110.32360677159268,baseline,0,0
2008,2009,803.3348601749176,123.08446527124195,baseline,0,1
2008,2010,572.2425237869714,132.74689288083462,baseline,0,2
2008,2011,686.6362566773921,146.38300585942574,baseline,0,3
2008,2012,422.58441001060544,106.32981477259665,baseline,0,4
2008,2013,44.372095268451176,100.3782919790783,baseline,0,5
2009,2002,-168.49319713608782,56.32213559890755,baseline,0,-7
2009,2003,202.93821574430774,50.81600146830684,baseline,0,-6
2009,2004,-295.01498657252404,54.910543194312424,baseline,0,-5
2009,2005,129.21169788800967,54.89760189073305,baseline,0,-4
2009,2006,108.45772820741021,45.44778098405659,baseline,0,-3
2009,2007,-647.3789698307872,47.249437161375525,baseline,0,-2
2009,2008,113.21700811023447,50.32074897951244,baseline,0,-1
2009,2009,536.4907883229998,56.7378342460251,baseline,0,0
2009,2010,625.2212069295927,63.30520135129821,baseline,0,1
2009,2011,482.66719743920885,50.23387634267247,baseline,0,2
2009,2012,544.7139418023412,51.07644987228066,baseline,0,3
2009,2013,409.41834261503516,47.41531022716998,baseline,0,4
2009,2014,124.96668379713094,49.529008263311056,baseline,0,5
2010,2002,-245.4183117056166,193.41517085379502,baseline,0,-8
2010,2003,-187.9543039123244,148.67660763266176,baseline,0,-7
2010,2004,157.48766212585986,118.89091293126758,baseline,0,-6
2010,2005,-157.4397209982671,125.22279545235675,baseline,0,-5
2010,2006,864.3948720376166,167.71905695779583,baseline,0,-4
2010,2007,-1397.0445851280754,165.98238729596747,baseline,0,-3
2010,2008,325.7587554719463,116.95630962258016,baseline,0,-2
2010,2009,913.584658632477,151.31310201151553,baseline,0,-1
2010,2010,-431.3303401850951,161.3047246762168,baseline,0,0
2010,2011,-211.64008320773723,169.31741224230825,baseline,0,1
2010,2012,-246.87463547328946,149.81315267464163,baseline,0,2
2010,2013,-695.0523477916443,155.35714387257158,baseline,0,3
2010,2014,-1120.0606389109485,183.4042176990086,baseline,0,4
2010,2015,-948.9535270594554,141.91862453262962,baseline,0,5
2011,2003,176.4834213907131,98.49288246529764,baseline,0,-8
2011,2004,1092.557731701624,128.81024800278132,baseline,0,-7
2011,2005,-815.8045189050604,136.2784537412783,baseline,0,-6
2011,2006,424.99248295065865,128.31647093647024,baseline,0,-5
2011,2007,-192.47102222642968,136.21204143759653,baseline,0,-4
2011,2008,-1105.0376313919553,141.52216425249657,baseline,0,-3
2011,2009,1280.0413539439057,125.64175629351266,baseline,0,-2
2011,2010,-596.9837785588903,128.41348696074863,baseline,0,-1
2011,2011,-750.7588780097309,110.71078020819387,baseline,0,0
2011,2012,-411.1757057643073,129.46822840330162,baseline,0,1
2011,2013,-1289.9694676423976,118.36213778670759,baseline,0,2
2011,2014,-916.0416368498203,153.50682141833838,baseline,0,3
2011,2015,-992.2237733552143,123.79527682893522,baseline,0,4
2011,2016,-1184.0583191673902,137.44773457538864,baseline,0,5
2012,2004,-1141.091146544909,270.5613545500033,baseline,0,-8
2012,2005,733.627872798364,247.0974208357298,baseline,0,-7
2012,2006,-589.5582415536306,322.1525720592722,baseline,0,-6
2012,2007,-407.6988517839209,187.4630358123006,baseline,0,-5
2012,2008,319.12877095559486,203.87060912401847,baseline,0,-4
2012,2009,574.2589520933536,343.4825133213301,baseline,0,-3
2012,2010,-3.3788644807698347,362.28257422751943,baseline,0,-2
2012,2011,-502.74075358092057,227.38431378478487,baseline,0,-1
2012,2012,-104.93517450830893,163.81744163422445,baseline,0,0
2012,2013,-445.23640543856175,128.13247832963262,baseline,0,1
2012,2014,-595.5073050434912,155.67918559058793,baseline,0,2
2012,2015,138.1939494576868,224.11611653019676,baseline,0,3
2012,2016,-485.8144065995467,279.78458673183314,baseline,0,4
2012,2017,-566.0342148968177,312.63897838654015,baseline,0,5
2013,2005,505.50792403012457,163.64760948459272,baseline,0,-8
2013,2006,397.72888806512583,232.9176333924938,baseline,0,-7
2013,2007,-797.5139005246335,234.07772044982036,baseline,0,-6
2013,2008,437.7513540438953,195.8381055323243,baseline,0,-5
2013,2009,139.25822704266972,201.78125258364645,baseline,0,-4
2013,2010,-286.53098477032916,179.10904572967743,baseline,0,-3
2013,2011,265.04431187979776,185.20236279539083,baseline,0,-2
2013,2012,105.86470931142493,198.96568923796914,baseline,0,-1
2013,2013,-518.7314431753957,174.3305662555865,baseline,0,0
2013,2014,-287.7264933154446,267.4371437235732,baseline,0,1
2013,2015,-239.4732388154268,161.20513690449454,baseline,0,2
2013,2016,24084.34641427428,2619.575421722551,baseline,0,3
2013,2017,-824.7284437710998,228.40468790908614,baseline,0,4
2013,2018,-1142.1736129938986,200.76122136322982,baseline,0,5
2014,2006,288.82536657960407,160.29894085749967,baseline,0,-8
2014,2007,1540.5816773530087,458.04140033897494,baseline,0,-7
2014,2008,-1091.5937477453263,717.1858863297944,baseline,0,-6
2014,2009,39.007559775522395,728.9060105525568,baseline,0,-5
2014,2010,-679.932183868507,226.76315511912776,baseline,0,-4
2014,2011,92.24710393057848,268.2110946899683,baseline,0,-3
2014,2012,468.8000790507332,286.54538266180674,baseline,0,-2
2014,2013,-586.828505883239,270.7403702772961,baseline,0,-1
2014,2014,-326.3172396871378,188.84935051674253,baseline,0,0
2014,2015,299.43797087579617,345.7250430699266,baseline,0,1
2014,2016,-259.00173486757285,383.12440033720515,baseline,0,2
2014,2017,-976.1336862349434,437.7487764866023,baseline,0,3
2014,2018,-1186.6463417544633,191.22825571640016,baseline,0,4
2014,2019,80.90574977345352,583.4553282998231,baseline,0,5
2018,2010,144.16307729214986,111.70356932747248,baseline,0,-8
2018,2011,-335.5328537987559,103.08633390948135,baseline,0,-7
2018,2012,152.06259138405744,82.23798674018933,baseline,0,-6
2018,2013,-650.3420572390214,70.13024889394025,baseline,0,-5
2018,2014,21.42850677875026,76.67002955222029,baseline,0,-4
2018,2015,93.15957757095316,87.06850622039174,baseline,0,-3
2018,2016,-426.83557179664524,82.12750236427101,baseline,0,-2
2018,2017,-2.518295567656537,104.14320050279589,baseline,0,-1
2018,2018,-318.479049402169,104.95403040310163,baseline,0,0
2018,2019,-126.39342756735732,101.90351610583465,baseline,0,1
2018,2020,-447.46128555802727,113.29111786344114,baseline,0,2
2018,2021,125.5232710950678,121.61061517359782,baseline,0,3
2018,2022,215.38339519920396,110.34112146260154,baseline,0,4
2018,2023,516.1955261309351,112.86129984607389,baseline,0,5
2019,2011,2217.824410443167,1073.3951605464943,baseline,0,-8
2019,2012,-321.5367942000529,1151.4471176250952,baseline,0,-7
2019,2013,-1350.8656351804273,711.0386050714658,baseline,0,-6
2019,2014,-740.4651469792008,284.20395057715893,baseline,0,-5
2019,2015,560.9019532009581,438.0417812304481,baseline,0,-4
2019,2016,-516.9455944420939,361.3101129343711,baseline,0,-3
2019,2017,2242.611139751193,1528.2816527672974,baseline,0,-2
2019,2018,-3020.711298284841,1784.75313110094,baseline,0,-1
2019,2019,1182.179581920338,530.8080154309976,baseline,0,0
2019,2020,3673.452776618436,4112.991132197152,baseline,0,1
2019,2021,993.575955424144,1099.7384124152404,baseline,0,2
2019,2022,2206.2468713162934,1483.4045403103262,baseline,0,3
2019,2023,1144.5168504924131,1011.5575667099384,baseline,0,4
2019,2024,1288.9220191721686,1095.5458782801395,baseline,0,5
2020,2012,-66.08111769371435,32.80602502675457,baseline,0,-8
2020,2013,-9.377898967137327,33.49626188757704,baseline,0,-7
2020,2014,-434.6975059150104,29.4368137833621,baseline,0,-6
2020,2015,294.74035785553633,24.767734075420645,baseline,0,-5
2020,2016,-685.7644348951189,32.08055503436069,baseline,0,-4
2020,2017,-352.8730936653014,58.32359133943167,baseline,0,-3
2020,2018,1068.8401215685324,113.95816806056223,baseline,0,-2
2020,2019,-216.63043642419805,109.48869235377272,baseline,0,-1
2020,2020,-251.0258663760119,104.86013979044743,baseline,0,0
2020,2021,208.86800174605992,94.20908290619666,baseline,0,1
2020,2022,525.0571152028731,98.41341614275174,baseline,0,2
2020,2023,229.24547998690093,71.45648331424269,baseline,0,3
2020,2024,700.4870428782875,88.50974145221903,baseline,0,4
2020,2025,368.84236302249394,74.01768567716911,baseline,0,5
2021,2013,-1896.0291091415834,233.1322075342272,baseline,0,-8
2021,2014,203.9794980321891,133.20288333030913,baseline,0,-7
2021,2015,75.03512718345672,167.94835749897172,baseline,0,-6
2021,2016,-12.927372915297497,184.9860276433825,baseline,0,-5
2021,2017,1249.4529075173368,268.7457089857392,baseline,0,-4
2021,2018,-1326.9306656427696,289.8736458673783,baseline,0,-3
2021,2019,-233.29305513683585,186.43109000860193,baseline,0,-2
2021,2020,-705.7708840340072,147.19585460202754,baseline,0,-1
2021,2021,565.1180120396659,155.15468219213537,baseline,0,0
2021,2022,814.0205723553975,165.30554951780485,baseline,0,1
2021,2023,1352.2595365844,181.8548510406352,baseline,0,2
2021,2024,1179.756768424314,159.2221535791154,baseline,0,3
2021,2025,1245.7466638791411,212.41628951237595,baseline,0,4
2024,2016,331.8733457278264,100.36711250271603,baseline,0,-8
2024,2017,134.80312675050993,119.7149790427062,baseline,0,-7
2024,2018,-980.2072959616207,99.22944674007685,baseline,0,-6
2024,2019,-99.32990897641787,66.9083075587663,baseline,0,-5
2024,2020,-413.0885884658501,66.68103519485315,baseline,0,-4
2024,2021,487.263297803632,71.54921547942776,baseline,0,-3
2024,2022,282.57818520857154,61.58188430240312,baseline,0,-2
2024,2023,447.3830016175226,70.54010785780325,baseline,0,-1
2024,2024,-399.71272395170786,68.52127354555219,baseline,0,0
2024,2025,-372.04844791270284,73.28970385376984,baseline,0,1
2025,2017,843.1662254725339,292.68686414417414,baseline,0,-8
2025,2018,-96.61482739020425,300.862388484136,baseline,0,-7
2025,2019,-760.3214665416897,328.234645875489,baseline,0,-6
2025,2020,-262.8615793033942,295.94453332995266,baseline,0,-5
2025,2021,-388.05402200570325,258.86230434611474,baseline,0,-4
2025,2022,459.0026245414763,304.39951171409757,baseline,0,-3
2025,2023,-460.57831481326144,290.1374937791457,baseline,0,-2
2025,2024,-1013.0311022926414,176.0840314015814,baseline,0,-1
2025,2025,528.7236758155066,162.56509744201074,baseline,0,0
2003,2002,-5092.825255269937,1774.9451754134159,anticipation1,1,-1
2003,2003,-4976.437845205798,1780.081562558859,anticipation1,1,0
2003,2004,-4891.291686531156,1804.0393941398102,anticipation1,1,1
2003,2005,-4596.293549344735,1771.0845840288384,anticipation1,1,2
2003,2006,-4935.767765187222,1791.5724756671339,anticipation1,1,3
2003,2007,-5790.034803023997,1777.2630317170454,anticipation1,1,4
2003,2008,-5363.817160406358,1764.2122989920567,anticipation1,1,5
2004,2002,-1849.8598577724683,592.2694508371403,anticipation1,1,-2
2004,2003,554.3742246783677,139.36643759530997,anticipation1,1,-1
2004,2004,649.9918410599817,616.2511265775114,anticipation1,1,0
2004,2005,528.6970930516409,203.56903578523892,anticipation1,1,1
2004,2006,850.9611248004229,272.71519849475237,anticipation1,1,2
2004,2007,249.37440649477315,287.858477242094,anticipation1,1,3
2004,2008,517.668692033301,443.8277745934773,anticipation1,1,4
2004,2009,841.0953314316472,388.0875473849669,anticipation1,1,5
2005,2002,424.7476711373249,234.77439695564198,anticipation1,1,-3
2005,2003,-109.58565293486078,261.49796251749837,anticipation1,1,-2
2005,2004,-619.7525697951354,128.993397968438,anticipation1,1,-1
2005,2005,53.537225734051276,132.70207301350763,anticipation1,1,0
2005,2006,-75.62413698905718,179.16690798374958,anticipation1,1,1
2005,2007,-638.0591440274002,125.82692819071512,anticipation1,1,2
2005,2008,-865.0021354911695,153.49734947419972,anticipation1,1,3
2005,2009,-419.0834014135566,153.08755760836493,anticipation1,1,4
2005,2010,-221.7855758816429,157.7507190599081,anticipation1,1,5
2006,2002,-562.0259153673264,446.48283830163774,anticipation1,1,-4
2006,2003,-1108.8504215695643,426.7874596485324,anticipation1,1,-3
2006,2004,1162.3522000244036,442.2387300977557,anticipation1,1,-2
2006,2005,-654.9414008251008,423.62692640598743,anticipation1,1,-1
2006,2006,-424.85450481803286,463.2220779717596,anticipation1,1,0
2006,2007,-1029.7074883957316,493.5147636097119,anticipation1,1,1
2006,2008,-1329.9243599013766,551.199520362115,anticipation1,1,2
2006,2009,-276.99625246277583,472.53301074819313,anticipation1,1,3
2006,2010,-108.19092499597184,706.3765560888695,anticipation1,1,4
2006,2011,-704.5679455020495,473.5060444486323,anticipation1,1,5
2007,2002,-339.9482584530264,77.24286136719621,anticipation1,1,-5
2007,2003,274.0032261285574,58.27674352343816,anticipation1,1,-4
2007,2004,-566.8587798484268,58.63968082463572,anticipation1,1,-3
2007,2005,295.6454513383263,51.07419073460127,anticipation1,1,-2
2007,2006,194.38046118337263,47.227952635869016,anticipation1,1,-1
2007,2007,-348.6261457293196,47.7134816845358,anticipation1,1,0
2007,2008,-116.77318204668387,66.8686557513371,anticipation1,1,1
2007,2009,72.12414654030181,54.25826767194098,anticipation1,1,2
2007,2010,258.95430612005856,59.417566245774,anticipation1,1,3
2007,2011,78.64405699294703,47.132108051748524,anticipation1,1,4
2007,2012,255.71260877900755,60.22162262278743,anticipation1,1,5
2008,2002,340.07378066257274,198.17975920287432,anticipation1,1,-6
2008,2003,99.00852979677916,202.4636752357827,anticipation1,1,-5
2008,2004,-499.1252879051485,180.4925935792943,anticipation1,1,-4
2008,2005,-61.059305499599304,167.72846752186518,anticipation1,1,-3
2008,2006,101.91239960130272,142.86165596428603,anticipation1,1,-2
2008,2007,-923.1218533815626,116.5812893324966,anticipation1,1,-1
2008,2008,-1005.7306303628445,114.34901109921773,anticipation1,1,0
2008,2009,-147.48155184220917,128.5632408652828,anticipation1,1,1
2008,2010,-406.47714699739697,145.57559978092584,anticipation1,1,2
2008,2011,-277.1001581480847,147.64894843688995,anticipation1,1,3
2008,2012,-543.2497584616843,117.7610176498088,anticipation1,1,4
2008,2013,-925.3293749457484,114.05069225866198,anticipation1,1,5
2009,2002,-169.87690792756638,56.32136760073347,anticipation1,1,-7
2009,2003,203.00552732472426,50.816662621910844,anticipation1,1,-6
2009,2004,-297.05069364750517,54.9264530093957,anticipation1,1,-5
2009,2005,127.74098947778157,54.90294044086429,anticipation1,1,-4
2009,2006,110.91383918233532,45.51795908635254,anticipation1,1,-3
2009,2007,-654.8950099812814,47.30866354107543,anticipation1,1,-2
2009,2008,113.21700811023447,50.32074897951244,anticipation1,1,-1
2009,2009,653.8737209783684,56.64869238276075,anticipation1,1,0
2009,2010,724.3537541070297,65.01826685958399,anticipation1,1,1
2009,2011,557.7104566582043,50.44759972921346,anticipation1,1,2
2009,2012,623.0387808722639,53.21805640885027,anticipation1,1,3
2009,2013,484.34064700559577,47.876641073476875,anticipation1,1,4
2009,2014,200.62613008469057,49.957151817178996,anticipation1,1,5
2010,2002,-246.74883796230642,193.41495470292372,anticipation1,1,-8
2010,2003,-187.89051355930565,148.67681196971517,anticipation1,1,-7
2010,2004,155.5666762726937,118.89755696908769,anticipation1,1,-6
2010,2005,-158.86776661512914,125.22482901670821,anticipation1,1,-5
2010,2006,866.7376277005698,167.73617587972296,anticipation1,1,-4
2010,2007,-1404.10370058431,165.9974454005035,anticipation1,1,-3
2010,2008,330.4990262809488,117.1171710677436,anticipation1,1,-2
2010,2009,913.584658632477,151.31310201151553,anticipation1,1,-1
2010,2010,507.40984522408013,150.8919586375107,anticipation1,1,0
2010,2011,749.2488007882964,165.58765588892936,anticipation1,1,1
2010,2012,716.8570593486928,143.46049439174237,anticipation1,1,2
2010,2013,267.61295558169627,134.97933976693915,anticipation1,1,3
2010,2014,-156.5517656511264,170.00453726806896,anticipation1,1,4
2010,2015,14.555346200366557,128.08017410180534,anticipation1,1,5
2011,2003,176.5500476583428,98.4932076903297,anticipation1,1,-8
2011,2004,1090.6931249058393,128.81650571786673,anticipation1,1,-7
2011,2005,-817.3405831910013,136.2802369830261,anticipation1,1,-6
2011,2006,427.55930564946493,128.33916713467084,anticipation1,1,-5
2011,2007,-199.78053330105683,136.23100142165666,anticipation1,1,-4
2011,2008,-1101.9123697064504,141.66118486204488,anticipation1,1,-3
2011,2009,1283.3800193996708,125.65327416249487,anticipation1,1,-2
2011,2010,-596.9837785588903,128.41348696074863,anticipation1,1,-1
2011,2011,-1349.2202936090816,119.07591791619232,anticipation1,1,0
2011,2012,-1007.9010841193831,136.26521637322833,anticipation1,1,1
2011,2013,-1889.538129965216,125.72282082967479,anticipation1,1,2
2011,2014,-1515.5811493143835,158.51019602919015,anticipation1,1,3
2011,2015,-1591.7632858197776,130.45238035001626,anticipation1,1,4
2011,2016,-1783.5978316319536,144.6018551806412,anticipation1,1,5
2012,2004,-1143.0213859634332,270.5642646091011,anticipation1,1,-8
2012,2005,732.2058320380312,247.09844632463978,anticipation1,1,-7
2012,2006,-587.2675684450062,322.1614535468463,anticipation1,1,-6
2012,2007,-414.7273545915923,187.47634498880618,anticipation1,1,-5
2012,2008,323.8562213180196,203.962719208642,anticipation1,1,-4
2012,2009,577.3316380203833,343.4864949920833,anticipation1,1,-3
2012,2010,-25.319282152606547,362.27684701658876,anticipation1,1,-2
2012,2011,-502.74075358092057,227.38431378478487,anticipation1,1,-1
2012,2012,-605.6762140079693,183.0267895450124,anticipation1,1,0
2012,2013,-946.5795310451049,198.90777526073688,anticipation1,1,1
2012,2014,-1096.7144824150082,201.67812106455736,anticipation1,1,2
2012,2015,-363.0132279138303,255.65342780827646,anticipation1,1,3
2012,2016,-987.0215839710638,305.0241199899997,anticipation1,1,4
2012,2017,-1110.227895889055,298.8803403110489,anticipation1,1,5
2013,2005,504.08386174034416,163.64917182058423,anticipation1,1,-8
2013,2006,400.0663077947787,232.9299737136201,anticipation1,1,-7
2013,2007,-804.5814944833431,234.08842320498604,anticipation1,1,-6
2013,2008,442.54927650153263,195.9345711214445,anticipation1,1,-5
2013,2009,142.3358714801659,201.78807929930565,anticipation1,1,-4
2013,2010,-308.58535694030525,179.09755505643562,anticipation1,1,-3
2013,2011,263.63390493360953,185.20556562706784,anticipation1,1,-2
2013,2012,105.86470931142493,198.96568923796914,anticipation1,1,-1
2013,2013,-413.002682098997,195.5019937730665,anticipation1,1,0
2013,2014,-181.31848985336234,276.38611959178013,anticipation1,1,1
2013,2015,-133.06523535334452,190.73172016053184,anticipation1,1,2
2013,2016,24190.754417736367,2620.416830867747,anticipation1,1,3
2013,2017,-748.7445333682255,249.2268011589377,anticipation1,1,4
2013,2018,-1030.1208613306076,221.77738547558585,anticipation1,1,5
2014,2006,291.13404519241976,160.31675558008388,anticipation1,1,-8
2014,2007,1533.584197181038,458.0468215088896,anticipation1,1,-7
2014,2008,-1086.959054121413,717.2119309262898,anticipation1,1,-6
2014,2009,42.070310641965534,728.9078786039332,anticipation1,1,-5
2014,2010,-701.8646453441808,226.75412030658217,anticipation1,1,-4
2014,2011,90.83899235992506,268.2132843269344,anticipation1,1,-3
2014,2012,469.3766193114003,286.5484257755492,anticipation1,1,-2
2014,2013,-586.828505883239,270.7403702772961,anticipation1,1,-1
2014,2014,-913.1457455703767,260.8420242732828,anticipation1,1,0
2014,2015,-287.39053500744285,348.5307704871459,anticipation1,1,1
2014,2016,-845.8302407508118,404.5457983986712,anticipation1,1,2
2014,2017,-1599.1245741981231,453.9938147686199,anticipation1,1,3
2014,2018,-1797.9362741014595,237.90000977517877,anticipation1,1,4
2014,2019,-561.2618576760801,550.4279458500764,anticipation1,1,5
2018,2010,121.64514635110925,111.68111326854904,anticipation1,1,-8
2018,2011,-337.0302612725652,103.09234080240076,anticipation1,1,-7
2018,2012,152.68975933376043,82.24945464913723,anticipation1,1,-6
2018,2013,-651.0770010757818,70.133765692253,anticipation1,1,-5
2018,2014,21.42850677875026,76.67002955222029,anticipation1,1,-4
2018,2015,93.15957757095316,87.06850622039174,anticipation1,1,-3
2018,2016,-426.83557179664524,82.12750236427101,anticipation1,1,-2
2018,2017,-2.518295567656537,104.14320050279589,anticipation1,1,-1
2018,2018,-321.02025737910634,93.29291587610594,anticipation1,1,0
2018,2019,-88.30869136794742,86.45846319255381,anticipation1,1,1
2018,2020,-486.0959613841839,98.63987518498486,anticipation1,1,2
2018,2021,103.46989124210313,107.41000105063927,anticipation1,1,3
2018,2022,193.33001534623924,94.19070288137665,anticipation1,1,4
2018,2023,489.8717968151183,93.45526669579698,anticipation1,1,5
2019,2011,2216.4177578748495,1073.395705869689,anticipation1,1,-8
2019,2012,-320.96389099367366,1151.4478723198615,anticipation1,1,-7
2019,2013,-1351.5449411317404,711.0389226586653,anticipation1,1,-6
2019,2014,-740.4651469792008,284.20395057715893,anticipation1,1,-5
2019,2015,560.9019532009581,438.0417812304481,anticipation1,1,-4
2019,2016,-516.9455944420939,361.3101129343711,anticipation1,1,-3
2019,2017,2242.519321087555,1528.2980548342919,anticipation1,1,-2
2019,2018,-3020.711298284841,1784.75313110094,anticipation1,1,-1
2019,2019,-1769.1754428193092,1726.622642928939,anticipation1,1,0
2019,2020,723.1486631514294,4080.946703761687,anticipation1,1,1
2019,2021,-1949.5061840038854,1461.20088432627,anticipation1,1,2
2019,2022,-736.8352681117364,1681.9210626700606,anticipation1,1,3
2019,2023,-1807.3212374839743,1664.6159159483775,anticipation1,1,4
2019,2024,-1715.7559408238465,1698.3192326395667,anticipation1,1,5
2020,2012,-65.48990272309969,32.84057365252398,anticipation1,1,-8
2020,2013,-10.115801435174433,33.504788152813255,anticipation1,1,-7
2020,2014,-434.6975059150104,29.4368137833621,anticipation1,1,-6
2020,2015,294.74035785553633,24.767734075420645,anticipation1,1,-5
2020,2016,-685.7644348951189,32.08055503436069,anticipation1,1,-4
2020,2017,-354.1463472056209,58.87229116422117,anticipation1,1,-3
2020,2018,1068.7460903167034,113.95842118426788,anticipation1,1,-2
2020,2019,-216.63043642419805,109.48869235377272,anticipation1,1,-1
2020,2020,-474.87827683918624,134.84926828434905,anticipation1,1,0
2020,2021,-9.658186956527004,132.1728675548821,anticipation1,1,1
2020,2022,306.5309265002861,136.65045460104605,anticipation1,1,2
2020,2023,37.17193558871543,118.76791599491854,anticipation1,1,3
2020,2024,451.4689033767021,130.32029760297263,anticipation1,1,4
2020,2025,137.27458156857335,120.10796204332456,anticipation1,1,5
2021,2013,-1896.7276566559144,233.13318445855435,anticipation1,1,-8
2021,2014,203.9794980321891,133.20288333030913,anticipation1,1,-7
2021,2015,75.03512718345672,167.94835749897172,anticipation1,1,-6
2021,2016,-12.927372915297497,184.9860276433825,anticipation1,1,-5
2021,2017,1249.684521937697,268.8405918234303,anticipation1,1,-4
2021,2018,-1327.0204984471293,289.8737319327228,anticipation1,1,-3
2021,2019,-251.20372781488732,186.60325207839202,anticipation1,1,-2
2021,2020,-705.7708840340072,147.19585460202754,anticipation1,1,-1
2021,2021,-140.65287199434124,165.66936275049173,anticipation1,1,0
2021,2022,108.24968832139032,173.37070385143232,anticipation1,1,1
2021,2023,677.6202365183426,181.17136307969312,anticipation1,1,2
2021,2024,440.20851627002753,161.49840595805028,anticipation1,1,3
2021,2025,520.6170386497507,213.96842787467435,anticipation1,1,4
2024,2016,331.8733457278264,100.36711250271603,anticipation1,1,-8
2024,2017,134.89137502518395,119.94420721156129,anticipation1,1,-7
2024,2018,-980.3005767254772,99.2297192902304,anticipation1,1,-6
2024,2019,-117.99728900197579,67.44764929959021,anticipation1,1,-5
2024,2020,-418.7573783621972,66.8131864518081,anticipation1,1,-4
2024,2021,487.263297803632,71.54921547942776,anticipation1,1,-3
2024,2022,282.57818520857154,61.58188430240312,anticipation1,1,-2
2024,2023,447.3830016175226,70.54010785780325,anticipation1,1,-1
2024,2024,32.17341888172018,62.37449212740661,anticipation1,1,0
2024,2025,70.61856527096228,66.91232788833022,anticipation1,1,1
2025,2017,843.36816064631,292.77416147647756,anticipation1,1,-8
2025,2018,-96.70463043319961,300.86247165298073,anticipation1,1,-7
2025,2019,-778.7690545248793,328.3312867324889,anticipation1,1,-6
2025,2020,-268.2633343461089,295.97165769347566,anticipation1,1,-5
2025,2021,-388.05402200570325,258.86230434611474,anticipation1,1,-4
2025,2022,459.0026245414763,304.39951171409757,anticipation1,1,-3
2025,2023,-443.1407489698188,290.20613912379525,anticipation1,1,-2
2025,2024,-1013.0311022926414,176.0840314015814,anticipation1,1,-1
2025,2025,-484.30742647713487,197.95424431180652,anticipation1,1,0
2002,2002,-140.88779539848798,,dr_geography,0,0
2002,2003,92.95383918550442,,dr_geography,0,1
2002,2004,-268.07533922491916,,dr_geography,0,2
2002,2005,-156.42474724383436,,dr_geography,0,3
2002,2006,47.22871050379506,,dr_geography,0,4
2002,2007,-545.2622964139229,,dr_geography,0,5
2003,2002,0.0,,dr_geography,0,-1
2003,2003,4613.58775975792,,dr_geography,0,0
2003,2004,-782.6978713763882,,dr_geography,0,1
2003,2005,11.671361022530535,,dr_geography,0,2
2003,2006,1399.2709579572734,,dr_geography,0,3
2003,2007,-8171.3406198089115,,dr_geography,0,4
2003,2008,-2844.7268851115264,,dr_geography,0,5
2004,2002,-3845.912251962111,,dr_geography,0,-2
2004,2003,0.0,,dr_geography,0,-1
2004,2004,-3934.9888105233163,,dr_geography,0,0
2004,2005,-3909.994447054331,,dr_geography,0,1
2004,2006,-1948.4437271606018,,dr_geography,0,2
2004,2007,-9526.006369821862,,dr_geography,0,3
2004,2008,-4930.167729813827,,dr_geography,0,4
2004,2009,-2817.0914220035534,,dr_geography,0,5
2005,2002,1269.5558812454676,,dr_geography,0,-3
2005,2003,3340.1124542101193,,dr_geography,0,-2
2005,2004,0.0,,dr_geography,0,-1
2005,2005,971.874520719806,,dr_geography,0,0
2005,2006,1502.9436972549088,,dr_geography,0,1
2005,2007,-3054.790181741086,,dr_geography,0,2
2005,2008,-589.0492719318574,,dr_geography,0,3
2005,2009,1314.1152147626271,,dr_geography,0,4
2005,2010,364.41577985121813,,dr_geography,0,5
2006,2002,686.0339375672853,,dr_geography,0,-4
2006,2003,115.29716640585647,,dr_geography,0,-3
2006,2004,612.1300830152926,,dr_geography,0,-2
2006,2005,0.0,,dr_geography,0,-1
2006,2006,306.27822870610163,,dr_geography,0,0
2006,2007,-1557.091802034479,,dr_geography,0,1
2006,2008,-506.9806200111686,,dr_geography,0,2
2006,2009,450.74696862873196,,dr_geography,0,3
2006,2010,319.6130167726531,,dr_geography,0,4
2006,2011,-386.5539443343796,,dr_geography,0,5
2007,2002,-249.56075067338148,,dr_geography,0,-5
2007,2003,800.5584929741815,,dr_geography,0,-4
2007,2004,-704.8505320198138,,dr_geography,0,-3
2007,2005,-693.534996569932,,dr_geography,0,-2
2007,2006,0.0,,dr_geography,0,-1
2007,2007,-2263.04003167313,,dr_geography,0,0
2007,2008,-999.197790022836,,dr_geography,0,1
2007,2009,-89.88105493314919,,dr_geography,0,2
2007,2010,-377.9915905653817,,dr_geography,0,3
2007,2011,-871.9207977337661,,dr_geography,0,4
2007,2012,-535.7971006081038,,dr_geography,0,5
2008,2002,2469.1424403647025,,dr_geography,0,-6
2008,2003,3284.1570115243444,,dr_geography,0,-5
2008,2004,1840.2199479656283,,dr_geography,0,-4
2008,2005,1921.0795459875058,,dr_geography,0,-3
2008,2006,2169.6165033243037,,dr_geography,0,-2
2008,2007,0.0,,dr_geography,0,-1
2008,2008,974.5968236434512,,dr_geography,0,0
2008,2009,2059.525496185374,,dr_geography,0,1
2008,2010,1334.3416537072053,,dr_geography,0,2
2008,2011,1417.6346152386068,,dr_geography,0,3
2008,2012,955.2251944092945,,dr_geography,0,4
2008,2013,1183.1292635036064,,dr_geography,0,5
2009,2002,457.8119613415932,,dr_geography,0,-7
2009,2003,722.5050629346538,,dr_geography,0,-6
2009,2004,463.7212946137375,,dr_geography,0,-5
2009,2005,370.43507445645434,,dr_geography,0,-4
2009,2006,601.1877691861262,,dr_geography,0,-3
2009,2007,-403.5034714206385,,dr_geography,0,-2
2009,2008,0.0,,dr_geography,0,-1
2009,2009,582.7017983907916,,dr_geography,0,0
2009,2010,566.8237964105158,,dr_geography,0,1
2009,2011,239.76007771000724,,dr_geography,0,2
2009,2012,369.7763538948976,,dr_geography,0,3
2009,2013,235.3331218703962,,dr_geography,0,4
2009,2014,-137.76998430260824,,dr_geography,0,5
2010,2002,-1177.7225133049549,,dr_geography,0,-8
2010,2003,1245.4020841407512,,dr_geography,0,-7
2010,2004,-1740.8898774523307,,dr_geography,0,-6
2010,2005,-1692.4558339339706,,dr_geography,0,-5
2010,2006,261.0983579518231,,dr_geography,0,-4
2010,2007,-6082.51041727214,,dr_geography,0,-3
2010,2008,-3023.334277971555,,dr_geography,0,-2
2010,2009,0.0,,dr_geography,0,-1
2010,2010,-1413.5975847922057,,dr_geography,0,0
2010,2011,-2329.2960517025876,,dr_geography,0,1
2010,2012,-1615.9987827562827,,dr_geography,0,2
2010,2013,-1626.3163993661224,,dr_geography,0,3
2010,2014,-3967.3964452553164,,dr_geography,0,4
2010,2015,-2227.660674557272,,dr_geography,0,5
2011,2003,670.0901558475455,,dr_geography,0,-8
2011,2004,1025.410200608843,,dr_geography,0,-7
2011,2005,-12.318868558245583,,dr_geography,0,-6
2011,2006,946.5681815621975,,dr_geography,0,-5
2011,2007,-311.99926568756814,,dr_geography,0,-4
2011,2008,-1203.4485305136175,,dr_geography,0,-3
2011,2009,830.441010867552,,dr_geography,0,-2
2011,2010,0.0,,dr_geography,0,-1
2011,2011,-864.0309154705967,,dr_geography,0,0
2011,2012,-322.11637966389355,,dr_geography,0,1
2011,2013,-1447.510971024864,,dr_geography,0,2
2011,2014,-1160.5136813085305,,dr_geography,0,3
2011,2015,-965.1766041162293,,dr_geography,0,4
2011,2016,-473.1480492169602,,dr_geography,0,5
2012,2004,304.63903574276577,,dr_geography,0,-8
2012,2005,1066.721167362962,,dr_geography,0,-7
2012,2006,1202.4120517692209,,dr_geography,0,-6
2012,2007,-2196.881912171951,,dr_geography,0,-5
2012,2008,-313.4376683914738,,dr_geography,0,-4
2012,2009,1708.8032956918203,,dr_geography,0,-3
2012,2010,1127.6661234999478,,dr_geography,0,-2
2012,2011,0.0,,dr_geography,0,-1
2012,2012,462.6950387579906,,dr_geography,0,0
2012,2013,172.3932550318494,,dr_geography,0,1
2012,2014,-947.77530824849,,dr_geography,0,2
2012,2015,663.5010886171483,,dr_geography,0,3
2012,2016,743.7408059099504,,dr_geography,0,4
2012,2017,-2000.9260144394657,,dr_geography,0,5
2013,2005,420.50811082605907,,dr_geography,0,-8
2013,2006,1327.3784138891137,,dr_geography,0,-7
2013,2007,-2138.897427652865,,dr_geography,0,-6
2013,2008,411.7669457015356,,dr_geography,0,-5
2013,2009,762.77430932262,,dr_geography,0,-4
2013,2010,83.69015824100808,,dr_geography,0,-3
2013,2011,11.768699218726674,,dr_geography,0,-2
2013,2012,0.0,,dr_geography,0,-1
2013,2013,411.8228278787393,,dr_geography,0,0
2013,2014,-506.7903955265554,,dr_geography,0,1
2013,2015,-149.86103023210504,,dr_geography,0,2
2013,2016,25003.001915361292,,dr_geography,0,3
2013,2017,-4020.01115415481,,dr_geography,0,4
2013,2018,-2275.278715051246,,dr_geography,0,5
2014,2006,64.9155012254485,,dr_geography,0,-8
2014,2007,711.7883363625623,,dr_geography,0,-7
2014,2008,805.8951246845261,,dr_geography,0,-6
2014,2009,-186.17877430705065,,dr_geography,0,-5
2014,2010,-613.0935612219912,,dr_geography,0,-4
2014,2011,-213.84243775620916,,dr_geography,0,-3
2014,2012,-395.20113847494014,,dr_geography,0,-2
2014,2013,0.0,,dr_geography,0,-1
2014,2014,-708.186767617543,,dr_geography,0,0
2014,2015,-639.3748636869046,,dr_geography,0,1
2014,2016,-708.0283917050465,,dr_geography,0,2
2014,2017,-4100.317498903406,,dr_geography,0,3
2014,2018,-2909.6725024271936,,dr_geography,0,4
2014,2019,-533.8473545160048,,dr_geography,0,5
2018,2010,2354.3175488076326,,dr_geography,0,-8
2018,2011,1754.5622417894303,,dr_geography,0,-7
2018,2012,2114.703235746698,,dr_geography,0,-6
2018,2013,1525.3718419121128,,dr_geography,0,-5
2018,2014,1035.7710399734697,,dr_geography,0,-4
2018,2015,1667.1785776535182,,dr_geography,0,-3
2018,2016,1781.8842562537238,,dr_geography,0,-2
2018,2017,0.0,,dr_geography,0,-1
2018,2018,437.6477773248614,,dr_geography,0,0
2018,2019,1679.2900308393257,,dr_geography,0,1
2018,2020,-174.94450906460725,,dr_geography,0,2
2018,2021,871.4680489772361,,dr_geography,0,3
2018,2022,1396.4541807630294,,dr_geography,0,4
2018,2023,2160.319672297158,,dr_geography,0,5
2019,2011,4935.912547986175,,dr_geography,0,-8
2019,2012,4583.125730624341,,dr_geography,0,-7
2019,2013,4039.3603139522706,,dr_geography,0,-6
2019,2014,1860.9604233434525,,dr_geography,0,-5
2019,2015,3206.4113540274434,,dr_geography,0,-4
2019,2016,3260.825925213268,,dr_geography,0,-3
2019,2017,703.528421797805,,dr_geography,0,-2
2019,2018,0.0,,dr_geography,0,-1
2019,2019,3424.972851396086,,dr_geography,0,0
2019,2020,2857.408719227365,,dr_geography,0,1
2019,2021,1425.3894297057407,,dr_geography,0,2
2019,2022,4096.683328414023,,dr_geography,0,3
2019,2023,3899.82035888488,,dr_geography,0,4
2019,2024,3177.796357775456,,dr_geography,0,5
2020,2012,142.18310890391461,,dr_geography,0,-8
2020,2013,-68.45126356356839,,dr_geography,0,-7
2020,2014,65.08556161009733,,dr_geography,0,-6
2020,2015,1.8742970046869516,,dr_geography,0,-5
2020,2016,-686.5212430243482,,dr_geography,0,-4
2020,2017,250.60312017381625,,dr_geography,0,-3
2020,2018,708.4538375398184,,dr_geography,0,-2
2020,2019,0.0,,dr_geography,0,-1
2020,2020,406.6720678275037,,dr_geography,0,0
2020,2021,448.739944414714,,dr_geography,0,1
2020,2022,455.3762887644341,,dr_geography,0,2
2020,2023,-211.54942268445592,,dr_geography,0,3
2020,2024,207.42120852535345,,dr_geography,0,4
2020,2025,10.828437327884757,,dr_geography,0,5
2021,2013,2277.3107247579374,,dr_geography,0,-8
2021,2014,1738.2143285446245,,dr_geography,0,-7
2021,2015,2289.820029155643,,dr_geography,0,-6
2021,2016,2723.5480440734545,,dr_geography,0,-5
2021,2017,1499.097323380261,,dr_geography,0,-4
2021,2018,1342.1107211727403,,dr_geography,0,-3
2021,2019,2208.6151867057433,,dr_geography,0,-2
2021,2020,0.0,,dr_geography,0,-1
2021,2021,1045.6356167963595,,dr_geography,0,0
2021,2022,1997.9492937115879,,dr_geography,0,1
2021,2023,3025.505314944145,,dr_geography,0,2
2021,2024,2486.2773035716273,,dr_geography,0,3
2021,2025,2181.4957097820416,,dr_geography,0,4
2024,2016,671.9905563385673,,dr_geography,0,-8
2024,2017,993.1820621324853,,dr_geography,0,-7
2024,2018,5.752710826863677,,dr_geography,0,-6
2024,2019,-296.8328246867841,,dr_geography,0,-5
2024,2020,-151.17669967484971,,dr_geography,0,-4
2024,2021,-399.7600505106659,,dr_geography,0,-3
2024,2022,-209.7205960192311,,dr_geography,0,-2
2024,2023,0.0,,dr_geography,0,-1
2024,2024,-301.4961672435738,,dr_geography,0,0
2024,2025,-463.19772320418303,,dr_geography,0,1
2025,2017,-199.6862772111274,,dr_geography,0,-8
2025,2018,991.5982828387821,,dr_geography,0,-7
2025,2019,904.4029438428593,,dr_geography,0,-6
2025,2020,-498.01452498145886,,dr_geography,0,-5
2025,2021,-412.1739056190986,,dr_geography,0,-4
2025,2022,770.0791460490068,,dr_geography,0,-3
2025,2023,487.81468856742447,,dr_geography,0,-2
2025,2024,0.0,,dr_geography,0,-1
2025,2025,40.86067812334778,,dr_geography,0,0
2003,2002,-8188.230916050843,,dr_geography_anticipation1,1,-1
2003,2003,-3894.3073687440115,,dr_geography_anticipation1,1,0
2003,2004,-9291.499322581978,,dr_geography_anticipation1,1,1
2003,2005,-8495.924573179685,,dr_geography_anticipation1,1,2
2003,2006,-6947.790665933409,,dr_geography_anticipation1,1,3
2003,2007,-16684.814931850768,,dr_geography_anticipation1,1,4
2003,2008,-11354.886025311627,,dr_geography_anticipation1,1,5
2004,2002,0.0,,dr_geography_anticipation1,1,-2
2004,2003,3845.912251962111,,dr_geography_anticipation1,1,-1
2004,2004,-85.85494954896393,,dr_geography_anticipation1,1,0
2004,2005,-61.73000805482421,,dr_geography_anticipation1,1,1
2004,2006,1823.2771312157097,,dr_geography_anticipation1,1,2
2004,2007,-5670.644081768532,,dr_geography_anticipation1,1,3
2004,2008,-1081.3638189975456,,dr_geography_anticipation1,1,4
2004,2009,1030.416008196741,,dr_geography_anticipation1,1,5
2005,2002,-2074.9325977313015,,dr_geography_anticipation1,1,-3
2005,2003,0.0,,dr_geography_anticipation1,1,-2
2005,2004,-3340.1124542101193,,dr_geography_anticipation1,1,-1
2005,2005,-2365.7053588990148,,dr_geography_anticipation1,1,0
2005,2006,-1839.2128255026196,,dr_geography_anticipation1,1,1
2005,2007,-6600.17003133699,,dr_geography_anticipation1,1,2
2005,2008,-3927.3842841860305,,dr_geography_anticipation1,1,3
2005,2009,-2017.1572515345767,,dr_geography_anticipation1,1,4
2005,2010,-2962.5817220854296,,dr_geography_anticipation1,1,5
2006,2002,83.72622493392937,,dr_geography_anticipation1,1,-4
2006,2003,-492.2797181593055,,dr_geography_anticipation1,1,-3
2006,2004,0.0,,dr_geography_anticipation1,1,-2
2006,2005,-612.1300830152926,,dr_geography_anticipation1,1,-1
2006,2006,-296.50507266692534,,dr_geography_anticipation1,1,0
2006,2007,-2207.6773933981244,,dr_geography_anticipation1,1,1
2006,2008,-1112.192365681009,,dr_geography_anticipation1,1,2
2006,2009,-146.50220346691748,,dr_geography_anticipation1,1,3
2006,2010,-310.20428055360486,,dr_geography_anticipation1,1,4
2006,2011,-984.2711914322111,,dr_geography_anticipation1,1,5
2007,2002,421.82409335559464,,dr_geography_anticipation1,1,-5
2007,2003,1504.310323947342,,dr_geography_anticipation1,1,-4
2007,2004,-35.66456365723582,,dr_geography_anticipation1,1,-3
2007,2005,0.0,,dr_geography_anticipation1,1,-2
2007,2006,693.534996569932,,dr_geography_anticipation1,1,-1
2007,2007,-1485.3788400185695,,dr_geography_anticipation1,1,0
2007,2008,-276.06327822934907,,dr_geography_anticipation1,1,1
2007,2009,550.4140307572602,,dr_geography_anticipation1,1,2
2007,2010,257.72086244067987,,dr_geography_anticipation1,1,3
2007,2011,-202.3564349587865,,dr_geography_anticipation1,1,4
2007,2012,102.01148859273258,,dr_geography_anticipation1,1,5
2008,2002,309.1908392615602,,dr_geography_anticipation1,1,-6
2008,2003,1122.9008097205162,,dr_geography_anticipation1,1,-5
2008,2004,-300.75541743174824,,dr_geography_anticipation1,1,-4
2008,2005,-176.6894971232465,,dr_geography_anticipation1,1,-3
2008,2006,0.0,,dr_geography_anticipation1,1,-2
2008,2007,-2169.6165033243037,,dr_geography_anticipation1,1,-1
2008,2008,-1123.9110740041203,,dr_geography_anticipation1,1,0
2008,2009,-16.05603412285018,,dr_geography_anticipation1,1,1
2008,2010,-771.5111137808109,,dr_geography_anticipation1,1,2
2008,2011,-745.1476890277769,,dr_geography_anticipation1,1,3
2008,2012,-1157.6169819306565,,dr_geography_anticipation1,1,4
2008,2013,-940.2682591291607,,dr_geography_anticipation1,1,5
2009,2002,872.6277686488571,,dr_geography_anticipation1,1,-7
2009,2003,1139.9644468950116,,dr_geography_anticipation1,1,-6
2009,2004,843.7349275407204,,dr_geography_anticipation1,1,-5
2009,2005,769.7905287091793,,dr_geography_anticipation1,1,-4
2009,2006,1014.9817607435584,,dr_geography_anticipation1,1,-3
2009,2007,0.0,,dr_geography_anticipation1,1,-2
2009,2008,403.5034714206385,,dr_geography_anticipation1,1,-1
2009,2009,976.2425009058055,,dr_geography_anticipation1,1,0
2009,2010,957.2896079940954,,dr_geography_anticipation1,1,1
2009,2011,626.5964035338875,,dr_geography_anticipation1,1,2
2009,2012,762.3846651036895,,dr_geography_anticipation1,1,3
2009,2013,621.9003669995302,,dr_geography_anticipation1,1,4
2009,2014,261.52275126379857,,dr_geography_anticipation1,1,5
2010,2002,1933.6987897375625,,dr_geography_anticipation1,1,-8
2010,2003,4358.53055959432,,dr_geography_anticipation1,1,-7
2010,2004,1370.9298901705731,,dr_geography_anticipation1,1,-6
2010,2005,1255.850514243009,,dr_geography_anticipation1,1,-5
2010,2006,3373.5991642914214,,dr_geography_anticipation1,1,-4
2010,2007,-3206.8707448192063,,dr_geography_anticipation1,1,-3
2010,2008,0.0,,dr_geography_anticipation1,1,-2
2010,2009,3023.334277971555,,dr_geography_anticipation1,1,-1
2010,2010,1616.9101597410674,,dr_geography_anticipation1,1,0
2010,2011,780.9314344140325,,dr_geography_anticipation1,1,1
2010,2012,1403.6028181260835,,dr_geography_anticipation1,1,2
2010,2013,1473.233655878003,,dr_geography_anticipation1,1,3
2010,2014,-931.2596736816971,,dr_geography_anticipation1,1,4
2010,2015,880.7667692941859,,dr_geography_anticipation1,1,5
2011,2003,-112.29150254301396,,dr_geography_anticipation1,1,-8
2011,2004,266.10025380976856,,dr_geography_anticipation1,1,-7
2011,2005,-842.7598794257904,,dr_geography_anticipation1,1,-6
2011,2006,170.94387952069462,,dr_geography_anticipation1,1,-5
2011,2007,-1142.4402765550915,,dr_geography_anticipation1,1,-4
2011,2008,-1979.292013346756,,dr_geography_anticipation1,1,-3
2011,2009,0.0,,dr_geography_anticipation1,1,-2
2011,2010,-830.441010867552,,dr_geography_anticipation1,1,-1
2011,2011,-1640.6527008771432,,dr_geography_anticipation1,1,0
2011,2012,-1152.5573905314359,,dr_geography_anticipation1,1,1
2011,2013,-2233.537213422218,,dr_geography_anticipation1,1,2
2011,2014,-1986.2447697317218,,dr_geography_anticipation1,1,3
2011,2015,-1668.3531591898764,,dr_geography_anticipation1,1,4
2011,2016,-1244.897147153471,,dr_geography_anticipation1,1,5
2012,2004,-809.9028102880229,,dr_geography_anticipation1,1,-8
2012,2005,-17.657116518136455,,dr_geography_anticipation1,1,-7
2012,2006,81.82216290996902,,dr_geography_anticipation1,1,-6
2012,2007,-3268.20719643254,,dr_geography_anticipation1,1,-5
2012,2008,-1423.289096686232,,dr_geography_anticipation1,1,-4
2012,2009,551.6268516861921,,dr_geography_anticipation1,1,-3
2012,2010,0.0,,dr_geography_anticipation1,1,-2
2012,2011,-1127.6661234999478,,dr_geography_anticipation1,1,-1
2012,2012,-664.5286638009454,,dr_geography_anticipation1,1,0
2012,2013,-898.9320292285583,,dr_geography_anticipation1,1,1
2012,2014,-2062.3851742578317,,dr_geography_anticipation1,1,2
2012,2015,-407.8241956432513,,dr_geography_anticipation1,1,3
2012,2016,-381.1807512759192,,dr_geography_anticipation1,1,4
2012,2017,-3124.2428094675975,,dr_geography_anticipation1,1,5
2013,2005,426.56638454458744,,dr_geography_anticipation1,1,-8
2013,2006,1328.0908908558404,,dr_geography_anticipation1,1,-7
2013,2007,-2220.4632290786467,,dr_geography_anticipation1,1,-6
2013,2008,416.9155172540618,,dr_geography_anticipation1,1,-5
2013,2009,806.9617269430283,,dr_geography_anticipation1,1,-4
2013,2010,87.5787332643072,,dr_geography_anticipation1,1,-3
2013,2011,0.0,,dr_geography_anticipation1,1,-2
2013,2012,-11.768699218726674,,dr_geography_anticipation1,1,-1
2013,2013,330.25702645239346,,dr_geography_anticipation1,1,0
2013,2014,-552.0818955182726,,dr_geography_anticipation1,1,1
2013,2015,-231.42683165853606,,dr_geography_anticipation1,1,2
2013,2016,25004.502236751134,,dr_geography_anticipation1,1,3
2013,2017,-4021.0518062503593,,dr_geography_anticipation1,1,4
2013,2018,-2304.592623839664,,dr_geography_anticipation1,1,5
2014,2006,485.11578747896795,,dr_geography_anticipation1,1,-8
2014,2007,1106.9894748374998,,dr_geography_anticipation1,1,-7
2014,2008,1222.2154299381732,,dr_geography_anticipation1,1,-6
2014,2009,226.57680491436915,,dr_geography_anticipation1,1,-5
2014,2010,-217.89242274698466,,dr_geography_anticipation1,1,-4
2014,2011,184.08631670210804,,dr_geography_anticipation1,1,-3
2014,2012,0.0,,dr_geography_anticipation1,1,-2
2014,2013,395.20113847494014,,dr_geography_anticipation1,1,-1
2014,2014,-298.3390142698252,,dr_geography_anticipation1,1,0
2014,2015,-244.17372521192272,,dr_geography_anticipation1,1,1
2014,2016,-287.79156042568604,,dr_geography_anticipation1,1,2
2014,2017,-3680.00768634041,,dr_geography_anticipation1,1,3
2014,2018,-2496.6494876323454,,dr_geography_anticipation1,1,4
2014,2019,-113.76803791175153,,dr_geography_anticipation1,1,5
2018,2010,606.3205014839426,,dr_geography_anticipation1,1,-8
2018,2011,3.3371525227078678,,dr_geography_anticipation1,1,-7
2018,2012,360.6626879407238,,dr_geography_anticipation1,1,-6
2018,2013,-218.46050225805732,,dr_geography_anticipation1,1,-5
2018,2014,-710.7422262953452,,dr_geography_anticipation1,1,-4
2018,2015,-84.04651162699938,,dr_geography_anticipation1,1,-3
2018,2016,0.0,,dr_geography_anticipation1,1,-2
2018,2017,-1781.8842562537238,,dr_geography_anticipation1,1,-1
2018,2018,-1299.9940639232345,,dr_geography_anticipation1,1,0
2018,2019,-105.76856607363766,,dr_geography_anticipation1,1,1
2018,2020,-1760.104630153097,,dr_geography_anticipation1,1,2
2018,2021,-864.7766485969971,,dr_geography_anticipation1,1,3
2018,2022,-351.31829939037993,,dr_geography_anticipation1,1,4
2018,2023,409.09458300795933,,dr_geography_anticipation1,1,5
2019,2011,4228.923558384427,,dr_geography_anticipation1,1,-8
2019,2012,3909.246299612529,,dr_geography_anticipation1,1,-7
2019,2013,3360.5267856612013,,dr_geography_anticipation1,1,-6
2019,2014,1171.0262891670675,,dr_geography_anticipation1,1,-5
2019,2015,2503.5837443214887,,dr_geography_anticipation1,1,-4
2019,2016,2554.6060705128652,,dr_geography_anticipation1,1,-3
2019,2017,0.0,,dr_geography_anticipation1,1,-2
2019,2018,-703.528421797805,,dr_geography_anticipation1,1,-1
2019,2019,2718.8743013304525,,dr_geography_anticipation1,1,0
2019,2020,2093.006010281223,,dr_geography_anticipation1,1,1
2019,2021,748.7604063957546,,dr_geography_anticipation1,1,2
2019,2022,3447.6472742930564,,dr_geography_anticipation1,1,3
2019,2023,3200.6791605764083,,dr_geography_anticipation1,1,4
2019,2024,2493.0312513475815,,dr_geography_anticipation1,1,5
2020,2012,-572.0822549259831,,dr_geography_anticipation1,1,-8
2020,2013,-796.0321149677882,,dr_geography_anticipation1,1,-7
2020,2014,-677.2748889946761,,dr_geography_anticipation1,1,-6
2020,2015,-718.4231326264671,,dr_geography_anticipation1,1,-5
2020,2016,-1389.3436435244325,,dr_geography_anticipation1,1,-4
2020,2017,-445.51251910716894,,dr_geography_anticipation1,1,-3
2020,2018,0.0,,dr_geography_anticipation1,1,-2
2020,2019,-708.4538375398184,,dr_geography_anticipation1,1,-1
2020,2020,-326.34563881136785,,dr_geography_anticipation1,1,0
2020,2021,-258.09812708848915,,dr_geography_anticipation1,1,1
2020,2022,-257.39515789496227,,dr_geography_anticipation1,1,2
2020,2023,-930.0321965184755,,dr_geography_anticipation1,1,3
2020,2024,-511.44415019569533,,dr_geography_anticipation1,1,4
2020,2025,-684.2157105683065,,dr_geography_anticipation1,1,5
2021,2013,112.3107466107364,,dr_geography_anticipation1,1,-8
2021,2014,-427.8705418901175,,dr_geography_anticipation1,1,-7
2021,2015,120.87831668025733,,dr_geography_anticipation1,1,-6
2021,2016,519.3458113132245,,dr_geography_anticipation1,1,-5
2021,2017,-808.8211509581708,,dr_geography_anticipation1,1,-4
2021,2018,-857.7204856927046,,dr_geography_anticipation1,1,-3
2021,2019,0.0,,dr_geography_anticipation1,1,-2
2021,2020,-2208.6151867057433,,dr_geography_anticipation1,1,-1
2021,2021,-1132.6037607409971,,dr_geography_anticipation1,1,0
2021,2022,-166.48207621410347,,dr_geography_anticipation1,1,1
2021,2023,859.885444225965,,dr_geography_anticipation1,1,2
2021,2024,305.29143452383715,,dr_geography_anticipation1,1,3
2021,2025,-40.97832171507656,,dr_geography_anticipation1,1,4
2024,2016,925.7117008655158,,dr_geography_anticipation1,1,-8
2024,2017,1249.403792661893,,dr_geography_anticipation1,1,-7
2024,2018,253.73776843743906,,dr_geography_anticipation1,1,-6
2024,2019,-43.61409496582047,,dr_geography_anticipation1,1,-5
2024,2020,59.75889799685342,,dr_geography_anticipation1,1,-4
2024,2021,-148.2277979230953,,dr_geography_anticipation1,1,-3
2024,2022,0.0,,dr_geography_anticipation1,1,-2
2024,2023,209.7205960192311,,dr_geography_anticipation1,1,-1
2024,2024,-92.34171964284707,,dr_geography_anticipation1,1,0
2024,2025,-195.43672753670774,,dr_geography_anticipation1,1,1
2025,2017,-717.1401080015876,,dr_geography_anticipation1,1,-8
2025,2018,470.52523963486107,,dr_geography_anticipation1,1,-7
2025,2019,390.2828181036353,,dr_geography_anticipation1,1,-6
2025,2020,-996.2942161011357,,dr_geography_anticipation1,1,-5
2025,2021,-941.4307066518991,,dr_geography_anticipation1,1,-4
2025,2022,278.61607893828017,,dr_geography_anticipation1,1,-3
2025,2023,0.0,,dr_geography_anticipation1,1,-2
2025,2024,-487.81468856742447,,dr_geography_anticipation1,1,-1
2025,2025,-477.67986072433456,,dr_geography_anticipation1,1,0
