covariate_set,group,time,att,se
none,2002,2002,-28.803935002160657,21.890666341231793
none,2002,2003,469.1217762659303,18.441983043250218
none,2002,2004,-263.2873544691326,22.70567985868856
none,2002,2005,105.77921708128726,21.17024173064232
none,2002,2006,405.42380120657197,21.70901911155965
none,2002,2007,-431.52384346527145,25.90780551493196
none,2002,2008,-397.15853282725044,27.894514082201336
none,2002,2009,15.109465877354273,22.192272828862077
none,2002,2010,116.98036462981301,22.280719475143012
none,2002,2011,167.0304482464536,22.332576155809917
none,2002,2012,100.57958161108749,23.9671572664971
none,2002,2013,114.11184448234214,22.54933121625319
none,2002,2014,-262.0382364698421,24.82892095121817
none,2002,2015,129.65329315224912,22.037843373043884
none,2002,2016,-477.71470342324756,66.16916488520278
none,2002,2017,-1434.8370089839525,45.958576407998656
none,2002,2018,-996.4581116970807,32.907411044558984
none,2002,2019,-693.3255627574985,27.89617481184482
none,2002,2020,-1028.9618394319111,39.87812528848488
none,2002,2021,-632.6871607633856,27.415196045583556
none,2002,2022,-495.351630529249,27.625763525783164
none,2002,2023,132.2863974169083,62.67712010888175
none,2002,2024,114.5927004863548,44.76424757182133
none,2002,2025,135.17357261477633,40.08167828883995
none,2003,2002,-5085.867537975688,1784.576371188416
none,2003,2003,241.16393871680907,138.58717039861912
none,2003,2004,237.11228353342116,256.50878211401664
none,2003,2005,591.1784711523179,313.66791507304777
none,2003,2006,319.85748150427605,197.21137311807794
none,2003,2007,-703.7535306987468,146.62069889834686
none,2003,2008,-297.7111551144841,207.60607066889605
none,2003,2009,217.09146988465056,208.10608481420135
none,2003,2010,147.3128994392301,218.3940495232725
none,2003,2011,384.621816329339,268.505447105914
none,2003,2012,3796.544977600153,808.3973553128266
none,2003,2013,-14.683707500089383,147.59248224557297
none,2003,2014,163.15752282581485,359.7552829920715
none,2003,2015,-96.04272852458249,148.515141081545
none,2003,2016,-934.5586020801188,162.30707751137206
none,2003,2017,-1666.932609519347,195.35804037420368
none,2003,2018,-1186.8051669178587,171.58987019431655
none,2003,2019,-680.9350307205639,225.94230312173968
none,2003,2020,-1386.9759639336653,156.76792968080687
none,2003,2021,-814.7773610772244,165.22508150016807
none,2003,2022,-815.7624094716266,144.36868887153133
none,2003,2023,171.01878470734792,395.1800410505981
none,2003,2024,-147.81643441657198,169.86066296398647
none,2003,2025,-180.85534464352907,152.93256599081943
none,2004,2002,-1842.6897231223402,599.6623045285199
none,2004,2003,678.9383359751579,141.19407825959587
none,2004,2004,7.732605341898875,636.8198440435559
none,2004,2005,-55.71237509254496,275.51399086300387
none,2004,2006,330.67611530335796,341.8125909286397
none,2004,2007,-437.70627028222236,353.0128031107528
none,2004,2008,-196.68470367096427,496.9163325194271
none,2004,2009,217.65879468915188,414.69894019319145
none,2004,2010,-271.94630212850825,292.8682212807569
none,2004,2011,196.17290133970494,363.96298279312066
none,2004,2012,833.4532787140276,601.0100972086694
none,2004,2013,-395.83161576001294,207.69813141616132
none,2004,2014,894.1391212216954,1153.0590273635123
none,2004,2015,-409.4352973115389,269.7690944871923
none,2004,2016,-872.7997839795789,482.2011101803761
none,2004,2017,-1065.613006052315,768.3485320427422
none,2004,2018,-1170.7135953532168,225.91607044405006
none,2004,2019,-211.31410375348503,894.9363339859116
none,2004,2020,-1709.196775180883,250.95024648132514
none,2004,2021,-1137.1567927292504,281.1751724489533
none,2004,2022,-1041.1560729918094,264.55785099966374
none,2004,2023,-482.39231577962573,332.4347173720225
none,2004,2024,-709.6500836229729,209.692392765969
none,2004,2025,-409.0842725900935,407.90414295330066
none,2005,2002,430.39207800164957,234.9845223889076
none,2005,2003,15.31733369620406,261.67844611067846
none,2005,2004,-707.9764561691253,129.17959822249944
none,2005,2005,728.730486414727,167.45866630987
none,2005,2006,666.9067407195721,150.40353100817555
none,2005,2007,-61.569240664231515,128.5847752265445
none,2005,2008,-307.33318153556263,116.34839581383154
none,2005,2009,228.9056016966099,117.52079760707997
none,2005,2010,417.4224069901341,117.23280707793053
none,2005,2011,234.84240708315917,112.95466617742744
none,2005,2012,469.6424344261468,132.995049275426
none,2005,2013,69.67450977624037,114.14968242503822
none,2005,2014,5.966831789885447,220.72940488342124
none,2005,2015,62.43714698761153,122.96919942531616
none,2005,2016,-489.95135276145055,141.5970180595785
none,2005,2017,-1112.1860898418465,293.8117792493912
none,2005,2018,-647.5193366654361,152.14102845905435
none,2005,2019,-716.008237164902,114.29593284726485
none,2005,2020,-1093.0047744738358,137.72861646099338
none,2005,2021,-525.6558290831217,137.65661785420187
none,2005,2022,-613.7251995436084,111.67962255708964
none,2005,2023,-119.50127876203072,118.37596534955608
none,2005,2024,-23.15196737658144,127.81879522652254
none,2005,2025,51.617930188754684,125.2231195325265
none,2006,2002,-553.8514430462926,446.82695223822026
none,2006,2003,-981.8854347395331,427.102092500321
none,2006,2004,1071.6037897548608,442.56133715703413
none,2006,2005,-596.9761860440076,423.9373932853914
none,2006,2006,290.73948062468787,413.33512832204684
none,2006,2007,-483.97284901233866,381.6352307746141
none,2006,2008,-815.6432700523271,487.32345304774157
none,2006,2009,328.0566724540019,357.39476816889646
none,2006,2010,527.3854551148904,675.0014526880682
none,2006,2011,-49.51935232710432,385.7637417437479
none,2006,2012,158.54887940614856,449.98736547407776
none,2006,2013,-758.2243371054203,389.0579325018766
none,2006,2014,-1002.5049292134715,393.5637098852027
none,2006,2015,-808.6260719765854,402.05360512503444
none,2006,2016,-1146.7257266118254,394.994847862875
none,2006,2017,-147.31715454940377,684.0040968588576
none,2006,2018,-1418.2195308908633,395.05600764122073
none,2006,2019,-1675.0076491187815,272.71527447459
none,2006,2020,-2318.730862695381,347.5346887814296
none,2006,2021,-1628.1017196106723,376.5619346176747
none,2006,2022,-1965.9636291620245,325.37693862950476
none,2006,2023,-796.3583975307436,373.4344903910609
none,2006,2024,-680.4010701647358,410.61465813630736
none,2006,2025,-936.0647117296761,338.1293054840298
none,2007,2002,-328.9850788791948,77.53792402719682
none,2007,2003,395.338505979002,58.5223799735172
none,2007,2004,-648.382128760987,58.875934842560106
none,2007,2005,350.1083911710759,51.31771271180224
none,2007,2006,258.53532074933736,47.368946409532484
none,2007,2007,-713.3023965483142,49.763851022778795
none,2007,2008,-507.4868086724293,63.65168714890255
none,2007,2009,-228.32123666341883,55.36970390714648
none,2007,2010,-40.69038188783128,61.2168637377779
none,2007,2011,-199.53998943658073,48.29367303412656
none,2007,2012,-103.39899328755374,62.1090304730316
none,2007,2013,-390.2899135229884,48.308554516720825
none,2007,2014,-729.8775118706675,48.501387628793054
none,2007,2015,-503.8442282550192,43.935961295736945
none,2007,2016,-1161.8331772338872,54.38750748632939
none,2007,2017,-1745.3161696685647,71.05341245809879
none,2007,2018,-1545.8686000837472,51.72764386583765
none,2007,2019,-1119.406139424091,57.34443530432158
none,2007,2020,-1626.366669807225,61.29670113358815
none,2007,2021,-1091.107538207353,55.09903252543252
none,2007,2022,-948.819147391775,60.519899788933934
none,2007,2023,-646.9188713665715,47.00973114198012
none,2007,2024,-535.8440091984733,50.04036095909752
none,2007,2025,-499.4068987670035,53.51727090777846
none,2008,2002,344.4960861156557,198.33820099833068
none,2008,2003,222.8344006245689,202.58058061860297
none,2008,2004,-583.6159861619742,180.61152324146423
none,2008,2005,-2.6364059754076834,167.8441423252479
none,2008,2006,165.29419230529368,142.9235125656578
none,2008,2007,-1092.6445761552109,116.72334378611083
none,2008,2008,-104.02720300479159,110.6465780306025
none,2008,2009,847.4110570012126,123.11227406309969
none,2008,2010,605.2327686224104,132.83162532720812
none,2008,2011,754.4949571811476,146.43520927094795
none,2008,2012,409.707810950191,106.46111325803952
none,2008,2013,30.39368771420152,100.52504200603605
none,2008,2014,-253.8773907842487,101.32337584212969
none,2008,2015,14.793659025326065,104.48376039336296
none,2008,2016,-493.3008616857069,113.66345303372339
none,2008,2017,257.15546282117134,237.28479181566934
none,2008,2018,-468.65251554944416,136.75291252742093
none,2008,2019,-322.30656863894745,123.1218147712674
none,2008,2020,-333.66367044052396,161.41737135049482
none,2008,2021,-411.73822967700266,119.01834835605004
none,2008,2022,-455.1872840161209,106.81812683607389
none,2008,2023,248.44659321994243,122.73959878088392
none,2008,2024,47.53816542458685,111.70406957078661
none,2008,2025,213.1230982482614,123.97356885784289
none,2009,2002,-156.07088460393425,56.59661798133433
none,2009,2003,319.3848673524476,50.96816791834305
none,2009,2004,-373.26094817179717,55.05610012587226
none,2009,2005,180.52872582801658,54.99111808560097
none,2009,2006,170.51935016058235,45.45341769673984
none,2009,2007,-797.3506094248585,47.29155643390868
none,2009,2008,64.73145875665308,50.6164880860238
none,2009,2009,629.052534502876,56.90430301055111
none,2009,2010,707.8037064169968,63.50540088160147
none,2009,2011,559.7714595870498,50.298766520723014
none,2009,2012,541.8791212960552,51.28970451182296
none,2009,2013,407.6681415885665,47.69337342380729
none,2009,2014,88.32560022696472,49.72353795253808
none,2009,2015,345.8815167066206,42.76620705050955
none,2009,2016,-16.299007638548574,64.84187219275377
none,2009,2017,-918.4343792444433,66.18066439109582
none,2009,2018,-589.2230926491613,57.9291660886481
none,2009,2019,-298.93628002247533,51.137061411965036
none,2009,2020,-603.8848349276275,60.30735790553062
none,2009,2021,-253.92974698672205,57.93224254808406
none,2009,2022,-117.95239383746213,52.25000683060246
none,2009,2023,327.39436195351635,51.303180796041296
none,2009,2024,338.6986712825791,50.14573086339693
none,2009,2025,327.9116497688338,54.16469665711119
none,2010,2002,-239.01850371527527,193.6270598033402
none,2010,2003,-62.738014213487986,148.8512032608781
none,2010,2004,66.85411433065588,119.08255196396534
none,2010,2005,-100.40242043871831,125.39828283529035
none,2010,2006,928.1312009976435,167.8447200091587
none,2010,2007,-1569.1189838225073,166.14894423465338
none,2010,2008,280.9067716289836,117.28043109121424
none,2010,2009,1003.087185565603,151.43218509518658
none,2010,2010,-438.2503676308168,161.3889430868826
none,2010,2011,-177.00414453767957,169.41652871100743
none,2010,2012,-290.43012050868424,149.96549259264864
none,2010,2013,-736.4872891133762,155.53015160706641
none,2010,2014,-1196.2800347868954,183.54844028543977
none,2010,2015,-986.6778722803439,142.06835442832846
none,2010,2016,-1388.9157355828656,213.92563874499942
none,2010,2017,-1999.4690732720705,207.69317595135738
none,2010,2018,-2178.8922070135536,142.56406251966365
none,2010,2019,-1812.1312366799089,136.58073998677327
none,2010,2020,-2239.7318295852824,139.14659159847528
none,2010,2021,-1673.333160100498,188.50016372484157
none,2010,2022,-1570.859312718561,159.2591140717253
none,2010,2023,-1033.3971593253807,167.98974209480207
none,2010,2024,-429.38777909626003,253.27618863275728
none,2010,2025,-1039.5598400848012,172.15997062338297
none,2011,2002,-428.75622683198566,101.95383150815748
none,2011,2003,295.08347138386546,98.6321606300569
none,2011,2004,965.0972135753253,128.95251153098363
none,2011,2005,-731.3086658545002,136.40365157098594
none,2011,2006,476.85617231547496,128.40386887136793
none,2011,2007,-362.307673377553,136.32480829735997
none,2011,2008,-1110.1494964652338,141.7339292378801
none,2011,2009,1325.8483428774541,125.67343787201808
none,2011,2010,-582.025129325967,128.45074208576898
none,2011,2011,-731.0815885725964,110.79424836034471
none,2011,2012,-469.7606893804538,129.61634275299923
none,2011,2013,-1348.1043720744995,118.56033877577215
none,2011,2014,-1009.7754158643636,153.62477031228752
none,2011,2015,-1047.4625017146986,123.94688016524024
none,2011,2016,-1375.0675101131087,137.9245010939986
none,2011,2017,-215.21425269807673,162.1589291984112
none,2011,2018,-1103.4998459277358,144.05722478916962
none,2011,2019,-1320.8695132955186,130.7799661638632
none,2011,2020,-1848.410930630941,125.68277293933434
none,2011,2021,-1193.0823053795684,130.98943989395823
none,2011,2022,-1487.0871135039379,123.65459593321611
none,2011,2023,-1136.2188559797937,117.44255097011074
none,2011,2024,-1128.1547293627098,131.50683857692437
none,2011,2025,-893.4762707902476,131.1740497600868
none,2012,2002,-1062.9019168749642,265.06007902656296
none,2012,2003,1774.4928845018323,276.84783187411153
none,2012,2004,-1228.3644992634565,270.7739974873119
none,2012,2005,788.3216412935135,247.29670111522395
none,2012,2006,-521.6116060633777,322.35931169774744
none,2012,2007,-583.1818983380929,187.6501318224385
none,2012,2008,274.50058093996705,204.14172271890476
none,2012,2009,665.2778606587319,343.69797144491054
none,2012,2010,-10.28978357185342,362.4890164767715
none,2012,2011,-481.656676451155,227.54613851123491
none,2012,2012,-184.60423525422192,163.99318887172126
none,2012,2013,-523.0286091677964,128.34918135907375
none,2012,2014,-708.7915849783964,155.8581661981418
none,2012,2015,63.40472017784042,224.3027539289675
none,2012,2016,-696.3740984656274,280.1571107788893
none,2012,2017,-899.421327391075,313.00553024683217
none,2012,2018,-33.820820454912564,423.58405489570777
none,2012,2019,-304.7790828588372,375.93374035021696
none,2012,2020,-1197.498093135422,209.12922897426074
none,2012,2021,-455.9152264500264,264.5174957084171
none,2012,2022,-945.654153929061,163.2226629498429
none,2012,2023,-135.95792519236025,200.5331689947591
none,2012,2024,-172.3783818652322,210.31760118985426
none,2012,2025,-165.44577804874496,249.0753631788133
none,2013,2002,-295.53784288841746,136.48612538834902
none,2013,2003,988.118192858531,197.54747747292612
none,2013,2004,-1209.9705784173605,219.50190865577287
none,2013,2005,559.5934889820214,163.78474000649032
none,2013,2006,462.24892601070866,233.02175954608015
none,2013,2007,-970.1074849160332,234.21036833861444
none,2013,2008,391.77060209299674,196.05522756465928
none,2013,2009,231.09838910413052,201.8763387516884
none,2013,2010,-291.96132733276556,179.16693787208237
none,2013,2011,283.29120423074244,185.29701618517913
none,2013,2012,25.622712316884844,199.08860322800777
none,2013,2013,-516.2816499100902,174.53547548461069
none,2013,2014,-320.2254821051523,267.5965067049261
none,2013,2015,-233.47717695007543,161.40299973112954
none,2013,2016,23954.5720135534,2620.3562991835342
none,2013,2017,-1077.3302651201593,228.77516218799207
none,2013,2018,-1280.3772189725912,200.89952790472557
none,2013,2019,869.5003880676506,703.3484359204365
none,2013,2020,-1609.1753557042837,178.97278114309503
none,2013,2021,-840.700464746433,232.20481484416828
none,2013,2022,-929.5105723456531,177.50005131106326
none,2013,2023,-492.35199938249343,183.6220749736516
none,2013,2024,-743.2549934079063,159.03489996589462
none,2013,2025,-413.9343956592704,178.67108982095695
none,2014,2002,-2395.557257001548,517.0226119502361
none,2014,2003,92.43817411496622,146.3419806323712
none,2014,2004,8.16089731744762,230.7773583246321
none,2014,2005,-66.79015607794162,240.09178216298227
none,2014,2006,354.98360757881824,160.5711686731894
none,2014,2007,1362.4409918321085,458.698831744016
none,2014,2008,-1134.2465367550635,718.2068167983551
none,2014,2009,131.52631108911015,729.9091834811228
none,2014,2010,-686.1002592906208,227.07818865648113
none,2014,2011,111.81849419081803,268.6060908260187
none,2014,2012,388.59132816620263,286.98181411754905
none,2014,2013,-583.6994702322498,271.20638893541866
none,2014,2014,-361.94526412783455,189.2181195882515
none,2014,2015,302.30499709015834,346.2729685153903
none,2014,2016,-391.905171239445,383.83450120071393
none,2014,2017,-1231.8645432349922,438.5042390687003
none,2014,2018,-1352.3561342664584,191.57908809167012
none,2014,2019,-12.2201709260097,584.2583490366228
none,2014,2020,-1298.6978142414494,210.82473370770938
none,2014,2021,-386.8081567125997,311.21824039350616
none,2014,2022,-588.1375301366477,258.4941114009367
none,2014,2023,-507.1883951858895,181.01227664478031
none,2014,2024,-464.3824620490316,181.15367771458577
none,2014,2025,168.21788743567382,399.5456378167601
none,2018,2002,-581.272401169276,83.97297269210833
none,2018,2003,313.15904691111587,71.35136469831141
none,2018,2004,56.00671422674543,96.64375530972578
none,2018,2005,-49.75510354164635,100.75917108007147
none,2018,2006,757.3939808734079,119.9707116738111
none,2018,2007,-1107.4499484339658,117.21383503240467
none,2018,2008,-69.32815286520885,98.58389316453245
none,2018,2009,697.6400763858273,97.75922782267688
none,2018,2010,132.09180000719692,111.71713047958033
none,2018,2011,-303.4101623243447,103.14302710406861
none,2018,2012,66.73748077436167,82.34306865904804
none,2018,2013,-623.570814542479,70.43464410013334
none,2018,2014,-15.001828205960521,76.85790356498764
none,2018,2015,128.1666151725213,87.15128922344987
none,2018,2016,-546.6247677762678,82.76628561008937
none,2018,2017,-125.25142800731226,104.66170156855144
none,2018,2018,-240.24321611174315,105.06550832775753
none,2018,2019,24.471452677418142,102.17747589574118
none,2018,2020,-362.4644896923163,112.36419111217891
none,2018,2021,227.09404300265066,121.1038703411979
none,2018,2022,261.95933835913456,109.92731230398476
none,2018,2023,712.4322225618424,112.49420339198836
none,2018,2024,663.7917315385175,122.11640924119453
none,2018,2025,502.99740034926674,105.09382510640805
none,2019,2002,1194.232005179877,1199.583091740395
none,2019,2003,-562.565742706699,1167.8063410511215
none,2019,2004,1843.6925813074295,2627.6795968191905
none,2019,2005,-322.523836513604,1991.0220494454773
none,2019,2006,-1679.7878610623713,1556.1532384243292
none,2019,2007,588.3463596650998,976.4766582039703
none,2019,2008,-1072.1466461587167,1242.0611699563096
none,2019,2009,5385.355614446096,3463.9048923612745
none,2019,2010,-4927.6147200487,3348.2696350882184
none,2019,2011,2237.439432342363,1138.4982352058094
none,2019,2012,-401.19680216162544,1221.2902992241568
none,2019,2013,-1348.3776016916884,754.1854924857316
none,2019,2014,-776.0721860867905,301.45433582010276
none,2019,2015,599.381107477401,464.5991707621603
none,2019,2016,-652.7014064056193,383.3205057643378
none,2019,2017,2119.720161855008,1621.002165809653
none,2019,2018,-2942.3865257922434,1892.9903867728192
none,2019,2019,1254.7196896725163,562.9225934033467
none,2019,2020,3767.1132807825757,4362.444119142382
none,2019,2021,1094.45111369594,1166.3580203608844
none,2019,2022,2252.1272008404376,1573.3285702332416
none,2019,2023,1340.0579332875332,1072.8440270891485
none,2019,2024,1483.485801635035,1161.878810370971
none,2019,2025,1703.9741267360655,1073.844874884651
none,2020,2002,-115.12296343533183,30.265121684041834
none,2020,2003,429.00660526277335,28.697665423919073
none,2020,2004,-467.24194583409775,46.31822594509451
none,2020,2005,179.11841216936512,46.26922025050802
none,2020,2006,354.8506616742856,29.189113801938664
none,2020,2007,-766.3497300956451,32.860020188757005
none,2020,2008,-8.689605763581337,36.776223643062735
none,2020,2009,515.8475392842713,41.54608416678925
none,2020,2010,-44.89601030065897,38.439946735909956
none,2020,2011,142.41684418477843,30.71020903259632
none,2020,2012,-140.60714571411776,32.603465789459776
none,2020,2013,-6.194260890980601,33.76716903769931
none,2020,2014,-436.2699092851214,29.355535785521642
none,2020,2015,310.1444871117973,24.176787959526585
none,2020,2016,-767.8098739404115,32.824265235967424
none,2020,2017,-448.05528467897864,58.57742807113214
none,2020,2018,1060.0823820182745,113.74760772405057
none,2020,2019,-126.4581214261865,109.23713431585035
none,2020,2020,-247.53767720988347,103.74635256069197
none,2020,2021,217.67509274145561,93.45366776450089
none,2020,2022,478.86937745061675,97.78031909265579
none,2020,2023,332.7184955056203,70.68156815261362
none,2020,2024,798.303818401205,87.27558913725916
none,2020,2025,491.6658673817541,72.43597883879595
none,2021,2002,-232.2270200143982,231.74769050719644
none,2021,2003,-399.92326456423837,219.41830984765684
none,2021,2004,2042.820359841547,350.0785340003893
none,2021,2005,-1380.6617498550518,364.543210394475
none,2021,2006,192.82997977911512,254.49476285255548
none,2021,2007,-832.2115228413903,234.0964699765692
none,2021,2008,-528.9830963551967,186.39622763141557
none,2021,2009,1052.0226221919793,215.9684287555835
none,2021,2010,-564.5320111165732,194.45572187510956
none,2021,2011,478.7231744553448,180.26371636422567
none,2021,2012,739.3794417871462,226.4079852227892
none,2021,2013,-1880.942381933576,233.30124077830757
none,2021,2014,166.99038557039995,133.38359183046038
none,2021,2015,113.02949314345659,168.06648953245556
none,2021,2016,-148.61157539897783,185.38194015775642
none,2021,2017,1118.2882990749567,269.08646030966804
none,2021,2018,-1239.496254519433,289.96532081252263
none,2021,2019,-159.13566053848632,186.46692569623775
none,2021,2020,-696.9564731072917,146.38256788585053
none,2021,2021,565.1106921083458,154.45143438934795
none,2021,2022,759.0184236764252,164.63465762763036
none,2021,2023,1446.9181411764039,181.26915594773934
none,2021,2024,1252.432122947902,158.12867609346384
none,2021,2025,1340.3970161163024,211.57646134798884
none,2024,2002,-1069.8893043570506,90.79695490199988
none,2024,2003,1129.3570769258972,72.71478641021609
none,2024,2004,-809.7030978580245,101.82595892208435
none,2024,2005,326.7941488874509,96.28886119756653
none,2024,2006,213.40295165469394,92.56511329589361
none,2024,2007,-414.6648003883384,100.7063575322077
none,2024,2008,-626.5291591493182,91.76664063910405
none,2024,2009,841.0021706294049,80.542795639464
none,2024,2010,125.8060109788579,84.77664504750908
none,2024,2011,-524.9461956431426,70.82328547151302
none,2024,2012,520.7710012247207,68.7821223182659
none,2024,2013,-886.5792388807353,64.79335699224428
none,2024,2014,70.6267617198111,56.99599087815585
none,2024,2015,159.3393060269308,72.77405543210837
none,2024,2016,184.74830925622484,100.92332082855776
none,2024,2017,7.363609120959268,120.20011844685389
none,2024,2018,-867.1305790153299,99.06996736664186
none,2024,2019,-23.25907490284584,66.54539367794749
none,2024,2020,-393.61595736286756,64.25220097705024
none,2024,2021,468.2579776403637,69.29547609743469
none,2024,2022,216.56586252625465,60.351800843290086
none,2024,2023,579.6006550145476,69.85975074906676
none,2024,2024,-374.2373799795597,67.54767270568765
none,2024,2025,-328.23586280163994,72.25277242769496
none,2025,2002,-136.90407901994377,241.63153385834423
none,2025,2003,401.54623120451924,220.6621821665886
none,2025,2004,752.9655719855181,217.96893033924914
none,2025,2005,-375.65890858027126,237.5050269008642
none,2025,2006,1162.624707053535,290.2877829061184
none,2025,2007,-1368.0617431785713,330.95615140051626
none,2025,2008,-324.9301364189588,306.97237273228217
none,2025,2009,327.06109929017356,243.80418902447877
none,2025,2010,449.36594015315217,244.40370067917277
none,2025,2011,297.24198956818617,284.8065365895192
none,2025,2012,-786.4795282689338,258.9273426150923
none,2025,2013,-1609.4875333171399,219.84465973610406
none,2025,2014,359.1821508597738,189.8372972957128
none,2025,2015,114.872456313594,148.39149043180169
none,2025,2016,1015.5702246713857,215.09323262603755
none,2025,2017,712.7717514548137,292.99274142328915
none,2025,2018,-17.47819043946606,300.9368427067638
none,2025,2019,-680.6921723283742,328.29334363757715
none,2025,2020,-256.7053244181254,295.5788344577555
none,2025,2021,-384.0926123683405,258.43211519194494
none,2025,2022,399.31345638534333,304.2814417688399
none,2025,2023,-306.2071071389365,290.0853343333685
none,2025,2024,-976.7748879702561,175.71192652822592
none,2025,2025,536.2800466041841,162.0704010019571
