covariate_set,group,time,att,se,att_csdid,se_csdid,att_difference_diffdiff_minus_csdid
none,2002,2002,-28.803935002160657,21.890666341231793,-28.8039,21.8904,-3.5002160657882087e-05
none,2002,2003,469.1217762659303,18.441983043250218,469.1218,18.4417,-2.373406971400982e-05
none,2002,2004,-263.2873544691326,22.70567985868856,-263.2874,22.7054,4.553086739633727e-05
none,2002,2005,105.77921708128726,21.17024173064232,105.7792,21.17,1.7081287253972732e-05
none,2002,2006,405.42380120657197,21.70901911155965,405.4238,21.7086,1.2065719374731998e-06
none,2002,2007,-431.52384346527145,25.90780551493196,-431.5238,25.9076,-4.3465271460263466e-05
none,2002,2008,-397.15853282725044,27.894514082201336,-397.1585,27.8942,-3.282725043618484e-05
none,2002,2009,15.109465877354273,22.192272828862077,15.1095,22.192,-3.4122645727663325e-05
none,2002,2010,116.98036462981301,22.280719475143012,116.9804,22.2804,-3.537018699262262e-05
none,2002,2011,167.0304482464536,22.332576155809917,167.0304,22.3323,4.82464536162297e-05
none,2002,2012,100.57958161108749,23.9671572664971,100.5796,23.9668,-1.838891250827146e-05
none,2002,2013,114.11184448234214,22.54933121625319,114.1118,22.5491,4.448234213327851e-05
none,2002,2014,-262.0382364698421,24.82892095121817,-262.0382,24.8287,-3.646984208671711e-05
none,2002,2015,129.65329315224912,22.037843373043884,129.6533,22.0376,-6.8477508818887145e-06
none,2002,2016,-477.71470342324756,66.16916488520278,-477.7147,66.1668,-3.4232475627504755e-06
none,2002,2017,-1434.8370089839525,45.958576407998656,-1434.837,45.9575,-8.98395251169859e-06
none,2002,2018,-996.4581116970807,32.907411044558984,-996.4581,32.9071,-1.169708070847264e-05
none,2002,2019,-693.3255627574985,27.89617481184482,-693.3256,27.896,3.7242501548462315e-05
none,2002,2020,-1028.9618394319111,39.87812528848488,-1028.9618,39.8774,-3.9431911091014626e-05
none,2002,2021,-632.6871607633856,27.415196045583556,-632.6872,27.415,3.9236614384208224e-05
none,2002,2022,-495.351630529249,27.625763525783164,-495.3516,27.6255,-3.0529248988386826e-05
none,2002,2023,132.2863974169083,62.67712010888175,132.2864,62.6747,-2.5830916854374664e-06
none,2002,2024,114.5927004863548,44.76424757182133,114.5927,44.7628,4.86354807094358e-07
none,2002,2025,135.17357261477633,40.08167828883995,135.1736,40.0804,-2.738522366030338e-05
none,2003,2002,-5085.867537975688,1784.576371188416,-5085.8675,1774.9589,-3.7975687519065104e-05
none,2003,2003,241.16393871680907,138.58717039861912,241.1639,137.8518,3.871680905831454e-05
none,2003,2004,237.11228353342116,256.50878211401664,237.1123,255.1348,-1.6466578841800583e-05
none,2003,2005,591.1784711523179,313.66791507304777,591.1785,311.9834,-2.8847682074228942e-05
none,2003,2006,319.85748150427605,197.21137311807794,319.8575,196.1578,-1.8495723963951605e-05
none,2003,2007,-703.7535306987468,146.62069889834686,-703.7535,145.8512,-3.069874674110906e-05
none,2003,2008,-297.7111551144841,207.60607066889605,-297.7112,206.5033,4.488551593340162e-05
none,2003,2009,217.09146988465056,208.10608481420135,217.0915,206.9951,-3.0115349431980576e-05
none,2003,2010,147.3128994392301,218.3940495232725,147.3129,217.2267,-5.607699051779491e-07
none,2003,2011,384.621816329339,268.505447105914,384.6218,267.0668,1.632933901873912e-05
none,2003,2012,3796.544977600153,808.3973553128266,3796.545,804.0431,-2.239984723928501e-05
none,2003,2013,-14.683707500089383,147.59248224557297,-14.6837,146.8138,-7.5000893833276905e-06
none,2003,2014,163.15752282581485,359.7552829920715,163.1575,357.8243,2.2825814852467374e-05
none,2003,2015,-96.04272852458249,148.515141081545,-96.0427,147.7305,-2.852458248980838e-05
none,2003,2016,-934.5586020801188,162.30707751137206,-934.5586,161.4585,-2.080118861158553e-06
none,2003,2017,-1666.932609519347,195.35804037420368,-1666.9326,194.3336,-9.519346804154338e-06
none,2003,2018,-1186.8051669178587,171.58987019431655,-1186.8052,170.6926,3.3082141271734145e-05
none,2003,2019,-680.9350307205639,225.94230312173968,-680.935,224.7416,-3.0720563927388866e-05
none,2003,2020,-1386.9759639336653,156.76792968080687,-1386.976,155.9565,3.606633481467725e-05
none,2003,2021,-814.7773610772244,165.22508150016807,-814.7774,164.3572,3.892277550221479e-05
none,2003,2022,-815.7624094716266,144.36868887153133,-815.7624,143.6144,-9.471626640333852e-06
none,2003,2023,171.01878470734792,395.1800410505981,171.0188,393.057,-1.5292652079779145e-05
none,2003,2024,-147.81643441657198,169.86066296398647,-147.8164,168.9621,-3.441657199232395e-05
none,2003,2025,-180.85534464352907,152.93256599081943,-180.8553,152.1272,-4.464352906552449e-05
none,2004,2002,-1842.6897231223402,599.6623045285199,-1842.6897,592.3118,-2.3122340280679055e-05
none,2004,2003,678.9383359751579,141.19407825959587,678.9383,139.4877,3.5975157857137674e-05
none,2004,2004,7.732605341898875,636.8198440435559,7.7326,629.0125,5.3418988752440555e-06
none,2004,2005,-55.71237509254496,275.51399086300387,-55.7124,272.1451,2.490745504246661e-05
none,2004,2006,330.67611530335796,341.8125909286397,330.6761,337.6265,1.530335794086568e-05
none,2004,2007,-437.70627028222236,353.0128031107528,-437.7063,348.6982,2.9717777636051323e-05
none,2004,2008,-196.68470367096427,496.9163325194271,-196.6847,490.8324,-3.6709642756704852e-06
none,2004,2009,217.65879468915188,414.69894019319145,217.6588,409.6192,-5.310848138151414e-06
none,2004,2010,-271.94630212850825,292.8682212807569,-271.9463,289.2861,-2.1285082425492874e-06
none,2004,2011,196.17290133970494,363.96298279312066,196.1729,359.5076,1.3397049372088077e-06
none,2004,2012,833.4532787140276,601.0100972086694,833.4533,593.6421,-2.128597236605856e-05
none,2004,2013,-395.83161576001294,207.69813141616132,-395.8316,205.1694,-1.5760012956889113e-05
none,2004,2014,894.1391212216954,1153.0590273635123,894.1391,1138.9162,2.1221695419626485e-05
none,2004,2015,-409.4352973115389,269.7690944871923,-409.4353,266.473,2.6884611088462407e-06
none,2004,2016,-872.7997839795789,482.2011101803761,-872.7998,476.3018,1.6020421071516466e-05
none,2004,2017,-1065.613006052315,768.3485320427422,-1065.613,758.9361,-6.052315029592137e-06
none,2004,2018,-1170.7135953532168,225.91607044405006,-1170.7136,223.1855,4.646783281714306e-06
none,2004,2019,-211.31410375348503,894.9363339859116,-211.3141,883.9641,-3.753485032120807e-06
none,2004,2020,-1709.196775180883,250.95024648132514,-1709.1968,247.9129,2.48191170157952e-05
none,2004,2021,-1137.1567927292504,281.1751724489533,-1137.1568,277.7501,7.270749620147399e-06
none,2004,2022,-1041.1560729918094,264.55785099966374,-1041.1561,261.3355,2.7008190500055207e-05
none,2004,2023,-482.39231577962573,332.4347173720225,-482.3923,328.3694,-1.5779625755385496e-05
none,2004,2024,-709.6500836229729,209.692392765969,-709.6501,207.1429,1.637702700918453e-05
none,2004,2025,-409.0842725900935,407.90414295330066,-409.0843,402.9115,2.7409906465436507e-05
none,2005,2002,430.39207800164957,234.9845223889076,430.3921,234.879,-2.1998350462126837e-05
none,2005,2003,15.31733369620406,261.67844611067846,15.3173,261.5607,3.3696204059907586e-05
none,2005,2004,-707.9764561691253,129.17959822249944,-707.9765,129.1223,4.3830874687955657e-05
none,2005,2005,728.730486414727,167.45866630987,728.7305,167.3839,-1.358527299544221e-05
none,2005,2006,666.9067407195721,150.40353100817555,666.9067,150.3366,4.071957209816901e-05
none,2005,2007,-61.569240664231515,128.5847752265445,-61.5692,128.5286,-4.066423151272147e-05
none,2005,2008,-307.33318153556263,116.34839581383154,-307.3332,116.2983,1.8464437346210616e-05
none,2005,2009,228.9056016966099,117.52079760707997,228.9056,117.4693,1.696609899681789e-06
none,2005,2010,417.4224069901341,117.23280707793053,417.4224,117.1814,6.990134124862379e-06
none,2005,2011,234.84240708315917,112.95466617742744,234.8424,112.9055,7.083159175635956e-06
none,2005,2012,469.6424344261468,132.995049275426,469.6424,132.9365,3.4426146783061995e-05
none,2005,2013,69.67450977624037,114.14968242503822,69.6745,114.1001,9.776240375458656e-06
none,2005,2014,5.966831789885447,220.72940488342124,5.9668,220.6308,3.1789885446720234e-05
none,2005,2015,62.43714698761153,122.96919942531616,62.4371,122.9154,4.6987611526105866e-05
none,2005,2016,-489.95135276145055,141.5970180595785,-489.9514,141.5357,4.7238549427675025e-05
none,2005,2017,-1112.1860898418465,293.8117792493912,-1112.1861,293.6806,1.0158153372685774e-05
none,2005,2018,-647.5193366654361,152.14102845905435,-647.5193,152.075,-3.6665436027760734e-05
none,2005,2019,-716.008237164902,114.29593284726485,-716.0082,114.2473,-3.716490198257816e-05
none,2005,2020,-1093.0047744738358,137.72861646099338,-1093.0048,137.6697,2.5526164108669036e-05
none,2005,2021,-525.6558290831217,137.65661785420187,-525.6558,137.5968,-2.9083121717121685e-05
none,2005,2022,-613.7251995436084,111.67962255708964,-613.7252,111.6319,4.5639160362043185e-07
none,2005,2023,-119.50127876203072,118.37596534955608,-119.5013,118.3245,2.1237969278331548e-05
none,2005,2024,-23.15196737658144,127.81879522652254,-23.152,127.763,3.2623418562138795e-05
none,2005,2025,51.617930188754684,125.2231195325265,51.6179,125.1686,3.0188754685411823e-05
none,2006,2002,-553.8514430462926,446.82695223822026,-553.8514,446.5388,-4.304629260332149e-05
none,2006,2003,-981.8854347395331,427.102092500321,-981.8854,426.8266,-3.473953313459788e-05
none,2006,2004,1071.6037897548608,442.56133715703413,1071.6038,442.2759,-1.024513926495274e-05
none,2006,2005,-596.9761860440076,423.9373932853914,-596.9762,423.6641,1.3955992358205549e-05
none,2006,2006,290.73948062468787,413.33512832204684,290.7395,413.0685,-1.9375312149350066e-05
none,2006,2007,-483.97284901233866,381.6352307746141,-483.9728,381.3895,-4.901233864984533e-05
none,2006,2008,-815.6432700523271,487.32345304774157,-815.6433,487.0094,2.9947672828711802e-05
none,2006,2009,328.0566724540019,357.39476816889646,328.0567,357.1645,-2.754599807985869e-05
none,2006,2010,527.3854551148904,675.0014526880682,527.3855,674.5657,-4.4885109559800185e-05
none,2006,2011,-49.51935232710432,385.7637417437479,-49.5194,385.5152,4.7672895675532345e-05
none,2006,2012,158.54887940614856,449.98736547407776,158.5489,449.6972,-2.059385144548287e-05
none,2006,2013,-758.2243371054203,389.0579325018766,-758.2243,388.8073,-3.710542034696118e-05
none,2006,2014,-1002.5049292134715,393.5637098852027,-1002.5049,393.3103,-2.921347152096132e-05
none,2006,2015,-808.6260719765854,402.05360512503444,-808.6261,401.7945,2.8023414529343427e-05
none,2006,2016,-1146.7257266118254,394.994847862875,-1146.7257,394.7409,-2.661182543306495e-05
none,2006,2017,-147.31715454940377,684.0040968588576,-147.3172,683.5632,4.5450596246610075e-05
none,2006,2018,-1418.2195308908633,395.05600764122073,-1418.2195,394.8022,-3.0890863399690716e-05
none,2006,2019,-1675.0076491187815,272.71527447459,-1675.0076,272.5407,-4.9118781589641e-05
none,2006,2020,-2318.730862695381,347.5346887814296,-2318.7309,347.3119,3.7304619127098704e-05
none,2006,2021,-1628.1017196106723,376.5619346176747,-1628.1017,376.3198,-1.961067232514324e-05
none,2006,2022,-1965.9636291620245,325.37693862950476,-1965.9636,325.1679,-2.9162024475226644e-05
none,2006,2023,-796.3583975307436,373.4344903910609,-796.3584,373.194,2.4692564011274953e-06
none,2006,2024,-680.4010701647358,410.61465813630736,-680.4011,410.3502,2.9835264285793528e-05
none,2006,2025,-936.0647117296761,338.1293054840298,-936.0647,337.9118,-1.172967608908948e-05
none,2007,2002,-328.9850788791948,77.53792402719682,-328.9851,77.5293,2.1120805172358814e-05
none,2007,2003,395.338505979002,58.5223799735172,395.3385,58.5161,5.979001969080855e-06
none,2007,2004,-648.382128760987,58.875934842560106,-648.3821,58.8696,-2.8760986992892867e-05
none,2007,2005,350.1083911710759,51.31771271180224,350.1084,51.3125,-8.828924137560534e-06
none,2007,2006,258.53532074933736,47.368946409532484,258.5353,47.364,2.0749337352299335e-05
none,2007,2007,-713.3023965483142,49.763851022778795,-713.3024,49.759,3.451685870459187e-06
none,2007,2008,-507.4868086724293,63.65168714890255,-507.4868,63.6451,-8.672429260059289e-06
none,2007,2009,-228.32123666341883,55.36970390714648,-228.3212,55.3638,-3.666341882535562e-05
none,2007,2010,-40.69038188783128,61.2168637377779,-40.6904,61.2101,1.8112168717721033e-05
none,2007,2011,-199.53998943658073,48.29367303412656,-199.54,48.2887,1.056341926641835e-05
none,2007,2012,-103.39899328755374,62.1090304730316,-103.399,62.1023,6.712446264600658e-06
none,2007,2013,-390.2899135229884,48.308554516720825,-390.2899,48.3037,-1.3522988410841208e-05
none,2007,2014,-729.8775118706675,48.501387628793054,-729.8775,48.4967,-1.187066743568721e-05
none,2007,2015,-503.8442282550192,43.935961295736945,-503.8442,43.9316,-2.8255019174139306e-05
none,2007,2016,-1161.8331772338872,54.38750748632939,-1161.8332,54.3826,2.2766112806493766e-05
none,2007,2017,-1745.3161696685647,71.05341245809879,-1745.3162,71.0466,3.0331435254993266e-05
none,2007,2018,-1545.8686000837472,51.72764386583765,-1545.8686,51.7233,-8.3747181633953e-08
none,2007,2019,-1119.406139424091,57.34443530432158,-1119.4061,57.3389,-3.942409102819511e-05
none,2007,2020,-1626.366669807225,61.29670113358815,-1626.3667,61.2911,3.019277505700302e-05
none,2007,2021,-1091.107538207353,55.09903252543252,-1091.1075,55.0938,-3.820735287263233e-05
none,2007,2022,-948.819147391775,60.519899788933934,-948.8191,60.5138,-4.739177495594049e-05
none,2007,2023,-646.9188713665715,47.00973114198012,-646.9189,47.0052,2.863342854197981e-05
none,2007,2024,-535.8440091984733,50.04036095909752,-535.844,50.0355,-9.198473208016367e-06
none,2007,2025,-499.4068987670035,53.51727090777846,-499.4069,53.5119,1.2329965102253482e-06
none,2008,2002,344.4960861156557,198.33820099833068,344.4961,198.3015,-1.3884344298276119e-05
none,2008,2003,222.8344006245689,202.58058061860297,222.8344,202.543,6.24568912144241e-07
none,2008,2004,-583.6159861619742,180.61152324146423,-583.616,180.5781,1.3838025779477903e-05
none,2008,2005,-2.6364059754076834,167.8441423252479,-2.6364,167.8132,-5.975407683322942e-06
none,2008,2006,165.29419230529368,142.9235125656578,165.2942,142.8972,-7.694706312122435e-06
none,2008,2007,-1092.6445761552109,116.72334378611083,-1092.6446,116.7022,2.3844789211580064e-05
none,2008,2008,-104.02720300479159,110.6465780306025,-104.0272,110.6268,-3.0047915942077452e-06
none,2008,2009,847.4110570012126,123.11227406309969,847.4111,123.09,-4.2998787421311135e-05
none,2008,2010,605.2327686224104,132.83162532720812,605.2328,132.8075,-3.1377589607473055e-05
none,2008,2011,754.4949571811476,146.43520927094795,754.495,146.4085,-4.281885242107819e-05
none,2008,2012,409.707810950191,106.46111325803952,409.7078,106.4422,1.0950190983294306e-05
none,2008,2013,30.39368771420152,100.52504200603605,30.3937,100.5073,-1.2285798479894083e-05
none,2008,2014,-253.8773907842487,101.32337584212969,-253.8774,101.3057,9.215751305191588e-06
none,2008,2015,14.793659025326065,104.48376039336296,14.7937,104.4653,-4.097467393471277e-05
none,2008,2016,-493.3008616857069,113.66345303372339,-493.3009,113.6437,3.831429313549961e-05
none,2008,2017,257.15546282117134,237.28479181566934,257.1555,237.2414,-3.7178828677042475e-05
none,2008,2018,-468.65251554944416,136.75291252742093,-468.6525,136.7288,-1.5549444185580796e-05
none,2008,2019,-322.30656863894745,123.1218147712674,-322.3066,123.1001,3.136105254952781e-05
none,2008,2020,-333.66367044052396,161.41737135049482,-333.6637,161.3885,2.9559476047325006e-05
none,2008,2021,-411.73822967700266,119.01834835605004,-411.7382,118.9975,-2.967700265799067e-05
none,2008,2022,-455.1872840161209,106.81812683607389,-455.1873,106.7996,1.598387910917154e-05
none,2008,2023,248.44659321994243,122.73959878088392,248.4466,122.7177,-6.780057560717978e-06
none,2008,2024,47.53816542458685,111.70406957078661,47.5382,111.6844,-3.457541315299295e-05
none,2008,2025,213.1230982482614,123.97356885784289,213.1231,123.9515,-1.751738579969242e-06
none,2009,2002,-156.07088460393425,56.59661798133433,-156.0709,56.5949,1.5396065748518595e-05
none,2009,2003,319.3848673524476,50.96816791834305,319.3849,50.9666,-3.2647552416165126e-05
none,2009,2004,-373.26094817179717,55.05610012587226,-373.2609,55.0544,-4.817179717520048e-05
none,2009,2005,180.52872582801658,54.99111808560097,180.5287,54.9895,2.5828016589457548e-05
none,2009,2006,170.51935016058235,45.45341769673984,170.5194,45.4521,-4.9839417641805994e-05
none,2009,2007,-797.3506094248585,47.29155643390868,-797.3506,47.2903,-9.424858490092447e-06
none,2009,2008,64.73145875665308,50.6164880860238,64.7315,50.6151,-4.124334691368858e-05
none,2009,2009,629.052534502876,56.90430301055111,629.0525,56.9027,3.4502876019359974e-05
none,2009,2010,707.8037064169968,63.50540088160147,707.8037,63.5035,6.416996711777756e-06
none,2009,2011,559.7714595870498,50.298766520723014,559.7715,50.2974,-4.041295017032098e-05
none,2009,2012,541.8791212960552,51.28970451182296,541.8791,51.2883,2.129605525169609e-05
none,2009,2013,407.6681415885665,47.69337342380729,407.6681,47.6922,4.158856654612464e-05
none,2009,2014,88.32560022696472,49.72353795253808,88.3256,49.7223,2.269647296770927e-07
none,2009,2015,345.8815167066206,42.76620705050955,345.8815,42.7652,1.6706620556306007e-05
none,2009,2016,-16.299007638548574,64.84187219275377,-16.299,64.8402,-7.638548574107062e-06
none,2009,2017,-918.4343792444433,66.18066439109582,-918.4344,66.179,2.0755556647600315e-05
none,2009,2018,-589.2230926491613,57.9291660886481,-589.2231,57.9278,7.350838700403983e-06
none,2009,2019,-298.93628002247533,51.137061411965036,-298.9363,51.1359,1.9977524686964898e-05
none,2009,2020,-603.8848349276275,60.30735790553062,-603.8848,60.306,-3.49276274391741e-05
none,2009,2021,-253.92974698672205,57.93224254808406,-253.9297,57.9308,-4.6986722054498387e-05
none,2009,2022,-117.95239383746213,52.25000683060246,-117.9524,52.2488,6.162537872000939e-06
none,2009,2023,327.39436195351635,51.303180796041296,327.3944,51.3019,-3.804648366667607e-05
none,2009,2024,338.6986712825791,50.14573086339693,338.6987,50.1445,-2.871742088927931e-05
none,2009,2025,327.9116497688338,54.16469665711119,327.9116,54.1633,4.976883377594277e-05
none,2010,2002,-239.01850371527527,193.6270598033402,-239.0185,193.5414,-3.7152752838665037e-06
none,2010,2003,-62.738014213487986,148.8512032608781,-62.738,148.7857,-1.421348798658073e-05
none,2010,2004,66.85411433065588,119.08255196396534,66.8541,119.0306,1.4330655872640818e-05
none,2010,2005,-100.40242043871831,125.39828283529035,-100.4024,125.3435,-2.0438718308923853e-05
none,2010,2006,928.1312009976435,167.8447200091587,928.1312,167.7705,9.97643496702949e-07
none,2010,2007,-1569.1189838225073,166.14894423465338,-1569.119,166.0759,1.6177492625502055e-05
none,2010,2008,280.9067716289836,117.28043109121424,280.9068,117.2301,-2.83710163557771e-05
none,2010,2009,1003.087185565603,151.43218509518658,1003.0872,151.366,-1.443439703052718e-05
none,2010,2010,-438.2503676308168,161.3889430868826,-438.2504,161.3176,3.236918320226323e-05
none,2010,2011,-177.00414453767957,169.41652871100743,-177.0041,169.3418,-4.4537679571021727e-05
none,2010,2012,-290.43012050868424,149.96549259264864,-290.4301,149.8995,-2.0508684258402354e-05
none,2010,2013,-736.4872891133762,155.53015160706641,-736.4873,155.4618,1.0886623840633547e-05
none,2010,2014,-1196.2800347868954,183.54844028543977,-1196.28,183.4676,-3.4786895412253216e-05
none,2010,2015,-986.6778722803439,142.06835442832846,-986.6779,142.0061,2.771965614556393e-05
none,2010,2016,-1388.9157355828656,213.92563874499942,-1388.9157,213.8317,-3.5582865621108795e-05
none,2010,2017,-1999.4690732720705,207.69317595135738,-1999.4691,207.6026,2.6727929480330204e-05
none,2010,2018,-2178.8922070135536,142.56406251966365,-2178.8922,142.503,-7.013553840806708e-06
none,2010,2019,-1812.1312366799089,136.58073998677327,-1812.1312,136.5219,-3.6679908816950046e-05
none,2010,2020,-2239.7318295852824,139.14659159847528,-2239.7318,139.0874,-2.9585282391053624e-05
none,2010,2021,-1673.333160100498,188.50016372484157,-1673.3332,188.4176,3.989950209870585e-05
none,2010,2022,-1570.859312718561,159.2591140717253,-1570.8593,159.1897,-1.2718560810753843e-05
none,2010,2023,-1033.3971593253807,167.98974209480207,-1033.3972,167.916,4.067461941303918e-05
none,2010,2024,-429.38777909626003,253.27618863275728,-429.3878,253.164,2.090373999408257e-05
none,2010,2025,-1039.5598400848012,172.15997062338297,-1039.5598,172.0844,-4.0084801185003016e-05
none,2011,2002,-428.75622683198566,101.95383150815748,-428.7562,101.9499,-2.6831985678654746e-05
none,2011,2003,295.08347138386546,98.6321606300569,295.0835,98.6283,-2.8616134557069017e-05
none,2011,2004,965.0972135753253,128.95251153098363,965.0972,128.9475,1.3575325283454731e-05
none,2011,2005,-731.3086658545002,136.40365157098594,-731.3087,136.3983,3.4145499853366346e-05
none,2011,2006,476.85617231547496,128.40386887136793,476.8562,128.3988,-2.768452503687513e-05
none,2011,2007,-362.307673377553,136.32480829735997,-362.3077,136.3195,2.6622447023783025e-05
none,2011,2008,-1110.1494964652338,141.7339292378801,-1110.1495,141.7284,3.534766165103065e-06
none,2011,2009,1325.8483428774541,125.67343787201808,1325.8483,125.6686,4.2877454006884363e-05
none,2011,2010,-582.025129325967,128.45074208576898,-582.0251,128.4457,-2.9325967034310452e-05
none,2011,2011,-731.0815885725964,110.79424836034471,-731.0816,110.7899,1.1427403592279006e-05
none,2011,2012,-469.7606893804538,129.61634275299923,-469.7607,129.6113,1.0619546173984418e-05
none,2011,2013,-1348.1043720744995,118.56033877577215,-1348.1044,118.5557,2.792550048980047e-05
none,2011,2014,-1009.7754158643636,153.62477031228752,-1009.7754,153.6187,-1.5864363604123355e-05
none,2011,2015,-1047.4625017146986,123.94688016524024,-1047.4625,123.942,-1.7146985555882566e-06
none,2011,2016,-1375.0675101131087,137.9245010939986,-1375.0675,137.9192,-1.0113108601217391e-05
none,2011,2017,-215.21425269807673,162.1589291984112,-215.2143,162.1527,4.730192327428995e-05
none,2011,2018,-1103.4998459277358,144.05722478916962,-1103.4998,144.0517,-4.592773575495812e-05
none,2011,2019,-1320.8695132955186,130.7799661638632,-1320.8695,130.7749,-1.3295518556333263e-05
none,2011,2020,-1848.410930630941,125.68277293933434,-1848.4109,125.678,-3.063094095523411e-05
none,2011,2021,-1193.0823053795684,130.98943989395823,-1193.0823,130.9844,-5.37956839252729e-06
none,2011,2022,-1487.0871135039379,123.65459593321611,-1487.0871,123.6498,-1.3503937907444197e-05
none,2011,2023,-1136.2188559797937,117.44255097011074,-1136.2189,117.438,4.4020206360073644e-05
none,2011,2024,-1128.1547293627098,131.50683857692437,-1128.1547,131.5017,-2.9362709710767376e-05
none,2011,2025,-893.4762707902476,131.1740497600868,-893.4763,131.169,2.9209752483438933e-05
none,2012,2002,-1062.9019168749642,265.06007902656296,-1062.9019,264.9133,-1.6874964103408274e-05
none,2012,2003,1774.4928845018323,276.84783187411153,1774.4929,276.6944,-1.5498167613259284e-05
none,2012,2004,-1228.3644992634565,270.7739974873119,-1228.3645,270.624,7.365433702943847e-07
none,2012,2005,788.3216412935135,247.29670111522395,788.3216,247.1599,4.129351350457e-05
none,2012,2006,-521.6116060633777,322.35931169774744,-521.6116,322.1804,-6.06337778208399e-06
none,2012,2007,-583.1818983380929,187.6501318224385,-583.1819,187.5469,1.6619071629975224e-06
none,2012,2008,274.50058093996705,204.14172271890476,274.5006,204.0296,-1.9060032968809537e-05
none,2012,2009,665.2778606587319,343.69797144491054,665.2779,343.5074,-3.934126812055183e-05
none,2012,2010,-10.28978357185342,362.4890164767715,-10.2898,362.2877,1.642814657998315e-05
none,2012,2011,-481.656676451155,227.54613851123491,-481.6567,227.4202,2.3548844978904526e-05
none,2012,2012,-184.60423525422192,163.99318887172126,-184.6042,163.9029,-3.525422192751648e-05
none,2012,2013,-523.0286091677964,128.34918135907375,-523.0286,128.2793,-9.167796406472917e-06
none,2012,2014,-708.7915849783964,155.8581661981418,-708.7916,155.7729,1.5021603644527204e-05
none,2012,2015,63.40472017784042,224.3027539289675,63.4047,224.1788,2.0177840418966753e-05
none,2012,2016,-696.3740984656274,280.1571107788893,-696.3741,280.0026,1.5343725863203872e-06
none,2012,2017,-899.421327391075,313.00553024683217,-899.4213,312.8331,-2.7391075036575785e-05
none,2012,2018,-33.820820454912564,423.58405489570777,-33.8208,423.3494,-2.045491256552623e-05
none,2012,2019,-304.7790828588372,375.93374035021696,-304.7791,375.7255,1.714116280027156e-05
none,2012,2020,-1197.498093135422,209.12922897426074,-1197.4981,209.0153,6.864577926535276e-06
none,2012,2021,-455.9152264500264,264.5174957084171,-455.9152,264.3717,-2.6450026382462966e-05
none,2012,2022,-945.654153929061,163.2226629498429,-945.6542,163.1338,4.607093899267056e-05
none,2012,2023,-135.95792519236025,200.5331689947591,-135.9579,200.4228,-2.5192360254777668e-05
none,2012,2024,-172.3783818652322,210.31760118985426,-172.3784,210.2018,1.8134767799438123e-05
none,2012,2025,-165.44577804874496,249.0753631788133,-165.4458,248.9379,2.195125503590134e-05
none,2013,2002,-295.53784288841746,136.48612538834902,-295.5378,136.4475,-4.2888417453923466e-05
none,2013,2003,988.118192858531,197.54747747292612,988.1182,197.491,-7.141469041016535e-06
none,2013,2004,-1209.9705784173605,219.50190865577287,-1209.9706,219.4391,2.1582639647022006e-05
none,2013,2005,559.5934889820214,163.78474000649032,559.5935,163.7382,-1.1017978522431804e-05
none,2013,2006,462.24892601070866,233.02175954608015,462.2489,232.955,2.6010708666035498e-05
none,2013,2007,-970.1074849160332,234.21036833861444,-970.1075,234.1434,1.5083966786733072e-05
none,2013,2008,391.77060209299674,196.05522756465928,391.7706,195.9995,2.092996737701469e-06
none,2013,2009,231.09838910413052,201.8763387516884,231.0984,201.8189,-1.0895869479554676e-05
none,2013,2010,-291.96132733276556,179.16693787208237,-291.9613,179.1157,-2.7332765569099138e-05
none,2013,2011,283.29120423074244,185.29701618517913,283.2912,185.2441,4.23074243371957e-06
none,2013,2012,25.622712316884844,199.08860322800777,25.6227,199.0317,1.2316884845375853e-05
none,2013,2013,-516.2816499100902,174.53547548461069,-516.2816,174.4857,-4.9910090183402644e-05
none,2013,2014,-320.2254821051523,267.5965067049261,-320.2255,267.5199,1.7894847701427352e-05
none,2013,2015,-233.47717695007543,161.40299973112954,-233.4772,161.3571,2.304992457879962e-05
none,2013,2016,23954.5720135534,2620.3562991835342,23954.572,2619.6017,1.355339918518439e-05
none,2013,2017,-1077.3302651201593,228.77516218799207,-1077.3303,228.7105,3.487984076855355e-05
none,2013,2018,-1280.3772189725912,200.89952790472557,-1280.3772,200.8428,-1.8972591306010145e-05
none,2013,2019,869.5003880676506,703.3484359204365,869.5004,703.1461,-1.193234936636145e-05
none,2013,2020,-1609.1753557042837,178.97278114309503,-1609.1754,178.9227,4.429571640685026e-05
none,2013,2021,-840.700464746433,232.20481484416828,-840.7005,232.1387,3.525356703448779e-05
none,2013,2022,-929.5105723456531,177.50005131106326,-929.5106,177.4499,2.7654346808958508e-05
none,2013,2023,-492.35199938249343,183.6220749736516,-492.352,183.5699,6.175065436764271e-07
none,2013,2024,-743.2549934079063,159.03489996589462,-743.255,158.99,6.59209365494462e-06
none,2013,2025,-413.9343956592704,178.67108982095695,-413.9344,178.6204,4.340729560681211e-06
none,2014,2002,-2395.557257001548,517.0226119502361,-2395.5573,516.3211,4.299845204513986e-05
none,2014,2003,92.43817411496622,146.3419806323712,92.4382,146.1459,-2.5885033778649813e-05
none,2014,2004,8.16089731744762,230.7773583246321,8.1609,230.4657,-2.6825523793405637e-06
none,2014,2005,-66.79015607794162,240.09178216298227,-66.7902,239.7675,4.3922058381440365e-05
none,2014,2006,354.98360757881824,160.5711686731894,354.9836,160.3553,7.578818213005434e-06
none,2014,2007,1362.4409918321085,458.698831744016,1362.441,458.0769,-8.167891564880847e-06
none,2014,2008,-1134.2465367550635,718.2068167983551,-1134.2465,717.2321,-3.6755063547389e-05
none,2014,2009,131.52631108911015,729.9091834811228,131.5263,728.9184,1.1089110159900883e-05
none,2014,2010,-686.1002592906208,227.07818865648113,-686.1003,226.7712,4.0709379163672565e-05
none,2014,2011,111.81849419081803,268.6060908260187,111.8185,268.2427,-5.809181971017097e-06
none,2014,2012,388.59132816620263,286.98181411754905,388.5913,286.5933,2.8166202639567928e-05
none,2014,2013,-583.6994702322498,271.20638893541866,-583.6995,270.8394,2.976775010665733e-05
none,2014,2014,-361.94526412783455,189.2181195882515,-361.9453,188.9635,3.587216542655369e-05
none,2014,2015,302.30499709015834,346.2729685153903,302.305,345.8039,-2.90984166895214e-06
none,2014,2016,-391.905171239445,383.83450120071393,-391.9052,383.3156,2.8760554982909525e-05
none,2014,2017,-1231.8645432349922,438.5042390687003,-1231.8645,437.9115,-4.323499229030858e-05
none,2014,2018,-1352.3561342664584,191.57908809167012,-1352.3561,191.3246,-3.426645844228915e-05
none,2014,2019,-12.2201709260097,584.2583490366228,-12.2202,583.4662,2.9073990299721686e-05
none,2014,2020,-1298.6978142414494,210.82473370770938,-1298.6978,210.5444,-1.4241449434848619e-05
none,2014,2021,-386.8081567125997,311.21824039350616,-386.8082,310.7983,4.32874002740391e-05
none,2014,2022,-588.1375301366477,258.4941114009367,-588.1375,258.1461,-3.013664763784618e-05
none,2014,2023,-507.1883951858895,181.01227664478031,-507.1884,180.7699,4.8141105253307614e-06
none,2014,2024,-464.3824620490316,181.15367771458577,-464.3825,180.9114,3.795096841940904e-05
none,2014,2025,168.21788743567382,399.5456378167601,168.2179,399.0046,-1.256432616969505e-05
none,2018,2002,-581.272401169276,83.97297269210833,-581.2724,83.9697,-1.1692760608639219e-06
none,2018,2003,313.15904691111587,71.35136469831141,313.159,71.3486,4.691111587362684e-05
none,2018,2004,56.00671422674543,96.64375530972578,56.0067,96.6399,1.4226745427947662e-05
none,2018,2005,-49.75510354164635,100.75917108007147,-49.7551,100.7552,-3.54164635041343e-06
none,2018,2006,757.3939808734079,119.9707116738111,757.394,119.9659,-1.9126592064822034e-05
none,2018,2007,-1107.4499484339658,117.21383503240467,-1107.4499,117.2092,-4.8433965730509954e-05
none,2018,2008,-69.32815286520885,98.58389316453245,-69.3282,98.5801,4.713479114570873e-05
none,2018,2009,697.6400763858273,97.75922782267688,697.6401,97.7554,-2.3614172619090823e-05
none,2018,2010,132.09180000719692,111.71713047958033,132.0918,111.7126,7.196916840257472e-09
none,2018,2011,-303.4101623243447,103.14302710406861,-303.4102,103.1389,3.7675655278235354e-05
none,2018,2012,66.73748077436167,82.34306865904804,66.7375,82.3398,-1.9225638325792715e-05
none,2018,2013,-623.570814542479,70.43464410013334,-623.5708,70.4319,-1.4542478993462282e-05
none,2018,2014,-15.001828205960521,76.85790356498764,-15.0018,76.8549,-2.820596052188762e-05
none,2018,2015,128.1666151725213,87.15128922344987,128.1666,87.1479,1.5172521301565212e-05
none,2018,2016,-546.6247677762678,82.76628561008937,-546.6248,82.7632,3.2223732205238775e-05
none,2018,2017,-125.25142800731226,104.66170156855144,-125.2514,104.6578,-2.8007312252498195e-05
none,2018,2018,-240.24321611174315,105.06550832775753,-240.2432,105.0616,-1.6111743150304392e-05
none,2018,2019,24.471452677418142,102.17747589574118,24.4715,102.1737,-4.732258185669025e-05
none,2018,2020,-362.4644896923163,112.36419111217891,-362.4645,112.3601,1.0307683680821356e-05
none,2018,2021,227.09404300265066,121.1038703411979,227.094,121.0993,4.300265067058717e-05
none,2018,2022,261.95933835913456,109.92731230398476,261.9593,109.9232,3.835913457805873e-05
none,2018,2023,712.4322225618424,112.49420339198836,712.4322,112.49,2.2561842456525483e-05
none,2018,2024,663.7917315385175,122.11640924119453,663.7917,122.1118,3.1538517532681e-05
none,2018,2025,502.99740034926674,105.09382510640805,502.9974,105.0899,3.4926671332868864e-07
none,2019,2002,1194.232005179877,1199.583091740395,1194.232,1130.9955,5.17987700732192e-06
none,2019,2003,-562.565742706699,1167.8063410511215,-562.5657,1101.0346,-4.2706698991423764e-05
none,2019,2004,1843.6925813074295,2627.6795968191905,1843.6926,2477.4097,-1.8692570620260085e-05
none,2019,2005,-322.523836513604,1991.0220494454773,-322.5238,1877.1657,-3.651360401590864e-05
none,2019,2006,-1679.7878610623713,1556.1532384243292,-1679.7879,1467.167,3.893762868756312e-05
none,2019,2007,588.3463596650998,976.4766582039703,588.3464,920.6566,-4.033490017718577e-05
none,2019,2008,-1072.1466461587167,1242.0611699563096,-1072.1466,1171.053,-4.615871671376226e-05
none,2019,2009,5385.355614446096,3463.9048923612745,5385.3556,3265.8122,1.4446096429310273e-05
none,2019,2010,-4927.6147200487,3348.2696350882184,-4927.6147,3156.7867,-2.0048700207553338e-05
none,2019,2011,2237.439432342363,1138.4982352058094,2237.4394,1073.403,3.2342362828785554e-05
none,2019,2012,-401.19680216162544,1221.2902992241568,-401.1968,1151.4589,-2.1616254457512696e-06
none,2019,2013,-1348.3776016916884,754.1854924857316,-1348.3776,711.0765,-1.6916883396334015e-06
none,2019,2014,-776.0721860867905,301.45433582010276,-776.0722,284.2797,1.3913209500060475e-05
none,2019,2015,599.381107477401,464.5991707621603,599.3811,438.0758,7.477401027244923e-06
none,2019,2016,-652.7014064056193,383.3205057643378,-652.7014,361.4984,-6.40561927411909e-06
none,2019,2017,2119.720161855008,1621.002165809653,2119.7202,1528.3327,-3.814499223153689e-05
none,2019,2018,-2942.3865257922434,1892.9903867728192,-2942.3865,1784.7589,-2.5792243377509294e-05
none,2019,2019,1254.7196896725163,562.9225934033467,1254.7197,530.8146,-1.0327483778382884e-05
none,2019,2020,3767.1132807825757,4362.444119142382,3767.1133,4112.9707,-1.9217424323869636e-05
none,2019,2021,1094.45111369594,1166.3580203608844,1094.4511,1099.7031,1.3695939969693427e-05
none,2019,2022,2252.1272008404376,1573.3285702332416,2252.1272,1483.3852,8.404376785620116e-07
none,2019,2023,1340.0579332875332,1072.8440270891485,1340.0579,1011.5356,3.328753314235655e-05
none,2019,2024,1483.485801635035,1161.878810370971,1483.4858,1095.4754,1.635035005165264e-06
none,2019,2025,1703.9741267360655,1073.844874884651,1703.9741,1012.4805,2.673606559255859e-05
none,2020,2002,-115.12296343533183,30.265121684041834,-115.123,30.2648,3.6564668178584725e-05
none,2020,2003,429.00660526277335,28.697665423919073,429.0066,28.6973,5.262773356662365e-06
none,2020,2004,-467.24194583409775,46.31822594509451,-467.2419,46.3175,-4.583409776159897e-05
none,2020,2005,179.11841216936512,46.26922025050802,179.1184,46.2685,1.2169365106728947e-05
none,2020,2006,354.8506616742856,29.189113801938664,354.8507,29.1887,-3.832571439943422e-05
none,2020,2007,-766.3497300956451,32.860020188757005,-766.3497,32.8596,-3.0095645115579828e-05
none,2020,2008,-8.689605763581337,36.776223643062735,-8.6896,36.7758,-5.763581336637458e-06
none,2020,2009,515.8475392842713,41.54608416678925,515.8475,41.5455,3.928427133814694e-05
none,2020,2010,-44.89601030065897,38.439946735909956,-44.896,38.4393,-1.0300658971118537e-05
none,2020,2011,142.41684418477843,30.71020903259632,142.4168,30.7098,4.4184778431599625e-05
none,2020,2012,-140.60714571411776,32.603465789459776,-140.6071,32.603,-4.571411776055356e-05
none,2020,2013,-6.194260890980601,33.76716903769931,-6.1943,33.7667,3.910901939896405e-05
none,2020,2014,-436.2699092851214,29.355535785521642,-436.2699,29.3552,-9.285121393531881e-06
none,2020,2015,310.1444871117973,24.176787959526585,310.1445,24.1766,-1.288820271838631e-05
none,2020,2016,-767.8098739404115,32.824265235967424,-767.8099,32.824,2.6059588435600745e-05
none,2020,2017,-448.05528467897864,58.57742807113214,-448.0553,58.5766,1.532102135115565e-05
none,2020,2018,1060.0823820182745,113.74760772405057,1060.0824,113.7456,-1.7981725477511645e-05
none,2020,2019,-126.4581214261865,109.23713431585035,-126.4581,109.2352,-2.1426186492590205e-05
none,2020,2020,-247.53767720988347,103.74635256069197,-247.5377,103.7445,2.279011653172347e-05
none,2020,2021,217.67509274145561,93.45366776450089,217.6751,93.4521,-7.2585443717798626e-06
none,2020,2022,478.86937745061675,97.78031909265579,478.8694,97.7786,-2.2549383231762476e-05
none,2020,2023,332.7184955056203,70.68156815261362,332.7185,70.6804,-4.4943797092855675e-06
none,2020,2024,798.303818401205,87.27558913725916,798.3038,87.2741,1.8401205011286947e-05
none,2020,2025,491.6658673817541,72.43597883879595,491.6659,72.4348,-3.2618245938920154e-05
none,2021,2002,-232.2270200143982,231.74769050719644,-232.227,231.6936,-2.001439818855033e-05
none,2021,2003,-399.92326456423837,219.41830984765684,-399.9233,219.3671,3.543576161746387e-05
none,2021,2004,2042.820359841547,350.0785340003893,2042.8204,349.9965,-4.015845297544729e-05
none,2021,2005,-1380.6617498550518,364.543210394475,-1380.6617,364.4578,-4.9855051656777505e-05
none,2021,2006,192.82997977911512,254.49476285255548,192.83,254.4352,-2.0220884891841706e-05
none,2021,2007,-832.2115228413903,234.0964699765692,-832.2115,234.0419,-2.2841390318717458e-05
none,2021,2008,-528.9830963551967,186.39622763141557,-528.9831,186.3531,3.644803314273304e-06
none,2021,2009,1052.0226221919793,215.9684287555835,1052.0226,215.9182,2.2191979269337025e-05
none,2021,2010,-564.5320111165732,194.45572187510956,-564.532,194.4103,-1.11165732050722e-05
none,2021,2011,478.7231744553448,180.26371636422567,478.7232,180.2218,-2.5544655215981038e-05
none,2021,2012,739.3794417871462,226.4079852227892,739.3794,226.3551,4.178714618774393e-05
none,2021,2013,-1880.942381933576,233.30124077830757,-1880.9424,233.2467,1.8066423990603653e-05
none,2021,2014,166.99038557039995,133.38359183046038,166.9904,133.3528,-1.4429600042831225e-05
none,2021,2015,113.02949314345659,168.06648953245556,113.0295,168.0275,-6.8565434077072496e-06
none,2021,2016,-148.61157539897783,185.38194015775642,-148.6116,185.3392,2.4601022175829712e-05
none,2021,2017,1118.2882990749567,269.08646030966804,1118.2883,269.0241,-9.250431958207628e-07
none,2021,2018,-1239.496254519433,289.96532081252263,-1239.4963,289.8979,4.5480566996047855e-05
none,2021,2019,-159.13566053848632,186.46692569623775,-159.1357,186.4241,3.9461513694050154e-05
none,2021,2020,-696.9564731072917,146.38256788585053,-696.9565,146.3496,2.689270831979229e-05
none,2021,2021,565.1106921083458,154.45143438934795,565.1107,154.4166,-7.891654149716487e-06
none,2021,2022,759.0184236764252,164.63465762763036,759.0184,164.5974,2.3676425144003588e-05
none,2021,2023,1446.9181411764039,181.26915594773934,1446.9181,181.2278,4.117640378353826e-05
none,2021,2024,1252.432122947902,158.12867609346384,1252.4321,158.0929,2.2947901925363112e-05
none,2021,2025,1340.3970161163024,211.57646134798884,1340.397,211.5278,1.6116302504087798e-05
none,2024,2002,-1069.8893043570506,90.79695490199988,-1069.8893,90.793,-4.357050556791364e-06
none,2024,2003,1129.3570769258972,72.71478641021609,1129.3571,72.7117,-2.3074102728060097e-05
none,2024,2004,-809.7030978580245,101.82595892208435,-809.7031,101.8215,2.1419754148155334e-06
none,2024,2005,326.7941488874509,96.28886119756653,326.7941,96.2847,4.8887450873280613e-05
none,2024,2006,213.40295165469394,92.56511329589361,213.403,92.5611,-4.834530605535292e-05
none,2024,2007,-414.6648003883384,100.7063575322077,-414.6648,100.702,-3.883383783431782e-07
none,2024,2008,-626.5291591493182,91.76664063910405,-626.5292,91.7628,4.085068178483198e-05
none,2024,2009,841.0021706294049,80.542795639464,841.0022,80.5394,-2.9370595143518585e-05
none,2024,2010,125.8060109788579,84.77664504750908,125.806,84.773,1.097885790102282e-05
none,2024,2011,-524.9461956431426,70.82328547151302,-524.9462,70.8203,4.356857402854075e-06
none,2024,2012,520.7710012247207,68.7821223182659,520.771,68.7792,1.2247207905602409e-06
none,2024,2013,-886.5792388807353,64.79335699224428,-886.5792,64.7906,-3.8880735246493714e-05
none,2024,2014,70.6267617198111,56.99599087815585,70.6268,56.9937,-3.828018890317253e-05
none,2024,2015,159.3393060269308,72.77405543210837,159.3393,72.771,6.026930805091979e-06
none,2024,2016,184.74830925622484,100.92332082855776,184.7483,100.9191,9.256224842602023e-06
none,2024,2017,7.363609120959268,120.20011844685389,7.3636,120.1951,9.12095926786094e-06
none,2024,2018,-867.1305790153299,99.06996736664186,-867.1306,99.0659,2.09846700727212e-05
none,2024,2019,-23.25907490284584,66.54539367794749,-23.2591,66.543,2.5097154161102253e-05
none,2024,2020,-393.61595736286756,64.25220097705024,-393.616,64.2499,4.263713242380618e-05
none,2024,2021,468.2579776403637,69.29547609743469,468.258,69.293,-2.2359636261626292e-05
none,2024,2022,216.56586252625465,60.351800843290086,216.5659,60.3495,-3.7473745351235266e-05
none,2024,2023,579.6006550145476,69.85975074906676,579.6007,69.8569,-4.4985452404944226e-05
none,2024,2024,-374.2373799795597,67.54767270568765,-374.2374,67.5449,2.0020440274493012e-05
none,2024,2025,-328.23586280163994,72.25277242769496,-328.2359,72.2498,3.719836007576305e-05
none,2025,2002,-136.90407901994377,241.63153385834423,-136.9041,241.5896,2.0980056234520816e-05
none,2025,2003,401.54623120451924,220.6621821665886,401.5462,220.6239,3.120451924587542e-05
none,2025,2004,752.9655719855181,217.96893033924914,752.9656,217.9312,-2.8014481927129964e-05
none,2025,2005,-375.65890858027126,237.5050269008642,-375.6589,237.4639,-8.580271241953596e-06
none,2025,2006,1162.624707053535,290.2877829061184,1162.6247,290.2373,7.05353500052297e-06
none,2025,2007,-1368.0617431785713,330.95615140051626,-1368.0617,330.8987,-4.317857133173675e-05
none,2025,2008,-324.9301364189588,306.97237273228217,-324.9301,306.9191,-3.6418958814010693e-05
none,2025,2009,327.06109929017356,243.80418902447877,327.0611,243.762,-7.098264518390351e-07
none,2025,2010,449.36594015315217,244.40370067917277,449.3659,244.3613,4.015315215610826e-05
none,2025,2011,297.24198956818617,284.8065365895192,297.242,284.7571,-1.0431813848299498e-05
none,2025,2012,-786.4795282689338,258.9273426150923,-786.4795,258.8824,-2.8268933760955406e-05
none,2025,2013,-1609.4875333171399,219.84465973610406,-1609.4875,219.8066,-3.3317139923383365e-05
none,2025,2014,359.1821508597738,189.8372972957128,359.1822,189.8045,-4.9140226224153594e-05
none,2025,2015,114.872456313594,148.39149043180169,114.8725,148.366,-4.3686406002052536e-05
none,2025,2016,1015.5702246713857,215.09323262603755,1015.5702,215.0562,2.4671385745023144e-05
none,2025,2017,712.7717514548137,292.99274142328915,712.7718,292.9422,-4.854518624597404e-05
none,2025,2018,-17.47819043946606,300.9368427067638,-17.4782,300.8849,9.560533939634297e-06
none,2025,2019,-680.6921723283742,328.29334363757715,-680.6922,328.2365,2.7671625730363303e-05
none,2025,2020,-256.7053244181254,295.5788344577555,-256.7053,295.5278,-2.4418125349257025e-05
none,2025,2021,-384.0926123683405,258.43211519194494,-384.0926,258.3877,-1.2368340492230345e-05
none,2025,2022,399.31345638534333,304.2814417688399,399.3135,304.2287,-4.3614656647150696e-05
none,2025,2023,-306.2071071389365,290.0853343333685,-306.2071,290.0351,-7.138936496176029e-06
none,2025,2024,-976.7748879702561,175.71192652822592,-976.7749,175.6817,1.2029743857056019e-05
none,2025,2025,536.2800466041841,162.0704010019571,536.28,162.0426,4.660418414914602e-05
