group,time,att,se,covariate_set,anticipation
2002,2002,-34.43549227014519,20.70931855402526,baseline,0
2002,2003,337.5362894975004,17.17973675508743,baseline,0
2002,2004,-304.88123269954656,21.586349539419984,baseline,0
2002,2005,6.7000437236650825,19.83679975557358,baseline,0
2002,2006,237.36178942969343,20.714556489802515,baseline,0
2002,2007,-424.7563947949131,24.53093583773652,baseline,0
2002,2008,-353.7660308045112,26.240760305526393,baseline,0
2002,2009,-57.69074761870855,21.624581773118948,baseline,0
2002,2010,51.889408674327704,21.400093210083437,baseline,0
2002,2011,74.01628807154145,21.61258550196114,baseline,0
2002,2012,85.89197186403558,22.81528660460863,baseline,0
2002,2013,97.84223113277179,21.12060993190689,baseline,0
2002,2014,-245.4988945544966,23.87798454865257,baseline,0
2002,2015,107.69758441253576,20.90988488038244,baseline,0
2002,2016,-363.8999495767267,65.09825539311531,baseline,0
2002,2017,-1198.1948345092555,44.44276302716444,baseline,0
2002,2018,-878.2651994518175,32.32994378717885,baseline,0
2002,2019,-647.6903956072135,27.725425478329964,baseline,0
2002,2020,-1012.5627872335076,42.32868217516945,baseline,0
2002,2021,-632.5777918327015,29.04277212027011,baseline,0
2002,2022,-440.2474328509129,28.690368237750953,baseline,0
2002,2023,37.72984182426839,63.08311520605494,baseline,0
2002,2024,-40.62393328720512,46.103345497004995,baseline,0
2002,2025,-42.5100340304827,41.64638612361168,baseline,0
2003,2002,-5092.825255269937,1774.9451754134159,baseline,0
2003,2003,116.53616924262792,137.72885176534731,baseline,0
2003,2004,202.68853995313503,255.07309168049358,baseline,0
2003,2005,497.9566296265109,311.9227135817152,baseline,0
2003,2006,158.87108441778895,196.09429183219137,baseline,0
2003,2007,-685.8816997906729,145.67907843191267,baseline,0
2003,2008,-245.76257794034547,206.34345804635956,baseline,0
2003,2009,159.94478343388147,206.99798759239664,baseline,0
2003,2010,98.73112765228926,217.20294825641506,baseline,0
2003,2011,325.05603618754435,267.0671579072856,baseline,0
2003,2012,3818.382204319346,804.0311565244068,baseline,0
2003,2013,7.378406509240449,146.7312481391439,baseline,0
2003,2014,220.84903505406209,357.8118815564139,baseline,0
2003,2015,-76.84626695139397,147.69381940341856,baseline,0
2003,2016,-779.5916779206964,161.13598780142834,baseline,0
2003,2017,-1389.1382647317478,194.0730747662074,baseline,0
2003,2018,-1003.2492317686222,170.71839239347136,baseline,0
2003,2019,-569.9700790836596,224.82774551048698,baseline,0
2003,2020,-1289.258139494445,156.819738692096,baseline,0
2003,2021,-730.9649995502855,164.85472432384447,baseline,0
2003,2022,-676.9552191970356,144.0731368913382,baseline,0
2003,2023,160.1652217109629,393.21271811300886,baseline,0
2003,2024,-172.52766072618468,169.58968140589528,baseline,0
2003,2025,-225.157109465111,152.85853499393414,baseline,0
2004,2002,-1848.5334901675506,592.2695212189385,baseline,0
2004,2003,554.3742246783677,139.36643759530997,baseline,0
2004,2004,97.87297305840286,628.9850200095657,baseline,0
2004,2005,-24.031229987287247,272.09061350850163,baseline,0
2004,2006,297.0017815362927,337.6057311951047,baseline,0
2004,2007,-295.73553443555954,348.6380808137639,baseline,0
2004,2008,-21.391914492706746,490.77094877083385,baseline,0
2004,2009,275.40455072279394,409.6169943855104,baseline,0
2004,2010,-205.03882162382786,289.263810976748,baseline,0
2004,2011,245.2640851999182,359.49314179687036,baseline,0
2004,2012,959.2729856971304,593.6132224735094,baseline,0
2004,2013,-274.5979709438552,205.06690361637487,baseline,0
2004,2014,1051.0099670154673,1138.9047986933754,baseline,0
2004,2015,-291.059502172826,266.4178366680223,baseline,0
2004,2016,-618.653526254632,476.1744667634336,baseline,0
2004,2017,-688.6393276991913,758.8579203564598,baseline,0
2004,2018,-896.3016344489964,223.14434335719997,baseline,0
2004,2019,-9.473887011602415,883.9689259833154,baseline,0
2004,2020,-1550.5637606111693,248.34024106520346,baseline,0
2004,2021,-988.9249987844355,277.93654746251116,baseline,0
2004,2022,-837.9294502993421,261.46473777197195,baseline,0
2004,2023,-428.82644635813455,328.4645266138264,baseline,0
2004,2024,-713.1474828036155,207.46176053534134,baseline,0
2004,2025,-436.2633186782462,403.0868748295442,baseline,0
2005,2002,426.07760022116895,234.7745751738826,baseline,0
2005,2003,-109.64946951904335,261.4978465476206,baseline,0
2005,2004,-619.7525697951354,128.993397968438,baseline,0
2005,2005,672.1877451459951,167.28812723554003,baseline,0
2005,2006,542.4839966829635,150.25874395512918,baseline,0
2005,2007,-3.661882676778859,128.38311910344478,baseline,0
2005,2008,-212.28539850264752,116.05503773835532,baseline,0
2005,2009,219.03895171169154,117.50120234715122,baseline,0
2005,2010,416.2656955630858,117.17477204300437,baseline,0
2005,2011,176.56492357916943,112.91736431213823,baseline,0
2005,2012,491.2390880411216,132.85985371332038,baseline,0
2005,2013,92.70193255403711,113.99030426376804,baseline,0
2005,2014,64.50819503742048,220.60920260423035,baseline,0
2005,2015,82.48345958008781,122.87553955102533,baseline,0
2005,2016,-334.1345775827403,141.16984399763473,baseline,0
2005,2017,-833.5418940349595,293.5103446014863,baseline,0
2005,2018,-477.44017353750394,152.09968693680113,baseline,0
2005,2019,-618.5581758569122,114.38812807954174,baseline,0
2005,2020,-1006.6114887021906,138.61170585083428,baseline,0
2005,2021,-465.74680329097106,138.14298003261734,baseline,0
2005,2022,-498.8213450038056,112.14036991787651,baseline,0
2005,2023,-154.25817749320387,118.78171900839381,baseline,0
2005,2024,-85.70499972863828,128.5067530355461,baseline,0
2005,2025,-43.35138943849131,125.9834092994313,baseline,0
2006,2002,-560.6965612721585,446.48293225762797,baseline,0
2006,2003,-1108.913941574378,426.78738884625557,baseline,0
2006,2004,1164.265016315358,442.23695478322855,baseline,0
2006,2005,-654.9414008251008,423.62692640598743,baseline,0
2006,2006,224.28195136917267,413.0461857367,baseline,0
2006,2007,-371.6025511921362,381.3340759004373,baseline,0
2006,2008,-665.6961036103692,486.9430529306476,baseline,0
2006,2009,367.673232150534,357.16524698863554,baseline,0
2006,2010,576.2155450149954,674.5592105010996,baseline,0
2006,2011,-28.087274505686636,385.5080590609722,baseline,0
2006,2012,257.8666658322526,449.66290384270894,baseline,0
2006,2013,-660.0978490535019,388.7614196234835,baseline,0
2006,2014,-868.7000764073944,393.284018895548,baseline,0
2006,2015,-713.3162698255672,401.76806074518026,baseline,0
2006,2016,-915.6454618745728,394.5945832387482,baseline,0
2006,2017,206.59053081602428,683.480964970423,baseline,0
2006,2018,-1168.0139488353188,394.7916593102648,baseline,0
2006,2019,-1497.4193132494006,272.5771364663069,baseline,0
2006,2020,-2160.969422110298,347.65736920338395,baseline,0
2006,2021,-1485.7832195521428,376.49663954431395,baseline,0
2006,2022,-1768.6503003558432,325.3195826755436,baseline,0
2006,2023,-748.7058219955384,373.31946152404396,baseline,0
2006,2024,-670.4595635001806,410.558821670136,baseline,0
2006,2025,-953.7188556753626,338.17812043078106,baseline,0
2007,2002,-338.6052352769759,77.24340509809507,baseline,0
2007,2003,273.93843376786464,58.27620883848074,baseline,0
2007,2004,-564.8984781792005,58.62585618357434,baseline,0
2007,2005,297.07724267330354,51.06900424801227,baseline,0
2007,2006,194.38046118337263,47.227952635869016,baseline,0
2007,2007,-536.7772391621472,49.424574147595294,baseline,0
2007,2008,-294.1578495264802,63.26477877812329,baseline,0
2007,2009,-129.9418340461367,55.45373565655474,baseline,0
2007,2010,63.98161286968002,61.19317634274352,baseline,0
2007,2011,-138.2826183383122,48.28022675875308,baseline,0
2007,2012,37.31952828433819,61.901354383626305,baseline,0
2007,2013,-253.05270004495878,48.000721138524916,baseline,0
2007,2014,-557.3279739347098,48.31771977716536,baseline,0
2007,2015,-369.7897409741205,43.74198380659966,baseline,0
2007,2016,-892.0082273667545,53.35038830047562,baseline,0
2007,2017,-1352.6637991732553,70.28116232525893,baseline,0
2007,2018,-1284.8721010512909,51.57554713099287,baseline,0
2007,2019,-930.9771091776954,57.43043113164293,baseline,0
2007,2020,-1488.245484665947,63.0399886934556,baseline,0
2007,2021,-970.0449295611418,56.06293354568216,baseline,0
2007,2022,-772.7617099979113,61.10777022900528,baseline,0
2007,2023,-620.522187243684,47.70021269983562,baseline,0
2007,2024,-556.6787423003302,51.40423625593965,baseline,0
2007,2025,-560.674297102267,54.827200587365674,baseline,0
2008,2002,341.4092343232146,198.1799726933126,baseline,0
2008,2003,98.94430804433347,202.4635243997538,baseline,0
2008,2004,-497.182778305218,180.4881868744076,baseline,0
2008,2005,-59.625110935062594,167.7269366771962,baseline,0
2008,2006,99.58311227294928,142.84135791055724,baseline,0
2008,2007,-923.1218533815626,116.5812893324966,baseline,0
2008,2008,-60.22096663249101,110.32360677159268,baseline,0
2008,2009,803.3348601749176,123.08446527124195,baseline,0
2008,2010,572.2425237869714,132.74689288083462,baseline,0
2008,2011,686.6362566773921,146.38300585942574,baseline,0
2008,2012,422.58441001060544,106.32981477259665,baseline,0
2008,2013,44.372095268451176,100.3782919790783,baseline,0
2008,2014,-206.30831968317608,101.23358548317624,baseline,0
2008,2015,23.86767947134001,104.40746801957692,baseline,0
2008,2016,-348.45637865345896,113.1820664118952,baseline,0
2008,2017,524.8273664815968,237.02882803387394,baseline,0
2008,2018,-294.4207301762251,136.80436586299479,baseline,0
2008,2019,-220.66213002165742,123.29850093314728,baseline,0
2008,2020,-222.1143131868929,162.34284044866965,baseline,0
2008,2021,-311.1213180396229,119.86125079005906,baseline,0
2008,2022,-299.57554363108903,107.598996104814,baseline,0
2008,2023,254.39758033399846,123.39210003507908,baseline,0
2008,2024,22.25160600275973,112.85624777275189,baseline,0
2008,2025,162.07176914787158,125.06138463432133,baseline,0
2009,2002,-168.49319713608782,56.32213559890755,baseline,0
2009,2003,202.93821574430774,50.81600146830684,baseline,0
2009,2004,-295.01498657252404,54.910543194312424,baseline,0
2009,2005,129.21169788800967,54.89760189073305,baseline,0
2009,2006,108.45772820741021,45.44778098405659,baseline,0
2009,2007,-647.3789698307872,47.249437161375525,baseline,0
2009,2008,113.21700811023447,50.32074897951244,baseline,0
2009,2009,536.4907883229998,56.7378342460251,baseline,0
2009,2010,625.2212069295927,63.30520135129821,baseline,0
2009,2011,482.66719743920885,50.23387634267247,baseline,0
2009,2012,544.7139418023412,51.07644987228066,baseline,0
2009,2013,409.41834261503516,47.41531022716998,baseline,0
2009,2014,124.96668379713094,49.529008263311056,baseline,0
2009,2015,344.0275496217281,42.57758804647106,baseline,0
2009,2016,117.61748786279293,64.00955365404961,baseline,0
2009,2017,-661.6904631149251,65.40003310587113,baseline,0
2009,2018,-423.6476656665716,58.12748480988182,baseline,0
2009,2019,-205.91688638868695,51.57805121381053,baseline,0
2009,2020,-500.9548022595877,62.81377185000472,baseline,0
2009,2021,-157.97528369059955,59.71368764607825,baseline,0
2009,2022,32.99689820631249,53.90693640011694,baseline,0
2009,2023,328.682900726315,52.94276532387212,baseline,0
2009,2024,333.97942958893947,52.840875632021074,baseline,0
2009,2025,301.1440388930211,56.82357029536813,baseline,0
2010,2002,-245.4183117056166,193.41517085379502,baseline,0
2010,2003,-187.9543039123244,148.67660763266176,baseline,0
2010,2004,157.48766212585986,118.89091293126758,baseline,0
2010,2005,-157.4397209982671,125.22279545235675,baseline,0
2010,2006,864.3948720376166,167.71905695779583,baseline,0
2010,2007,-1397.0445851280754,165.98238729596747,baseline,0
2010,2008,325.7587554719463,116.95630962258016,baseline,0
2010,2009,913.584658632477,151.31310201151553,baseline,0
2010,2010,-431.3303401850951,161.3047246762168,baseline,0
2010,2011,-211.64008320773723,169.31741224230825,baseline,0
2010,2012,-246.87463547328946,149.81315267464163,baseline,0
2010,2013,-695.0523477916443,155.35714387257158,baseline,0
2010,2014,-1120.0606389109485,183.4042176990086,baseline,0
2010,2015,-948.9535270594554,141.91862453262962,baseline,0
2010,2016,-1215.4209277757434,213.55552306777668,baseline,0
2010,2017,-1703.1468448367718,207.32494044957934,baseline,0
2010,2018,-1999.3355233298857,142.45692578254324,baseline,0
2010,2019,-1705.2887410870621,136.57950511558096,baseline,0
2010,2020,-2167.460492398991,139.8866998638955,baseline,0
2010,2021,-1616.270163702009,188.72777524521467,baseline,0
2010,2022,-1458.8014875724198,159.45409416724806,baseline,0
2010,2023,-1071.0000874502157,168.1479409525816,baseline,0
2010,2024,-508.69666907427154,253.4682929092745,baseline,0
2010,2025,-1145.2375219275373,172.55751319627726,baseline,0
2011,2002,-449.74462906374595,101.74231567578205,baseline,0
2011,2003,176.4834213907131,98.49288246529764,baseline,0
2011,2004,1092.557731701624,128.81024800278132,baseline,0
2011,2005,-815.8045189050604,136.2784537412783,baseline,0
2011,2006,424.99248295065865,128.31647093647024,baseline,0
2011,2007,-192.47102222642968,136.21204143759653,baseline,0
2011,2008,-1105.0376313919553,141.52216425249657,baseline,0
2011,2009,1280.0413539439057,125.64175629351266,baseline,0
2011,2010,-596.9837785588903,128.41348696074863,baseline,0
2011,2011,-750.7588780097309,110.71078020819387,baseline,0
2011,2012,-411.1757057643073,129.46822840330162,baseline,0
2011,2013,-1289.9694676423976,118.36213778670759,baseline,0
2011,2014,-916.0416368498203,153.50682141833838,baseline,0
2011,2015,-992.2237733552143,123.79527682893522,baseline,0
2011,2016,-1184.0583191673902,137.44773457538864,baseline,0
2011,2017,98.62235887581824,161.76786758728713,baseline,0
2011,2018,-910.8855712649867,143.97261068683753,baseline,0
2011,2019,-1200.823953572268,130.77366439033977,baseline,0
2011,2020,-1757.788669831327,126.5074598006731,baseline,0
2011,2021,-1113.236109789047,131.38063095639217,baseline,0
2011,2022,-1352.2460891657645,123.91547203613953,baseline,0
2011,2023,-1151.038584912596,117.69318976868503,baseline,0
2011,2024,-1188.8601605914926,132.01420598232104,baseline,0
2011,2025,-985.1840617451085,131.71647417494717,baseline,0
2012,2002,-1071.223936505808,264.8202537769133,baseline,0
2012,2003,1654.02039812882,276.6346764378862,baseline,0
2012,2004,-1141.091146544909,270.5613545500033,baseline,0
2012,2005,733.627872798364,247.0974208357298,baseline,0
2012,2006,-589.5582415536306,322.1525720592722,baseline,0
2012,2007,-407.6988517839209,187.4630358123006,baseline,0
2012,2008,319.12877095559486,203.87060912401847,baseline,0
2012,2009,574.2589520933536,343.4825133213301,baseline,0
2012,2010,-3.3788644807698347,362.28257422751943,baseline,0
2012,2011,-502.74075358092057,227.38431378478487,baseline,0
2012,2012,-104.93517450830893,163.81744163422445,baseline,0
2012,2013,-445.23640543856175,128.13247832963262,baseline,0
2012,2014,-595.5073050434912,155.67918559058793,baseline,0
2012,2015,138.1939494576868,224.11611653019676,baseline,0
2012,2016,-485.8144065995467,279.78458673183314,baseline,0
2012,2017,-566.0342148968177,312.63897838654015,baseline,0
2012,2018,190.9063656897099,423.33623392871675,baseline,0
2012,2019,-152.68554528591721,375.74747303112576,baseline,0
2012,2020,-1084.607070777376,209.565816318427,baseline,0
2012,2021,-357.2711750808327,264.6106070068705,baseline,0
2012,2022,-792.0152738122154,163.41532431102195,baseline,0
2012,2023,-131.97979834649053,200.63759147345857,baseline,0
2012,2024,-192.22570713536675,210.59946654896476,baseline,0
2012,2025,-219.0532986841948,249.29059078386166,baseline,0
2013,2002,-302.6353529054919,136.2717400784289,baseline,0
2013,2003,867.6945937658197,197.40940680568482,baseline,0
2013,2004,-1125.2830798710156,219.3633038835924,baseline,0
2013,2005,505.50792403012457,163.64760948459272,baseline,0
2013,2006,397.72888806512583,232.9176333924938,baseline,0
2013,2007,-797.5139005246335,234.07772044982036,baseline,0
2013,2008,437.7513540438953,195.8381055323243,baseline,0
2013,2009,139.25822704266972,201.78125258364645,baseline,0
2013,2010,-286.53098477032916,179.10904572967743,baseline,0
2013,2011,265.04431187979776,185.20236279539083,baseline,0
2013,2012,105.86470931142493,198.96568923796914,baseline,0
2013,2013,-518.7314431753957,174.3305662555865,baseline,0
2013,2014,-287.7264933154446,267.4371437235732,baseline,0
2013,2015,-239.4732388154268,161.20513690449454,baseline,0
2013,2016,24084.34641427428,2619.575421722551,baseline,0
2013,2017,-824.7284437710998,228.40468790908614,baseline,0
2013,2018,-1142.1736129938986,200.76122136322982,baseline,0
2013,2019,935.0796107127209,703.1369276044906,baseline,0
2013,2020,-1578.005761388233,179.46324498764545,baseline,0
2013,2021,-830.0215399668483,232.3315260284937,baseline,0
2013,2022,-863.8368188184163,177.60996627659574,baseline,0
2013,2023,-576.3389991262325,183.69974256991503,baseline,0
2013,2024,-875.7644902064582,159.37694322947954,baseline,0
2013,2025,-572.9560600040966,178.98679329101148,baseline,0
2014,2002,-2403.66552943597,516.2728009665183,baseline,0
2014,2003,-32.22280609443527,146.03174166189342,baseline,0
2014,2004,98.4026963366864,230.39124667398318,baseline,0
2014,2005,-123.46055248033952,239.701937360515,baseline,0
2014,2006,288.82536657960407,160.29894085749967,baseline,0
2014,2007,1540.5816773530087,458.04140033897494,baseline,0
2014,2008,-1091.5937477453263,717.1858863297944,baseline,0
2014,2009,39.007559775522395,728.9060105525568,baseline,0
2014,2010,-679.932183868507,226.76315511912776,baseline,0
2014,2011,92.24710393057848,268.2110946899683,baseline,0
2014,2012,468.8000790507332,286.54538266180674,baseline,0
2014,2013,-586.828505883239,270.7403702772961,baseline,0
2014,2014,-326.3172396871378,188.84935051674253,baseline,0
2014,2015,299.43797087579617,345.7250430699266,baseline,0
2014,2016,-259.00173486757285,383.12440033720515,baseline,0
2014,2017,-976.1336862349434,437.7487764866023,baseline,0
2014,2018,-1186.6463417544633,191.22825571640016,baseline,0
2014,2019,80.90574977345352,583.4553282998231,baseline,0
2014,2020,-1236.9919094344814,211.01376953111412,baseline,0
2014,2021,-331.0579268096245,310.95071735398716,baseline,0
2014,2022,-477.3924714860203,258.2604545595574,baseline,0
2014,2023,-546.1040898062381,180.9138097132736,baseline,0
2014,2024,-514.0226419072351,181.27835694545118,baseline,0
2014,2025,110.26965633616362,399.1852154633797,baseline,0
2018,2002,-607.1158825336386,83.74171493095115,baseline,0
2018,2003,195.02570728232735,71.20059065202007,baseline,0
2018,2004,151.18208059388712,96.50485321174806,baseline,0
2018,2005,-109.9717263363317,100.64624859029637,baseline,0
2018,2006,714.8704766138482,119.890483779443,baseline,0
2018,2007,-963.5721514190805,117.11130357662331,baseline,0
2018,2008,-26.424048592406287,98.3518908023349,baseline,0
2018,2009,627.4223784637691,97.76631133735899,baseline,0
2018,2010,144.16307729214986,111.70356932747248,baseline,0
2018,2011,-335.5328537987559,103.08633390948135,baseline,0
2018,2012,152.06259138405744,82.23798674018933,baseline,0
2018,2013,-650.3420572390214,70.13024889394025,baseline,0
2018,2014,21.42850677875026,76.67002955222029,baseline,0
2018,2015,93.15957757095316,87.06850622039174,baseline,0
2018,2016,-426.83557179664524,82.12750236427101,baseline,0
2018,2017,-2.518295567656537,104.14320050279589,baseline,0
2018,2018,-318.479049402169,104.95403040310163,baseline,0
2018,2019,-126.39342756735732,101.90351610583465,baseline,0
2018,2020,-447.46128555802727,113.29111786344114,baseline,0
2018,2021,125.5232710950678,121.61061517359782,baseline,0
2018,2022,215.38339519920396,110.34112146260154,baseline,0
2018,2023,516.1955261309351,112.86129984607389,baseline,0
2018,2024,433.3237425871057,122.93166775133662,baseline,0
2018,2025,238.58581289395215,106.13704063038442,baseline,0
2019,2002,1188.6304011344123,1130.9736269930456,baseline,0
2019,2003,-687.210834252136,1101.0195031937421,baseline,0
2019,2004,1933.8817007054074,2477.4034239353855,baseline,0
2019,2005,-379.0761636457404,1877.1577418046963,baseline,0
2019,2006,-1746.289645620266,1467.161100650436,baseline,0
2019,2007,764.8911336683586,920.6388568434977,baseline,0
2019,2008,-1028.3669851709399,1171.0247841566159,baseline,0
2019,2009,5292.93654698418,3265.810268041135,baseline,0
2019,2010,-4920.8277862700015,3156.786995761378,baseline,0
2019,2011,2217.824410443167,1073.3951605464943,baseline,0
2019,2012,-321.5367942000529,1151.4471176250952,baseline,0
2019,2013,-1350.8656351804273,711.0386050714658,baseline,0
2019,2014,-740.4651469792008,284.20395057715893,baseline,0
2019,2015,560.9019532009581,438.0417812304481,baseline,0
2019,2016,-516.9455944420939,361.3101129343711,baseline,0
2019,2017,2242.611139751193,1528.2816527672974,baseline,0
2019,2018,-3020.711298284841,1784.75313110094,baseline,0
2019,2019,1182.179581920338,530.8080154309976,baseline,0
2019,2020,3673.452776618436,4112.991132197152,baseline,0
2019,2021,993.575955424144,1099.7384124152404,baseline,0
2019,2022,2206.2468713162934,1483.4045403103262,baseline,0
2019,2023,1144.5168504924131,1011.5575667099384,baseline,0
2019,2024,1288.9220191721686,1095.5458782801395,baseline,0
2019,2025,1476.0409623490716,1012.5612450593786,baseline,0
2020,2002,-129.79620019775265,30.114821189567884,baseline,0
2020,2003,327.17604765822847,28.769064474040338,baseline,0
2020,2004,-405.3490276693931,46.29600779594282,baseline,0
2020,2005,131.78803633187007,46.335659633621326,baseline,0
2020,2006,310.11849922950694,29.475925640456243,baseline,0
2020,2007,-634.8308311075698,33.19469911657776,baseline,0
2020,2008,37.81824400973471,36.81151327714676,baseline,0
2020,2009,457.36723587702824,42.10957853791222,baseline,0
2020,2010,-41.04477531112242,38.82773468152191,baseline,0
2020,2011,133.0670621291593,31.148245719620554,baseline,0
2020,2012,-66.08111769371435,32.80602502675457,baseline,0
2020,2013,-9.377898967137327,33.49626188757704,baseline,0
2020,2014,-434.6975059150104,29.4368137833621,baseline,0
2020,2015,294.74035785553633,24.767734075420645,baseline,0
2020,2016,-685.7644348951189,32.08055503436069,baseline,0
2020,2017,-352.8730936653014,58.32359133943167,baseline,0
2020,2018,1068.8401215685324,113.95816806056223,baseline,0
2020,2019,-216.63043642419805,109.48869235377272,baseline,0
2020,2020,-251.0258663760119,104.86013979044743,baseline,0
2020,2021,208.86800174605992,94.20908290619666,baseline,0
2020,2022,525.0571152028731,98.41341614275174,baseline,0
2020,2023,229.24547998690093,71.45648331424269,baseline,0
2020,2024,700.4870428782875,88.50974145221903,baseline,0
2020,2025,368.84236302249394,74.01768567716911,baseline,0
2021,2002,-239.27825050515628,231.58835470220905,baseline,0
2021,2003,-527.682668768052,219.29317384063967,baseline,0
2021,2004,2145.69623877325,349.9452354364085,baseline,0
2021,2005,-1445.81254936384,364.4124471193209,baseline,0
2021,2006,127.13100884010612,254.40010742622312,baseline,0
2021,2007,-659.6696325395008,233.97653012181638,baseline,0
2021,2008,-488.1469558274473,186.18523167490395,baseline,0
2021,2009,965.5892232953813,215.8836128387013,baseline,0
2021,2010,-561.1856518953244,194.40397309911702,baseline,0
2021,2011,462.10052083768437,180.17957872216144,baseline,0
2021,2012,824.5141049140522,226.29606874783988,baseline,0
2021,2013,-1896.0291091415834,233.1322075342272,baseline,0
2021,2014,203.9794980321891,133.20288333030913,baseline,0
2021,2015,75.03512718345672,167.94835749897172,baseline,0
2021,2016,-12.927372915297497,184.9860276433825,baseline,0
2021,2017,1249.4529075173368,268.7457089857392,baseline,0
2021,2018,-1326.9306656427696,289.8736458673783,baseline,0
2021,2019,-233.29305513683585,186.43109000860193,baseline,0
2021,2020,-705.7708840340072,147.19585460202754,baseline,0
2021,2021,565.1180120396659,155.15468219213537,baseline,0
2021,2022,814.0205723553975,165.30554951780485,baseline,0
2021,2023,1352.2595365844,181.8548510406352,baseline,0
2021,2024,1179.756768424314,159.2221535791154,baseline,0
2021,2025,1245.7466638791411,212.41628951237595,baseline,0
2024,2002,-1109.266675462803,90.5728225704889,baseline,0
2024,2003,1036.2624164140807,72.55966289506091,baseline,0
2024,2004,-742.1486519117151,101.6884300196047,baseline,0
2024,2005,278.76130796092957,96.17530189112306,baseline,0
2024,2006,151.5829511247924,92.50197966613474,baseline,0
2024,2007,-245.74819559748119,100.60861316721761,baseline,0
2024,2008,-601.487788785039,91.51886312013691,baseline,0
2024,2009,773.6157463826265,80.56848264142056,baseline,0
2024,2010,137.20605609366166,84.80330321490666,baseline,0
2024,2011,-563.730520300195,70.79674857728075,baseline,0
2024,2012,621.5665019079098,68.67360328097682,baseline,0
2024,2013,-920.4856863428994,64.46571419790956,baseline,0
2024,2014,110.01892706619651,56.767600823391966,baseline,0
2024,2015,125.12523716384214,72.69168404877124,baseline,0
2024,2016,331.8733457278264,100.36711250271603,baseline,0
2024,2017,134.80312675050993,119.7149790427062,baseline,0
2024,2018,-980.2072959616207,99.22944674007685,baseline,0
2024,2019,-99.32990897641787,66.9083075587663,baseline,0
2024,2020,-413.0885884658501,66.68103519485315,baseline,0
2024,2021,487.263297803632,71.54921547942776,baseline,0
2024,2022,282.57818520857154,61.58188430240312,baseline,0
2024,2023,447.3830016175226,70.54010785780325,baseline,0
2024,2024,-399.71272395170786,68.52127354555219,baseline,0
2024,2025,-372.04844791270284,73.28970385376984,baseline,0
2025,2002,-143.68221023575927,241.4873636853059,baseline,0
2025,2003,279.14661229916845,220.54972093672632,baseline,0
2025,2004,849.8905521905177,217.8545157196839,baseline,0
2025,2005,-435.69052335440415,237.39929414526893,baseline,0
2025,2006,1105.0352149177513,290.20283869711955,baseline,0
2025,2007,-1201.2926728461935,330.8468261069937,baseline,0
2025,2008,-283.4434310328679,306.8122552768862,baseline,0
2025,2009,236.51832211043688,243.73038505163635,baseline,0
2025,2010,460.2277658421717,244.35259850596276,baseline,0
2025,2011,280.05458677377567,284.72380095910324,baseline,0
2025,2012,-713.1688435707729,258.8271461830139,baseline,0
2025,2013,-1626.517725909478,219.6841685271641,baseline,0
2025,2014,398.3855135428302,189.69717722519962,baseline,0
2025,2015,77.06906731364785,148.280047383518,baseline,0
2025,2016,1161.7670456613896,214.75234957893932,baseline,0
2025,2017,843.1662254725339,292.68686414417414,baseline,0
2025,2018,-96.61482739020425,300.862388484136,baseline,0
2025,2019,-760.3214665416897,328.234645875489,baseline,0
2025,2020,-262.8615793033942,295.94453332995266,baseline,0
2025,2021,-388.05402200570325,258.86230434611474,baseline,0
2025,2022,459.0026245414763,304.39951171409757,baseline,0
2025,2023,-460.57831481326144,290.1374937791457,baseline,0
2025,2024,-1013.0311022926414,176.0840314015814,baseline,0
2025,2025,528.7236758155066,162.56509744201074,baseline,0
2003,2002,-5092.825255269937,1774.9451754134159,anticipation1,1
2003,2003,-4976.437845205798,1780.081562558859,anticipation1,1
2003,2004,-4891.291686531156,1804.0393941398102,anticipation1,1
2003,2005,-4596.293549344735,1771.0845840288384,anticipation1,1
2003,2006,-4935.767765187222,1791.5724756671339,anticipation1,1
2003,2007,-5790.034803023997,1777.2630317170454,anticipation1,1
2003,2008,-5363.817160406358,1764.2122989920567,anticipation1,1
2003,2009,-4940.787051492244,1775.2829965015494,anticipation1,1
2003,2010,-5011.891509274235,1783.8514306087186,anticipation1,1
2003,2011,-4795.602392139314,1802.238055152914,anticipation1,1
2003,2012,-1303.1423804597998,1542.7491923573193,anticipation1,1
2003,2013,-5119.639928001129,1781.9738219227193,anticipation1,1
2003,2014,-4906.170673234528,1821.5010070994388,anticipation1,1
2003,2015,-5203.8659752399835,1782.3443303075644,anticipation1,1
2003,2016,-5906.611386209287,1785.0052070860227,anticipation1,1
2003,2017,-6556.371401959346,1790.0647585319095,anticipation1,1
2003,2018,-6154.497429991084,1786.9736307821372,anticipation1,1
2003,2019,-5746.91532733172,1790.8150224048973,anticipation1,1
2003,2020,-6472.74145290999,1783.8582460930768,anticipation1,1
2003,2021,-5900.535530122229,1785.9485163396141,anticipation1,1
2003,2022,-5846.525749768979,1780.7444076010063,anticipation1,1
2003,2023,-5044.590043069752,1817.7326195794435,anticipation1,1
2003,2024,-5403.8112082488415,1783.2999027062451,anticipation1,1
2003,2025,-5444.4064892644765,1767.1762987536074,anticipation1,1
2004,2002,-1849.8598577724683,592.2694508371403,anticipation1,1
2004,2003,554.3742246783677,139.36643759530997,anticipation1,1
2004,2004,649.9918410599817,616.2511265775114,anticipation1,1
2004,2005,528.6970930516409,203.56903578523892,anticipation1,1
2004,2006,850.9611248004229,272.71519849475237,anticipation1,1
2004,2007,249.37440649477315,287.858477242094,anticipation1,1
2004,2008,517.668692033301,443.8277745934773,anticipation1,1
2004,2009,841.0953314316472,388.0875473849669,anticipation1,1
2004,2010,367.10354314198975,215.42301572126408,anticipation1,1
2004,2011,817.279403288143,329.7780606936763,anticipation1,1
2004,2012,1536.9035219638213,587.3068693717755,anticipation1,1
2004,2013,305.17020800269563,133.89113578599594,anticipation1,1
2004,2014,1630.7689694251007,1263.8947476083006,anticipation1,1
2004,2015,288.6995002368076,208.26856581863188,anticipation1,1
2004,2016,-38.8945238449985,443.65281761622,anticipation1,1
2004,2017,-124.88290163749457,727.6980580485529,anticipation1,1
2004,2018,-308.2701999889763,300.54143190425685,anticipation1,1
2004,2019,568.8302458270216,845.907908324091,anticipation1,1
2004,2020,-946.4533976101064,166.05240929127504,anticipation1,1
2004,2021,-374.40609522715386,202.73714037614826,anticipation1,1
2004,2022,-223.41054674206052,179.72460412586503,anticipation1,1
2004,2023,197.31013785806743,266.4517708964444,anticipation1,1
2004,2024,-67.45714168071926,94.50609849870771,anticipation1,1
2004,2025,225.5522985634824,355.639454910071,anticipation1,1
2005,2002,424.7476711373249,234.77439695564198,anticipation1,1
2005,2003,-109.58565293486078,261.49796251749837,anticipation1,1
2005,2004,-619.7525697951354,128.993397968438,anticipation1,1
2005,2005,53.537225734051276,132.70207301350763,anticipation1,1
2005,2006,-75.62413698905718,179.16690798374958,anticipation1,1
2005,2007,-638.0591440274002,125.82692819071512,anticipation1,1
2005,2008,-865.0021354911695,153.49734947419972,anticipation1,1
2005,2009,-419.0834014135566,153.08755760836493,anticipation1,1
2005,2010,-221.7855758816429,157.7507190599081,anticipation1,1
2005,2011,-426.9834028487767,148.8827235615799,anticipation1,1
2005,2012,-114.65058366151493,167.8513294097437,anticipation1,1
2005,2013,-517.05912503981,150.22667725165053,anticipation1,1
2005,2014,-545.1387785854683,242.57138344686308,anticipation1,1
2005,2015,-527.1635140428009,154.8710038420931,anticipation1,1
2005,2016,-943.7815512056288,172.27029065736485,anticipation1,1
2005,2017,-1467.5147518163249,308.1750885913609,anticipation1,1
2005,2018,-1081.1154683405,187.2853170711503,anticipation1,1
2005,2019,-1261.8634895981854,151.0928033017505,anticipation1,1
2005,2020,-1652.7567566294665,165.66528872498975,anticipation1,1
2005,2021,-1085.400491307432,169.44171692960788,anticipation1,1
2005,2022,-1118.4750330202664,147.70947787663016,anticipation1,1
2005,2023,-805.4997901396507,153.3966847186618,anticipation1,1
2005,2024,-750.7510988451818,160.63795153481723,anticipation1,1
2005,2025,-683.5375720685233,144.52726339541942,anticipation1,1
2006,2002,-562.0259153673264,446.48283830163774,anticipation1,1
2006,2003,-1108.8504215695643,426.7874596485324,anticipation1,1
2006,2004,1162.3522000244036,442.2387300977557,anticipation1,1
2006,2005,-654.9414008251008,423.62692640598743,anticipation1,1
2006,2006,-424.85450481803286,463.2220779717596,anticipation1,1
2006,2007,-1029.7074883957316,493.5147636097119,anticipation1,1
2006,2008,-1329.9243599013766,551.199520362115,anticipation1,1
2006,2009,-276.99625246277583,472.53301074819313,anticipation1,1
2006,2010,-108.19092499597184,706.3765560888695,anticipation1,1
2006,2011,-704.5679455020495,473.5060444486323,anticipation1,1
2006,2012,-412.95009059475615,524.7509541729928,anticipation1,1
2006,2013,-1332.2871843425887,476.55620355075416,anticipation1,1
2006,2014,-1540.9397520099435,450.159230414613,anticipation1,1
2006,2015,-1385.5559454281163,483.9414440266194,anticipation1,1
2006,2016,-1587.885137477122,501.2695850410196,anticipation1,1
2006,2017,-495.97834417505305,724.5277136453764,anticipation1,1
2006,2018,-1845.2055478747016,481.4003156000039,anticipation1,1
2006,2019,-2182.1023602250143,419.76309872630185,anticipation1,1
2006,2020,-2855.805342878558,446.41438429901547,anticipation1,1
2006,2021,-2165.1688798625287,446.7378022238521,anticipation1,1
2006,2022,-2448.035960666229,426.9518644808935,anticipation1,1
2006,2023,-1430.4122719546597,469.4349977075749,anticipation1,1
2006,2024,-1364.790205047311,497.94379690286894,anticipation1,1
2006,2025,-1628.010217400929,437.5835769254605,anticipation1,1
2007,2002,-339.9482584530264,77.24286136719621,anticipation1,1
2007,2003,274.0032261285574,58.27674352343816,anticipation1,1
2007,2004,-566.8587798484268,58.63968082463572,anticipation1,1
2007,2005,295.6454513383263,51.07419073460127,anticipation1,1
2007,2006,194.38046118337263,47.227952635869016,anticipation1,1
2007,2007,-348.6261457293196,47.7134816845358,anticipation1,1
2007,2008,-116.77318204668387,66.8686557513371,anticipation1,1
2007,2009,72.12414654030181,54.25826767194098,anticipation1,1
2007,2010,258.95430612005856,59.417566245774,anticipation1,1
2007,2011,78.64405699294703,47.132108051748524,anticipation1,1
2007,2012,255.71260877900755,60.22162262278743,anticipation1,1
2007,2013,-33.577764408270795,44.59468295027353,anticipation1,1
2007,2014,-337.537338315253,44.67736162137966,anticipation1,1
2007,2015,-149.99910535466373,39.482006864717334,anticipation1,1
2007,2016,-672.2175917472978,48.695171375505126,anticipation1,1
2007,2017,-1158.339433573257,67.73789797082833,anticipation1,1
2007,2018,-1037.2048357128504,48.007700880410376,anticipation1,1
2007,2019,-699.6211889235418,55.84716877594732,anticipation1,1
2007,2020,-1225.5201689306791,57.72640657417074,anticipation1,1
2007,2021,-690.2537173994865,53.149089661742295,anticipation1,1
2007,2022,-492.97049783625636,58.7738559052713,anticipation1,1
2007,2023,-352.9666999805312,45.703875710442155,anticipation1,1
2007,2024,-287.40646160614494,49.08876468450659,anticipation1,1
2007,2025,-258.5257219633528,51.61240049917424,anticipation1,1
2008,2002,340.07378066257274,198.17975920287432,anticipation1,1
2008,2003,99.00852979677916,202.4636752357827,anticipation1,1
2008,2004,-499.1252879051485,180.4925935792943,anticipation1,1
2008,2005,-61.059305499599304,167.72846752186518,anticipation1,1
2008,2006,101.91239960130272,142.86165596428603,anticipation1,1
2008,2007,-923.1218533815626,116.5812893324966,anticipation1,1
2008,2008,-1005.7306303628445,114.34901109921773,anticipation1,1
2008,2009,-147.48155184220917,128.5632408652828,anticipation1,1
2008,2010,-406.47714699739697,145.57559978092584,anticipation1,1
2008,2011,-277.1001581480847,147.64894843688995,anticipation1,1
2008,2012,-543.2497584616843,117.7610176498088,anticipation1,1
2008,2013,-925.3293749457484,114.05069225866198,anticipation1,1
2008,2014,-1173.9724290035022,112.86822451636526,anticipation1,1
2008,2015,-943.796429848986,116.18991110903373,anticipation1,1
2008,2016,-1316.1204879737852,124.02778230689532,anticipation1,1
2008,2017,-496.2567810111568,226.05411455382207,anticipation1,1
2008,2018,-1300.3279537060812,142.06769121199804,anticipation1,1
2008,2019,-1273.3417704867516,127.58081314527276,anticipation1,1
2008,2020,-1305.252957880844,164.8975230742449,anticipation1,1
2008,2021,-1383.3201971860021,129.68959767934103,anticipation1,1
2008,2022,-1371.7744227774685,121.5362742575999,anticipation1,1
2008,2023,-839.5573720649768,130.92766824825895,anticipation1,1
2008,2024,-1098.81743827721,120.47190652682987,anticipation1,1
2008,2025,-940.7888762422131,135.23077005028497,anticipation1,1
2009,2002,-169.87690792756638,56.32136760073347,anticipation1,1
2009,2003,203.00552732472426,50.816662621910844,anticipation1,1
2009,2004,-297.05069364750517,54.9264530093957,anticipation1,1
2009,2005,127.74098947778157,54.90294044086429,anticipation1,1
2009,2006,110.91383918233532,45.51795908635254,anticipation1,1
2009,2007,-654.8950099812814,47.30866354107543,anticipation1,1
2009,2008,113.21700811023447,50.32074897951244,anticipation1,1
2009,2009,653.8737209783684,56.64869238276075,anticipation1,1
2009,2010,724.3537541070297,65.01826685958399,anticipation1,1
2009,2011,557.7104566582043,50.44759972921346,anticipation1,1
2009,2012,623.0387808722639,53.21805640885027,anticipation1,1
2009,2013,484.34064700559577,47.876641073476875,anticipation1,1
2009,2014,200.62613008469057,49.957151817178996,anticipation1,1
2009,2015,419.6869959092877,46.790466009220374,anticipation1,1
2009,2016,193.2769341503526,65.5567226609259,anticipation1,1
2009,2017,-601.2353018241447,66.96182787254706,anticipation1,1
2009,2018,-350.30708752303985,58.52806603549511,anticipation1,1
2009,2019,-119.16727484606261,54.004945521015955,anticipation1,1
2009,2020,-438.5437844649145,63.41915033504456,anticipation1,1
2009,2021,-88.58137659268908,59.98560897816459,anticipation1,1
2009,2022,102.39080530422297,54.180972920819364,anticipation1,1
2009,2023,392.3146052604904,54.66853744055158,anticipation1,1
2009,2024,359.93517172751996,53.570458971336336,anticipation1,1
2009,2025,341.59177942509695,58.43459399882997,anticipation1,1
2010,2002,-246.74883796230642,193.41495470292372,anticipation1,1
2010,2003,-187.89051355930565,148.67681196971517,anticipation1,1
2010,2004,155.5666762726937,118.89755696908769,anticipation1,1
2010,2005,-158.86776661512914,125.22482901670821,anticipation1,1
2010,2006,866.7376277005698,167.73617587972296,anticipation1,1
2010,2007,-1404.10370058431,165.9974454005035,anticipation1,1
2010,2008,330.4990262809488,117.1171710677436,anticipation1,1
2010,2009,913.584658632477,151.31310201151553,anticipation1,1
2010,2010,507.40984522408013,150.8919586375107,anticipation1,1
2010,2011,749.2488007882964,165.58765588892936,anticipation1,1
2010,2012,716.8570593486928,143.46049439174237,anticipation1,1
2010,2013,267.61295558169627,134.97933976693915,anticipation1,1
2010,2014,-156.5517656511264,170.00453726806896,anticipation1,1
2010,2015,14.555346200366557,128.08017410180534,anticipation1,1
2010,2016,-251.91205451592134,189.24171578814506,anticipation1,1
2010,2017,-752.570627433452,204.95038321331756,anticipation1,1
2010,2018,-1010.2455200619842,122.51667507318245,anticipation1,1
2010,2019,-702.6258292801376,118.5552052660141,anticipation1,1
2010,2020,-1140.6975006548773,129.03810227501324,anticipation1,1
2010,2021,-574.2915112387726,173.79507214147532,anticipation1,1
2010,2022,-416.82283510918336,144.24013410476934,anticipation1,1
2010,2023,-9.553871481269425,152.43584898632548,anticipation1,1
2010,2024,554.4881663822076,252.44308700169685,anticipation1,1
2010,2025,-63.24026539501091,155.4980743762215,anticipation1,1
2011,2002,-451.1218266419928,101.74187032772814,anticipation1,1
2011,2003,176.5500476583428,98.4932076903297,anticipation1,1
2011,2004,1090.6931249058393,128.81650571786673,anticipation1,1
2011,2005,-817.3405831910013,136.2802369830261,anticipation1,1
2011,2006,427.55930564946493,128.33916713467084,anticipation1,1
2011,2007,-199.78053330105683,136.23100142165666,anticipation1,1
2011,2008,-1101.9123697064504,141.66118486204488,anticipation1,1
2011,2009,1283.3800193996708,125.65327416249487,anticipation1,1
2011,2010,-596.9837785588903,128.41348696074863,anticipation1,1
2011,2011,-1349.2202936090816,119.07591791619232,anticipation1,1
2011,2012,-1007.9010841193831,136.26521637322833,anticipation1,1
2011,2013,-1889.538129965216,125.72282082967479,anticipation1,1
2011,2014,-1515.5811493143835,158.51019602919015,anticipation1,1
2011,2015,-1591.7632858197776,130.45238035001626,anticipation1,1
2011,2016,-1783.5978316319536,144.6018551806412,anticipation1,1
2011,2017,-539.4468650499493,165.59019125957124,anticipation1,1
2011,2018,-1506.1423719086772,148.14879101336174,anticipation1,1
2011,2019,-1827.1351162690653,136.2496393632107,anticipation1,1
2011,2020,-2373.380383489739,134.35452889404814,anticipation1,1
2011,2021,-1718.0444383070467,137.57950907307475,anticipation1,1
2011,2022,-1957.0544176837639,132.41929507962746,anticipation1,1
2011,2023,-1772.0775313116237,126.92728054211051,anticipation1,1
2011,2024,-1808.3011697427355,139.67582586800998,anticipation1,1
2011,2025,-1581.1790819589507,137.8488177337336,anticipation1,1
2012,2002,-1072.5541390823682,264.8200958173029,anticipation1,1
2012,2003,1654.084695054907,276.63478593090156,anticipation1,1
2012,2004,-1143.0213859634332,270.5642646091011,anticipation1,1
2012,2005,732.2058320380312,247.09844632463978,anticipation1,1
2012,2006,-587.2675684450062,322.1614535468463,anticipation1,1
2012,2007,-414.7273545915923,187.47634498880618,anticipation1,1
2012,2008,323.8562213180196,203.962719208642,anticipation1,1
2012,2009,577.3316380203833,343.4864949920833,anticipation1,1
2012,2010,-25.319282152606547,362.27684701658876,anticipation1,1
2012,2011,-502.74075358092057,227.38431378478487,anticipation1,1
2012,2012,-605.6762140079693,183.0267895450124,anticipation1,1
2012,2013,-946.5795310451049,198.90777526073688,anticipation1,1
2012,2014,-1096.7144824150082,201.67812106455736,anticipation1,1
2012,2015,-363.0132279138303,255.65342780827646,anticipation1,1
2012,2016,-987.0215839710638,305.0241199899997,anticipation1,1
2012,2017,-1110.227895889055,298.8803403110489,anticipation1,1
2012,2018,-322.8918294306386,420.309012524157,anticipation1,1
2012,2019,-692.3253093442498,324.99486848939097,anticipation1,1
2012,2020,-1599.3158939273758,241.71009511010863,anticipation1,1
2012,2021,-857.7257073106603,298.0160358721754,anticipation1,1
2012,2022,-1292.4698060420426,216.37516199180354,anticipation1,1
2012,2023,-652.8446889001501,245.0889540847171,anticipation1,1
2012,2024,-738.1864784825709,256.25780296837,anticipation1,1
2012,2025,-738.8102454547613,290.63300902239297,anticipation1,1
2013,2002,-303.9683534415211,136.27143303701178,anticipation1,1
2013,2003,867.7590470851892,197.40956107777401,anticipation1,1
2013,2004,-1127.2259193732307,219.3669096264537,anticipation1,1
2013,2005,504.08386174034416,163.64917182058423,anticipation1,1
2013,2006,400.0663077947787,232.9299737136201,anticipation1,1
2013,2007,-804.5814944833431,234.08842320498604,anticipation1,1
2013,2008,442.54927650153263,195.9345711214445,anticipation1,1
2013,2009,142.3358714801659,201.78807929930565,anticipation1,1
2013,2010,-308.58535694030525,179.09755505643562,anticipation1,1
2013,2011,263.63390493360953,185.20556562706784,anticipation1,1
2013,2012,105.86470931142493,198.96568923796914,anticipation1,1
2013,2013,-413.002682098997,195.5019937730665,anticipation1,1
2013,2014,-181.31848985336234,276.38611959178013,anticipation1,1
2013,2015,-133.06523535334452,190.73172016053184,anticipation1,1
2013,2016,24190.754417736367,2620.416830867747,anticipation1,1
2013,2017,-748.7445333682255,249.2268011589377,anticipation1,1
2013,2018,-1030.1208613306076,221.77738547558585,anticipation1,1
2013,2019,1011.5023119087108,712.6010351623006,anticipation1,1
2013,2020,-1484.9159119495255,194.7851650528695,anticipation1,1
2013,2021,-716.4337010603546,249.14818053122585,anticipation1,1
2013,2022,-750.2489799119223,195.8483172168919,anticipation1,1
2013,2023,-461.10126836359495,206.78266612128377,anticipation1,1
2013,2024,-763.6834309377939,183.9435062268772,anticipation1,1
2013,2025,-441.9192039778354,191.5614822318485,anticipation1,1
2014,2002,-2404.993703456094,516.2727200440348,anticipation1,1
2014,2003,-32.159086049835196,146.0319485384701,anticipation1,1
2014,2004,96.48454630717242,230.39465404807078,anticipation1,1
2014,2005,-124.8847796723586,239.70299008942814,anticipation1,1
2014,2006,291.13404519241976,160.31675558008388,anticipation1,1
2014,2007,1533.584197181038,458.0468215088896,anticipation1,1
2014,2008,-1086.959054121413,717.2119309262898,anticipation1,1
2014,2009,42.070310641965534,728.9078786039332,anticipation1,1
2014,2010,-701.8646453441808,226.75412030658217,anticipation1,1
2014,2011,90.83899235992506,268.2132843269344,anticipation1,1
2014,2012,469.3766193114003,286.5484257755492,anticipation1,1
2014,2013,-586.828505883239,270.7403702772961,anticipation1,1
2014,2014,-913.1457455703767,260.8420242732828,anticipation1,1
2014,2015,-287.39053500744285,348.5307704871459,anticipation1,1
2014,2016,-845.8302407508118,404.5457983986712,anticipation1,1
2014,2017,-1599.1245741981231,453.9938147686199,anticipation1,1
2014,2018,-1797.9362741014595,237.90000977517877,anticipation1,1
2014,2019,-561.2618576760801,550.4279458500764,anticipation1,1
2014,2020,-1871.725679625435,240.06366595183542,anticipation1,1
2014,2021,-959.828702165265,212.71060237604922,anticipation1,1
2014,2022,-1106.1632468416608,282.76513487781574,anticipation1,1
2014,2023,-1197.922018244543,232.7021977550854,anticipation1,1
2014,2024,-1199.54722583743,228.53517496327285,anticipation1,1
2014,2025,-574.5032471414023,416.69414353522467,anticipation1,1
2018,2002,-608.4931713067651,83.74118844345234,anticipation1,1
2018,2003,195.09233011381923,71.20104949526518,anticipation1,1
2018,2004,149.2155195327175,96.51350621476396,anticipation1,1
2018,2005,-111.451748015401,100.64890680755231,anticipation1,1
2018,2006,717.5508891692925,119.9150716045132,anticipation1,1
2018,2007,-971.0804670125573,117.13376445920701,anticipation1,1
2018,2008,-21.61226938038135,98.55790495120395,anticipation1,1
2018,2009,630.6728150574213,97.78141931173612,anticipation1,1
2018,2010,121.64514635110925,111.68111326854904,anticipation1,1
2018,2011,-337.0302612725652,103.09234080240076,anticipation1,1
2018,2012,152.68975933376043,82.24945464913723,anticipation1,1
2018,2013,-651.0770010757818,70.133765692253,anticipation1,1
2018,2014,21.42850677875026,76.67002955222029,anticipation1,1
2018,2015,93.15957757095316,87.06850622039174,anticipation1,1
2018,2016,-426.83557179664524,82.12750236427101,anticipation1,1
2018,2017,-2.518295567656537,104.14320050279589,anticipation1,1
2018,2018,-321.02025737910634,93.29291587610594,anticipation1,1
2018,2019,-88.30869136794742,86.45846319255381,anticipation1,1
2018,2020,-486.0959613841839,98.63987518498486,anticipation1,1
2018,2021,103.46989124210313,107.41000105063927,anticipation1,1
2018,2022,193.33001534623924,94.19070288137665,anticipation1,1
2018,2023,489.8717968151183,93.45526669579698,anticipation1,1
2018,2024,398.1940982695522,104.44571880161403,anticipation1,1
2018,2025,229.84339629162355,85.79616578764728,anticipation1,1
2019,2002,1187.3042154816412,1130.9735901380254,anticipation1,1
2019,2003,-687.1471764592837,1101.0195305518623,anticipation1,1
2019,2004,1931.9653221266665,2477.4037398895075,anticipation1,1
2019,2005,-380.49869407349104,1877.1578756655006,anticipation1,1
2019,2006,-1743.9874474299215,1467.163041341137,anticipation1,1
2019,2007,757.8886680371479,920.6415472263526,anticipation1,1
2019,2008,-1023.6886918062924,1171.040704860664,anticipation1,1
2019,2009,5295.996328366441,3265.810684242898,anticipation1,1
2019,2010,-4942.712140644355,3156.7863456487976,anticipation1,1
2019,2011,2216.4177578748495,1073.395705869689,anticipation1,1
2019,2012,-320.96389099367366,1151.4478723198615,anticipation1,1
2019,2013,-1351.5449411317404,711.0389226586653,anticipation1,1
2019,2014,-740.4651469792008,284.20395057715893,anticipation1,1
2019,2015,560.9019532009581,438.0417812304481,anticipation1,1
2019,2016,-516.9455944420939,361.3101129343711,anticipation1,1
2019,2017,2242.519321087555,1528.2980548342919,anticipation1,1
2019,2018,-3020.711298284841,1784.75313110094,anticipation1,1
2019,2019,-1769.1754428193092,1726.622642928939,anticipation1,1
2019,2020,723.1486631514294,4080.946703761687,anticipation1,1
2019,2021,-1949.5061840038854,1461.20088432627,anticipation1,1
2019,2022,-736.8352681117364,1681.9210626700606,anticipation1,1
2019,2023,-1807.3212374839743,1664.6159159483775,anticipation1,1
2019,2024,-1715.7559408238465,1698.3192326395667,anticipation1,1
2019,2025,-1502.8239865114936,1557.5493444258102,anticipation1,1
2020,2002,-131.2242177188429,30.1134048200148,anticipation1,1
2020,2003,327.24728845307027,28.770352314096456,anticipation1,1
2020,2004,-407.5037519562583,46.316409567202705,anticipation1,1
2020,2005,130.27996691803838,46.34268457883304,anticipation1,1
2020,2006,312.8771946617499,29.594895530905163,anticipation1,1
2020,2007,-642.7424557326126,33.28769680547172,anticipation1,1
2020,2008,43.000169189206744,37.44007285882721,anticipation1,1
2020,2009,460.797428306596,42.14986384440797,anticipation1,1
2020,2010,-64.89092872505881,38.78022667195957,anticipation1,1
2020,2011,131.5729705659395,31.17238922654842,anticipation1,1
2020,2012,-65.48990272309969,32.84057365252398,anticipation1,1
2020,2013,-10.115801435174433,33.504788152813255,anticipation1,1
2020,2014,-434.6975059150104,29.4368137833621,anticipation1,1
2020,2015,294.74035785553633,24.767734075420645,anticipation1,1
2020,2016,-685.7644348951189,32.08055503436069,anticipation1,1
2020,2017,-354.1463472056209,58.87229116422117,anticipation1,1
2020,2018,1068.7460903167034,113.95842118426788,anticipation1,1
2020,2019,-216.63043642419805,109.48869235377272,anticipation1,1
2020,2020,-474.87827683918624,134.84926828434905,anticipation1,1
2020,2021,-9.658186956527004,132.1728675548821,anticipation1,1
2020,2022,306.5309265002861,136.65045460104605,anticipation1,1
2020,2023,37.17193558871543,118.76791599491854,anticipation1,1
2020,2024,451.4689033767021,130.32029760297263,anticipation1,1
2020,2025,137.27458156857335,120.10796204332456,anticipation1,1
2021,2002,-240.61269985480158,231.5881723364955,anticipation1,1
2021,2003,-527.6189922903452,219.29331277102403,anticipation1,1
2021,2004,2143.808019983886,349.94747441498174,anticipation1,1
2021,2005,-1447.2624104461488,364.4131272446462,anticipation1,1
2021,2006,129.45681615486026,254.41139516026314,anticipation1,1
2021,2007,-666.7455666072282,233.98725341385523,anticipation1,1
2021,2008,-483.56662038481477,186.2869773625321,anticipation1,1
2021,2009,968.6887709340044,215.89000397411954,anticipation1,1
2021,2010,-583.3467736181823,194.39328287351,anticipation1,1
2021,2011,460.692974272112,180.18287770882466,anticipation1,1
2021,2012,825.1208255351722,226.29994790055292,anticipation1,1
2021,2013,-1896.7276566559144,233.13318445855435,anticipation1,1
2021,2014,203.9794980321891,133.20288333030913,anticipation1,1
2021,2015,75.03512718345672,167.94835749897172,anticipation1,1
2021,2016,-12.927372915297497,184.9860276433825,anticipation1,1
2021,2017,1249.684521937697,268.8405918234303,anticipation1,1
2021,2018,-1327.0204984471293,289.8737319327228,anticipation1,1
2021,2019,-251.20372781488732,186.60325207839202,anticipation1,1
2021,2020,-705.7708840340072,147.19585460202754,anticipation1,1
2021,2021,-140.65287199434124,165.66936275049173,anticipation1,1
2021,2022,108.24968832139032,173.37070385143232,anticipation1,1
2021,2023,677.6202365183426,181.17136307969312,anticipation1,1
2021,2024,440.20851627002753,161.49840595805028,anticipation1,1
2021,2025,520.6170386497507,213.96842787467435,anticipation1,1
2024,2002,-1110.6435220795101,90.5723356383933,anticipation1,1
2024,2003,1036.3318077151578,72.56011013980151,anticipation1,1
2024,2004,-744.1977469499737,101.69658704260843,anticipation1,1
2024,2005,277.3130493910623,96.17811068914118,anticipation1,1
2024,2006,154.01656299130943,92.53471728523029,anticipation1,1
2024,2007,-253.03615224186524,100.63502115911892,anticipation1,1
2024,2008,-597.4872869310026,91.73969271134935,anticipation1,1
2024,2009,776.8656662343593,80.58687171069388,anticipation1,1
2024,2010,114.7362216701489,84.77770373197687,anticipation1,1
2024,2011,-565.242308232054,70.80578426609759,anticipation1,1
2024,2012,622.2787357477233,68.68750457173121,anticipation1,1
2024,2013,-921.226735311796,64.46953725774341,anticipation1,1
2024,2014,110.01892706619651,56.767600823391966,anticipation1,1
2024,2015,125.12523716384214,72.69168404877124,anticipation1,1
2024,2016,331.8733457278264,100.36711250271603,anticipation1,1
2024,2017,134.89137502518395,119.94420721156129,anticipation1,1
2024,2018,-980.3005767254772,99.2297192902304,anticipation1,1
2024,2019,-117.99728900197579,67.44764929959021,anticipation1,1
2024,2020,-418.7573783621972,66.8131864518081,anticipation1,1
2024,2021,487.263297803632,71.54921547942776,anticipation1,1
2024,2022,282.57818520857154,61.58188430240312,anticipation1,1
2024,2023,447.3830016175226,70.54010785780325,anticipation1,1
2024,2024,32.17341888172018,62.37449212740661,anticipation1,1
2024,2025,70.61856527096228,66.91232788833022,anticipation1,1
2025,2002,-145.01934190103282,241.48718671659685,anticipation1,1
2025,2003,279.2110406890012,220.54985918583935,anticipation1,1
2025,2004,847.9798156275044,217.85815503855324,anticipation1,1
2025,2005,-437.1321601826323,237.40035916602142,anticipation1,1
2025,2006,1107.4639208427948,290.2126631475747,anticipation1,1
2025,2007,-1208.4280707330904,330.8543355021744,anticipation1,1
2025,2008,-278.8246919319306,306.87368689328144,anticipation1,1
2025,2009,239.6108115879079,243.73605072122882,anticipation1,1
2025,2010,438.30412978574066,244.34368230619813,anticipation1,1
2025,2011,278.64219349611085,284.7258543106762,anticipation1,1
2025,2012,-712.6256364791717,258.83050034830507,anticipation1,1
2025,2013,-1627.220168495189,219.6852051191195,anticipation1,1
2025,2014,398.3855135428302,189.69717722519962,anticipation1,1
2025,2015,77.06906731364785,148.280047383518,anticipation1,1
2025,2016,1161.7670456613896,214.75234957893932,anticipation1,1
2025,2017,843.36816064631,292.77416147647756,anticipation1,1
2025,2018,-96.70463043319961,300.86247165298073,anticipation1,1
2025,2019,-778.7690545248793,328.3312867324889,anticipation1,1
2025,2020,-268.2633343461089,295.97165769347566,anticipation1,1
2025,2021,-388.05402200570325,258.86230434611474,anticipation1,1
2025,2022,459.0026245414763,304.39951171409757,anticipation1,1
2025,2023,-443.1407489698188,290.20613912379525,anticipation1,1
2025,2024,-1013.0311022926414,176.0840314015814,anticipation1,1
2025,2025,-484.30742647713487,197.95424431180652,anticipation1,1
2002,2002,-140.88779539848798,,dr_geography,0
2002,2003,92.95383918550442,,dr_geography,0
2002,2004,-268.07533922491916,,dr_geography,0
2002,2005,-156.42474724383436,,dr_geography,0
2002,2006,47.22871050379506,,dr_geography,0
2002,2007,-545.2622964139229,,dr_geography,0
2002,2008,-403.5003358992838,,dr_geography,0
2002,2009,-142.54686510235692,,dr_geography,0
2002,2010,-146.85153683239113,,dr_geography,0
2002,2011,-240.80182195359785,,dr_geography,0
2002,2012,-173.22501920085494,,dr_geography,0
2002,2013,-229.49379037134568,,dr_geography,0
2002,2014,-522.4246049077456,,dr_geography,0
2002,2015,-267.52268741659464,,dr_geography,0
2002,2016,-507.488085717235,,dr_geography,0
2002,2017,-1171.467700017465,,dr_geography,0
2002,2018,-888.0486537132466,,dr_geography,0
2002,2019,-771.3055124482296,,dr_geography,0
2002,2020,-1086.3932769863318,,dr_geography,0
2002,2021,-772.8725149756877,,dr_geography,0
2002,2022,-604.7540730663993,,dr_geography,0
2002,2023,-207.63193649168844,,dr_geography,0
2002,2024,-384.54123797732206,,dr_geography,0
2002,2025,-383.6963710017729,,dr_geography,0
2003,2002,0.0,,dr_geography,0
2003,2003,4613.58775975792,,dr_geography,0
2003,2004,-782.6978713763882,,dr_geography,0
2003,2005,11.671361022530535,,dr_geography,0
2003,2006,1399.2709579572734,,dr_geography,0
2003,2007,-8171.3406198089115,,dr_geography,0
2003,2008,-2844.7268851115264,,dr_geography,0
2003,2009,1638.887385509013,,dr_geography,0
2003,2010,-306.596652225264,,dr_geography,0
2003,2011,-1990.8828659745652,,dr_geography,0
2003,2012,2824.5506720251883,,dr_geography,0
2003,2013,-360.28822093742735,,dr_geography,0
2003,2014,-3515.162346209257,,dr_geography,0
2003,2015,-807.7531573298306,,dr_geography,0
2003,2016,75.72818235198712,,dr_geography,0
2003,2017,-9500.109651884371,,dr_geography,0
2003,2018,-4991.4976084834225,,dr_geography,0
2003,2019,-201.50962241859648,,dr_geography,0
2003,2020,-6949.976708034115,,dr_geography,0
2003,2021,-3913.684348291171,,dr_geography,0
2003,2022,-1500.4773087195526,,dr_geography,0
2003,2023,1946.545975260977,,dr_geography,0
2003,2024,-1026.667078471833,,dr_geography,0
2003,2025,-2246.468296615596,,dr_geography,0
2004,2002,-3845.912251962111,,dr_geography,0
2004,2003,0.0,,dr_geography,0
2004,2004,-3934.9888105233163,,dr_geography,0
2004,2005,-3909.994447054331,,dr_geography,0
2004,2006,-1948.4437271606018,,dr_geography,0
2004,2007,-9526.006369821862,,dr_geography,0
2004,2008,-4930.167729813827,,dr_geography,0
2004,2009,-2817.0914220035534,,dr_geography,0
2004,2010,-4147.75997517683,,dr_geography,0
2004,2011,-4728.911643539041,,dr_geography,0
2004,2012,-3843.8288260893123,,dr_geography,0
2004,2013,-3710.635361573165,,dr_geography,0
2004,2014,-5055.7625554259,,dr_geography,0
2004,2015,-4779.538363252857,,dr_geography,0
2004,2016,-4054.061292613296,,dr_geography,0
2004,2017,-12885.541874174916,,dr_geography,0
2004,2018,-9006.152516489661,,dr_geography,0
2004,2019,-3784.1512106249425,,dr_geography,0
2004,2020,-11472.367027969778,,dr_geography,0
2004,2021,-8096.285392724264,,dr_geography,0
2004,2022,-5311.604907261667,,dr_geography,0
2004,2023,-3224.0939262752227,,dr_geography,0
2004,2024,-5169.434192814353,,dr_geography,0
2004,2025,-5792.752324330549,,dr_geography,0
2005,2002,1269.5558812454676,,dr_geography,0
2005,2003,3340.1124542101193,,dr_geography,0
2005,2004,0.0,,dr_geography,0
2005,2005,971.874520719806,,dr_geography,0
2005,2006,1502.9436972549088,,dr_geography,0
2005,2007,-3054.790181741086,,dr_geography,0
2005,2008,-589.0492719318574,,dr_geography,0
2005,2009,1314.1152147626271,,dr_geography,0
2005,2010,364.41577985121813,,dr_geography,0
2005,2011,-595.2066978861031,,dr_geography,0
2005,2012,-40.3303588729246,,dr_geography,0
2005,2013,425.7616594050713,,dr_geography,0
2005,2014,-1454.9299617880984,,dr_geography,0
2005,2015,-363.28754042780434,,dr_geography,0
2005,2016,614.9803775302578,,dr_geography,0
2005,2017,-5501.341666433578,,dr_geography,0
2005,2018,-2429.609513665259,,dr_geography,0
2005,2019,-315.2163285492676,,dr_geography,0
2005,2020,-4024.7423535408047,,dr_geography,0
2005,2021,-2295.7956727218725,,dr_geography,0
2005,2022,-731.5253314768978,,dr_geography,0
2005,2023,788.5104870708445,,dr_geography,0
2005,2024,-169.14525388273023,,dr_geography,0
2005,2025,-1069.4476144458295,,dr_geography,0
2006,2002,686.0339375672853,,dr_geography,0
2006,2003,115.29716640585647,,dr_geography,0
2006,2004,612.1300830152926,,dr_geography,0
2006,2005,0.0,,dr_geography,0
2006,2006,306.27822870610163,,dr_geography,0
2006,2007,-1557.091802034479,,dr_geography,0
2006,2008,-506.9806200111686,,dr_geography,0
2006,2009,450.74696862873196,,dr_geography,0
2006,2010,319.6130167726531,,dr_geography,0
2006,2011,-386.5539443343796,,dr_geography,0
2006,2012,-229.19047703527963,,dr_geography,0
2006,2013,-509.2445628927669,,dr_geography,0
2006,2014,-1333.8597180843205,,dr_geography,0
2006,2015,-1237.48552459945,,dr_geography,0
2006,2016,-615.8916068007657,,dr_geography,0
2006,2017,-1833.1680259627035,,dr_geography,0
2006,2018,-1950.8511704576729,,dr_geography,0
2006,2019,-1572.1327171966768,,dr_geography,0
2006,2020,-3523.4812637866917,,dr_geography,0
2006,2021,-2507.0838292728977,,dr_geography,0
2006,2022,-1972.0865385616594,,dr_geography,0
2006,2023,-753.2016795630819,,dr_geography,0
2006,2024,-963.560754475743,,dr_geography,0
2006,2025,-1709.310428686176,,dr_geography,0
2007,2002,-249.56075067338148,,dr_geography,0
2007,2003,800.5584929741815,,dr_geography,0
2007,2004,-704.8505320198138,,dr_geography,0
2007,2005,-693.534996569932,,dr_geography,0
2007,2006,0.0,,dr_geography,0
2007,2007,-2263.04003167313,,dr_geography,0
2007,2008,-999.197790022836,,dr_geography,0
2007,2009,-89.88105493314919,,dr_geography,0
2007,2010,-377.9915905653817,,dr_geography,0
2007,2011,-871.9207977337661,,dr_geography,0
2007,2012,-535.7971006081038,,dr_geography,0
2007,2013,-589.498988140811,,dr_geography,0
2007,2014,-1491.5277557142074,,dr_geography,0
2007,2015,-879.0210489093766,,dr_geography,0
2007,2016,-534.9180139809177,,dr_geography,0
2007,2017,-3119.0883998669365,,dr_geography,0
2007,2018,-2014.591316790594,,dr_geography,0
2007,2019,-753.401773633739,,dr_geography,0
2007,2020,-2519.8733047187907,,dr_geography,0
2007,2021,-1784.26133777275,,dr_geography,0
2007,2022,-1040.8537747608825,,dr_geography,0
2007,2023,-412.17977788799027,,dr_geography,0
2007,2024,-934.9870394732741,,dr_geography,0
2007,2025,-1387.7696175985643,,dr_geography,0
2008,2002,2469.1424403647025,,dr_geography,0
2008,2003,3284.1570115243444,,dr_geography,0
2008,2004,1840.2199479656283,,dr_geography,0
2008,2005,1921.0795459875058,,dr_geography,0
2008,2006,2169.6165033243037,,dr_geography,0
2008,2007,0.0,,dr_geography,0
2008,2008,974.5968236434512,,dr_geography,0
2008,2009,2059.525496185374,,dr_geography,0
2008,2010,1334.3416537072053,,dr_geography,0
2008,2011,1417.6346152386068,,dr_geography,0
2008,2012,955.2251944092945,,dr_geography,0
2008,2013,1183.1292635036064,,dr_geography,0
2008,2014,214.5712226423592,,dr_geography,0
2008,2015,565.7017822927091,,dr_geography,0
2008,2016,1038.5090901778676,,dr_geography,0
2008,2017,-680.7854983325867,,dr_geography,0
2008,2018,-138.32885272083635,,dr_geography,0
2008,2019,636.6159500637591,,dr_geography,0
2008,2020,-544.3913063192042,,dr_geography,0
2008,2021,-397.25288566632616,,dr_geography,0
2008,2022,408.7093227826475,,dr_geography,0
2008,2023,1296.0866065093917,,dr_geography,0
2008,2024,968.1793239126596,,dr_geography,0
2008,2025,475.0315363834759,,dr_geography,0
2009,2002,457.8119613415932,,dr_geography,0
2009,2003,722.5050629346538,,dr_geography,0
2009,2004,463.7212946137375,,dr_geography,0
2009,2005,370.43507445645434,,dr_geography,0
2009,2006,601.1877691861262,,dr_geography,0
2009,2007,-403.5034714206385,,dr_geography,0
2009,2008,0.0,,dr_geography,0
2009,2009,582.7017983907916,,dr_geography,0
2009,2010,566.8237964105158,,dr_geography,0
2009,2011,239.76007771000724,,dr_geography,0
2009,2012,369.7763538948976,,dr_geography,0
2009,2013,235.3331218703962,,dr_geography,0
2009,2014,-137.76998430260824,,dr_geography,0
2009,2015,86.24579897486737,,dr_geography,0
2009,2016,111.63478544627934,,dr_geography,0
2009,2017,-966.7699643264405,,dr_geography,0
2009,2018,-600.65559029533,,dr_geography,0
2009,2019,-187.2403711453996,,dr_geography,0
2009,2020,-860.1336075782576,,dr_geography,0
2009,2021,-437.78796412574565,,dr_geography,0
2009,2022,-117.47778175637457,,dr_geography,0
2009,2023,194.55835756567632,,dr_geography,0
2009,2024,-87.061320816429,,dr_geography,0
2009,2025,-126.41154517594511,,dr_geography,0
2010,2002,-1177.7225133049549,,dr_geography,0
2010,2003,1245.4020841407512,,dr_geography,0
2010,2004,-1740.8898774523307,,dr_geography,0
2010,2005,-1692.4558339339706,,dr_geography,0
2010,2006,261.0983579518231,,dr_geography,0
2010,2007,-6082.51041727214,,dr_geography,0
2010,2008,-3023.334277971555,,dr_geography,0
2010,2009,0.0,,dr_geography,0
2010,2010,-1413.5975847922057,,dr_geography,0
2010,2011,-2329.2960517025876,,dr_geography,0
2010,2012,-1615.9987827562827,,dr_geography,0
2010,2013,-1626.3163993661224,,dr_geography,0
2010,2014,-3967.3964452553164,,dr_geography,0
2010,2015,-2227.660674557272,,dr_geography,0
2010,2016,-1430.5188814876628,,dr_geography,0
2010,2017,-7529.115218568637,,dr_geography,0
2010,2018,-5159.909775343784,,dr_geography,0
2010,2019,-2132.6604225854726,,dr_geography,0
2010,2020,-6342.852244851678,,dr_geography,0
2010,2021,-4210.323778131352,,dr_geography,0
2010,2022,-2580.1474350849576,,dr_geography,0
2010,2023,-808.3680758164518,,dr_geography,0
2010,2024,-1781.031018889853,,dr_geography,0
2010,2025,-3075.562599457265,,dr_geography,0
2011,2002,-6.126544618742855,,dr_geography,0
2011,2003,670.0901558475455,,dr_geography,0
2011,2004,1025.410200608843,,dr_geography,0
2011,2005,-12.318868558245583,,dr_geography,0
2011,2006,946.5681815621975,,dr_geography,0
2011,2007,-311.99926568756814,,dr_geography,0
2011,2008,-1203.4485305136175,,dr_geography,0
2011,2009,830.441010867552,,dr_geography,0
2011,2010,0.0,,dr_geography,0
2011,2011,-864.0309154705967,,dr_geography,0
2011,2012,-322.11637966389355,,dr_geography,0
2011,2013,-1447.510971024864,,dr_geography,0
2011,2014,-1160.5136813085305,,dr_geography,0
2011,2015,-965.1766041162293,,dr_geography,0
2011,2016,-473.1480492169602,,dr_geography,0
2011,2017,-22.15198777043406,,dr_geography,0
2011,2018,-662.7096841299212,,dr_geography,0
2011,2019,-443.5732426468718,,dr_geography,0
2011,2020,-1371.3325419815765,,dr_geography,0
2011,2021,-991.6406067361077,,dr_geography,0
2011,2022,-1316.9708927980676,,dr_geography,0
2011,2023,-775.2566396405759,,dr_geography,0
2011,2024,-1102.941505108205,,dr_geography,0
2011,2025,-1137.3337644899425,,dr_geography,0
2012,2002,60.274003448001665,,dr_geography,0
2012,2003,3155.0555489686803,,dr_geography,0
2012,2004,304.63903574276577,,dr_geography,0
2012,2005,1066.721167362962,,dr_geography,0
2012,2006,1202.4120517692209,,dr_geography,0
2012,2007,-2196.881912171951,,dr_geography,0
2012,2008,-313.4376683914738,,dr_geography,0
2012,2009,1708.8032956918203,,dr_geography,0
2012,2010,1127.6661234999478,,dr_geography,0
2012,2011,0.0,,dr_geography,0
2012,2012,462.6950387579906,,dr_geography,0
2012,2013,172.3932550318494,,dr_geography,0
2012,2014,-947.77530824849,,dr_geography,0
2012,2015,663.5010886171483,,dr_geography,0
2012,2016,743.7408059099504,,dr_geography,0
2012,2017,-2000.9260144394657,,dr_geography,0
2012,2018,44.810305938693816,,dr_geography,0
2012,2019,1052.2505184877323,,dr_geography,0
2012,2020,-1781.8269947850379,,dr_geography,0
2012,2021,-376.0671070474133,,dr_geography,0
2012,2022,-133.23698215077417,,dr_geography,0
2012,2023,1279.3503874180747,,dr_geography,0
2012,2024,212.78986257716016,,dr_geography,0
2012,2025,-68.83926837910231,,dr_geography,0
2013,2002,447.5656470533388,,dr_geography,0
2013,2003,2499.76455892004,,dr_geography,0
2013,2004,-46.832014210150255,,dr_geography,0
2013,2005,420.50811082605907,,dr_geography,0
2013,2006,1327.3784138891137,,dr_geography,0
2013,2007,-2138.897427652865,,dr_geography,0
2013,2008,411.7669457015356,,dr_geography,0
2013,2009,762.77430932262,,dr_geography,0
2013,2010,83.69015824100808,,dr_geography,0
2013,2011,11.768699218726674,,dr_geography,0
2013,2012,0.0,,dr_geography,0
2013,2013,411.8228278787393,,dr_geography,0
2013,2014,-506.7903955265554,,dr_geography,0
2013,2015,-149.86103023210504,,dr_geography,0
2013,2016,25003.001915361292,,dr_geography,0
2013,2017,-4020.01115415481,,dr_geography,0
2013,2018,-2275.278715051246,,dr_geography,0
2013,2019,1546.491644181723,,dr_geography,0
2013,2020,-3658.535558100748,,dr_geography,0
2013,2021,-1798.4040811421746,,dr_geography,0
2013,2022,-474.825833221152,,dr_geography,0
2013,2023,309.9318541708906,,dr_geography,0
2013,2024,-603.1336074355715,,dr_geography,0
2013,2025,-868.0565395179472,,dr_geography,0
2014,2002,-135.7078862923618,,dr_geography,0
2014,2003,10.80631570453195,,dr_geography,0
2014,2004,-132.05822053395084,,dr_geography,0
2014,2005,-518.315728709788,,dr_geography,0
2014,2006,64.9155012254485,,dr_geography,0
2014,2007,711.7883363625623,,dr_geography,0
2014,2008,805.8951246845261,,dr_geography,0
2014,2009,-186.17877430705065,,dr_geography,0
2014,2010,-613.0935612219912,,dr_geography,0
2014,2011,-213.84243775620916,,dr_geography,0
2014,2012,-395.20113847494014,,dr_geography,0
2014,2013,0.0,,dr_geography,0
2014,2014,-708.186767617543,,dr_geography,0
2014,2015,-639.3748636869046,,dr_geography,0
2014,2016,-708.0283917050465,,dr_geography,0
2014,2017,-4100.317498903406,,dr_geography,0
2014,2018,-2909.6725024271936,,dr_geography,0
2014,2019,-533.8473545160048,,dr_geography,0
2014,2020,-3621.0192023650243,,dr_geography,0
2014,2021,-2038.9625804686436,,dr_geography,0
2014,2022,-1122.2728594013563,,dr_geography,0
2014,2023,-1372.257007275726,,dr_geography,0
2014,2024,-1437.7929526384983,,dr_geography,0
2014,2025,-1115.7968789702577,,dr_geography,0
2018,2002,1925.5235949050332,,dr_geography,0
2018,2003,2935.962732707886,,dr_geography,0
2018,2004,2104.266528021323,,dr_geography,0
2018,2005,1660.7523135657307,,dr_geography,0
2018,2006,3070.803815701753,,dr_geography,0
2018,2007,244.2334862737639,,dr_geography,0
2018,2008,915.0455367157283,,dr_geography,0
2018,2009,2492.003487429164,,dr_geography,0
2018,2010,2354.3175488076326,,dr_geography,0
2018,2011,1754.5622417894303,,dr_geography,0
2018,2012,2114.703235746698,,dr_geography,0
2018,2013,1525.3718419121128,,dr_geography,0
2018,2014,1035.7710399734697,,dr_geography,0
2018,2015,1667.1785776535182,,dr_geography,0
2018,2016,1781.8842562537238,,dr_geography,0
2018,2017,0.0,,dr_geography,0
2018,2018,437.6477773248614,,dr_geography,0
2018,2019,1679.2900308393257,,dr_geography,0
2018,2020,-174.94450906460725,,dr_geography,0
2018,2021,871.4680489772361,,dr_geography,0
2018,2022,1396.4541807630294,,dr_geography,0
2018,2023,2160.319672297158,,dr_geography,0
2018,2024,1477.968675003347,,dr_geography,0
2018,2025,980.0902165673338,,dr_geography,0
2019,2002,4434.717610291234,,dr_geography,0
2019,2003,5411.665677381667,,dr_geography,0
2019,2004,5219.404173158255,,dr_geography,0
2019,2005,4870.422856406829,,dr_geography,0
2019,2006,4038.7598398061514,,dr_geography,0
2019,2007,1358.6489374524579,,dr_geography,0
2019,2008,2304.9111912751105,,dr_geography,0
2019,2009,8444.38315063227,,dr_geography,0
2019,2010,3096.682262287035,,dr_geography,0
2019,2011,4935.912547986175,,dr_geography,0
2019,2012,4583.125730624341,,dr_geography,0
2019,2013,4039.3603139522706,,dr_geography,0
2019,2014,1860.9604233434525,,dr_geography,0
2019,2015,3206.4113540274434,,dr_geography,0
2019,2016,3260.825925213268,,dr_geography,0
2019,2017,703.528421797805,,dr_geography,0
2019,2018,0.0,,dr_geography,0
2019,2019,3424.972851396086,,dr_geography,0
2019,2020,2857.408719227365,,dr_geography,0
2019,2021,1425.3894297057407,,dr_geography,0
2019,2022,4096.683328414023,,dr_geography,0
2019,2023,3899.82035888488,,dr_geography,0
2019,2024,3177.796357775456,,dr_geography,0
2019,2025,2856.518597316881,,dr_geography,0
2020,2002,-50.327013091912846,,dr_geography,0
2020,2003,-381.5708175051576,,dr_geography,0
2020,2004,203.30798605750928,,dr_geography,0
2020,2005,-192.16137319715247,,dr_geography,0
2020,2006,21.470126014952484,,dr_geography,0
2020,2007,327.93104840836736,,dr_geography,0
2020,2008,-272.8631967655398,,dr_geography,0
2020,2009,-109.12863949060136,,dr_geography,0
2020,2010,-8.376462381729027,,dr_geography,0
2020,2011,246.56753981184067,,dr_geography,0
2020,2012,142.18310890391461,,dr_geography,0
2020,2013,-68.45126356356839,,dr_geography,0
2020,2014,65.08556161009733,,dr_geography,0
2020,2015,1.8742970046869516,,dr_geography,0
2020,2016,-686.5212430243482,,dr_geography,0
2020,2017,250.60312017381625,,dr_geography,0
2020,2018,708.4538375398184,,dr_geography,0
2020,2019,0.0,,dr_geography,0
2020,2020,406.6720678275037,,dr_geography,0
2020,2021,448.739944414714,,dr_geography,0
2020,2022,455.3762887644341,,dr_geography,0
2020,2023,-211.54942268445592,,dr_geography,0
2020,2024,207.42120852535345,,dr_geography,0
2020,2025,10.828437327884757,,dr_geography,0
2021,2002,3359.679158415455,,dr_geography,0
2021,2003,3895.7426720677418,,dr_geography,0
2021,2004,4698.240058399439,,dr_geography,0
2021,2005,3324.935735390054,,dr_geography,0
2021,2006,4036.3821172624043,,dr_geography,0
2021,2007,1469.7443570297048,,dr_geography,0
2021,2008,1874.1584617313406,,dr_geography,0
2021,2009,3522.657021990019,,dr_geography,0
2021,2010,2689.706225771872,,dr_geography,0
2021,2011,3030.7521177296244,,dr_geography,0
2021,2012,3831.8645758038224,,dr_geography,0
2021,2013,2277.3107247579374,,dr_geography,0
2021,2014,1738.2143285446245,,dr_geography,0
2021,2015,2289.820029155643,,dr_geography,0
2021,2016,2723.5480440734545,,dr_geography,0
2021,2017,1499.097323380261,,dr_geography,0
2021,2018,1342.1107211727403,,dr_geography,0
2021,2019,2208.6151867057433,,dr_geography,0
2021,2020,0.0,,dr_geography,0
2021,2021,1045.6356167963595,,dr_geography,0
2021,2022,1997.9492937115879,,dr_geography,0
2021,2023,3025.505314944145,,dr_geography,0
2021,2024,2486.2773035716273,,dr_geography,0
2021,2025,2181.4957097820416,,dr_geography,0
2024,2002,-11.355676648639786,,dr_geography,0
2024,2003,683.8676132394511,,dr_geography,0
2024,2004,349.5444971060831,,dr_geography,0
2024,2005,242.0447737843261,,dr_geography,0
2024,2006,464.2923544543796,,dr_geography,0
2024,2007,548.4885309208521,,dr_geography,0
2024,2008,-162.86765770234416,,dr_geography,0
2024,2009,333.85810386452,,dr_geography,0
2024,2010,516.1854639493106,,dr_geography,0
2024,2011,153.34991349939406,,dr_geography,0
2024,2012,655.6910365208385,,dr_geography,0
2024,2013,-253.68871820475954,,dr_geography,0
2024,2014,142.76194189326282,,dr_geography,0
2024,2015,-125.27458863536157,,dr_geography,0
2024,2016,671.9905563385673,,dr_geography,0
2024,2017,993.1820621324853,,dr_geography,0
2024,2018,5.752710826863677,,dr_geography,0
2024,2019,-296.8328246867841,,dr_geography,0
2024,2020,-151.17669967484971,,dr_geography,0
2024,2021,-399.7600505106659,,dr_geography,0
2024,2022,-209.7205960192311,,dr_geography,0
2024,2023,0.0,,dr_geography,0
2024,2024,-301.4961672435738,,dr_geography,0
2024,2025,-463.19772320418303,,dr_geography,0
2025,2002,343.6241748486736,,dr_geography,0
2025,2003,1640.0526760192238,,dr_geography,0
2025,2004,1411.7576475718809,,dr_geography,0
2025,2005,1465.612649159994,,dr_geography,0
2025,2006,2917.6128431035054,,dr_geography,0
2025,2007,930.5076529156003,,dr_geography,0
2025,2008,908.4539010289932,,dr_geography,0
2025,2009,1125.1874608583087,,dr_geography,0
2025,2010,1738.787344028361,,dr_geography,0
2025,2011,2471.688163626759,,dr_geography,0
2025,2012,1205.1196718807378,,dr_geography,0
2025,2013,150.67143796856087,,dr_geography,0
2025,2014,162.5342803081311,,dr_geography,0
2025,2015,103.79511131824073,,dr_geography,0
2025,2016,1280.071665250842,,dr_geography,0
2025,2017,-199.6862772111274,,dr_geography,0
2025,2018,991.5982828387821,,dr_geography,0
2025,2019,904.4029438428593,,dr_geography,0
2025,2020,-498.01452498145886,,dr_geography,0
2025,2021,-412.1739056190986,,dr_geography,0
2025,2022,770.0791460490068,,dr_geography,0
2025,2023,487.81468856742447,,dr_geography,0
2025,2024,0.0,,dr_geography,0
2025,2025,40.86067812334778,,dr_geography,0
2003,2002,-8188.230916050843,,dr_geography_anticipation1,1
2003,2003,-3894.3073687440115,,dr_geography_anticipation1,1
2003,2004,-9291.499322581978,,dr_geography_anticipation1,1
2003,2005,-8495.924573179685,,dr_geography_anticipation1,1
2003,2006,-6947.790665933409,,dr_geography_anticipation1,1
2003,2007,-16684.814931850768,,dr_geography_anticipation1,1
2003,2008,-11354.886025311627,,dr_geography_anticipation1,1
2003,2009,-6869.658783213134,,dr_geography_anticipation1,1
2003,2010,-8814.477001901032,,dr_geography_anticipation1,1
2003,2011,-10501.418055298143,,dr_geography_anticipation1,1
2003,2012,-5683.376520787941,,dr_geography_anticipation1,1
2003,2013,-8870.371303300155,,dr_geography_anticipation1,1
2003,2014,-12023.801603029677,,dr_geography_anticipation1,1
2003,2015,-9315.088492249624,,dr_geography_anticipation1,1
2003,2016,-8375.244717223013,,dr_geography_anticipation1,1
2003,2017,-18006.35943116653,,dr_geography_anticipation1,1
2003,2018,-13501.241609138699,,dr_geography_anticipation1,1
2003,2019,-8638.343668759766,,dr_geography_anticipation1,1
2003,2020,-15459.983992801564,,dr_geography_anticipation1,1
2003,2021,-12422.795070447995,,dr_geography_anticipation1,1
2003,2022,-10008.506518264137,,dr_geography_anticipation1,1
2003,2023,-6555.668229753924,,dr_geography_anticipation1,1
2003,2024,-9534.869976173128,,dr_geography_anticipation1,1
2003,2025,-10756.06718141686,,dr_geography_anticipation1,1
2004,2002,0.0,,dr_geography_anticipation1,1
2004,2003,3845.912251962111,,dr_geography_anticipation1,1
2004,2004,-85.85494954896393,,dr_geography_anticipation1,1
2004,2005,-61.73000805482421,,dr_geography_anticipation1,1
2004,2006,1823.2771312157097,,dr_geography_anticipation1,1
2004,2007,-5670.644081768532,,dr_geography_anticipation1,1
2004,2008,-1081.3638189975456,,dr_geography_anticipation1,1
2004,2009,1030.416008196741,,dr_geography_anticipation1,1
2004,2010,-299.9469210550172,,dr_geography_anticipation1,1
2004,2011,-874.9276772343754,,dr_geography_anticipation1,1
2004,2012,4.25925565329685,,dr_geography_anticipation1,1
2004,2013,137.80312215285474,,dr_geography_anticipation1,1
2004,2014,-1205.1278303288998,,dr_geography_anticipation1,1
2004,2015,-933.3650141337392,,dr_geography_anticipation1,1
2004,2016,-258.8090035312882,,dr_geography_anticipation1,1
2004,2017,-9037.01277172698,,dr_geography_anticipation1,1
2004,2018,-5156.8800033769185,,dr_geography_anticipation1,1
2004,2019,5.630653458022644,,dr_geography_anticipation1,1
2004,2020,-7619.204311424475,,dr_geography_anticipation1,1
2004,2021,-4246.886313857671,,dr_geography_anticipation1,1
2004,2022,-1463.4477553781485,,dr_geography_anticipation1,1
2004,2023,618.6057481084342,,dr_geography_anticipation1,1
2004,2024,-1320.7995341913672,,dr_geography_anticipation1,1
2004,2025,-1943.88967776252,,dr_geography_anticipation1,1
2005,2002,-2074.9325977313015,,dr_geography_anticipation1,1
2005,2003,0.0,,dr_geography_anticipation1,1
2005,2004,-3340.1124542101193,,dr_geography_anticipation1,1
2005,2005,-2365.7053588990148,,dr_geography_anticipation1,1
2005,2006,-1839.2128255026196,,dr_geography_anticipation1,1
2005,2007,-6600.17003133699,,dr_geography_anticipation1,1
2005,2008,-3927.3842841860305,,dr_geography_anticipation1,1
2005,2009,-2017.1572515345767,,dr_geography_anticipation1,1
2005,2010,-2962.5817220854296,,dr_geography_anticipation1,1
2005,2011,-3971.051823366369,,dr_geography_anticipation1,1
2005,2012,-3369.178756878884,,dr_geography_anticipation1,1
2005,2013,-2904.0727735078995,,dr_geography_anticipation1,1
2005,2014,-4815.893362171495,,dr_geography_anticipation1,1
2005,2015,-3680.0035126530906,,dr_geography_anticipation1,1
2005,2016,-2714.806560868631,,dr_geography_anticipation1,1
2005,2017,-8839.487265108739,,dr_geography_anticipation1,1
2005,2018,-5765.477629693406,,dr_geography_anticipation1,1
2005,2019,-3651.6483648827125,,dr_geography_anticipation1,1
2005,2020,-7378.123231082115,,dr_geography_anticipation1,1
2005,2021,-5629.108209347911,,dr_geography_anticipation1,1
2005,2022,-4039.178162651785,,dr_geography_anticipation1,1
2005,2023,-2473.0175428888215,,dr_geography_anticipation1,1
2005,2024,-3501.615072642385,,dr_geography_anticipation1,1
2005,2025,-4406.637791005436,,dr_geography_anticipation1,1
2006,2002,83.72622493392937,,dr_geography_anticipation1,1
2006,2003,-492.2797181593055,,dr_geography_anticipation1,1
2006,2004,0.0,,dr_geography_anticipation1,1
2006,2005,-612.1300830152926,,dr_geography_anticipation1,1
2006,2006,-296.50507266692534,,dr_geography_anticipation1,1
2006,2007,-2207.6773933981244,,dr_geography_anticipation1,1
2006,2008,-1112.192365681009,,dr_geography_anticipation1,1
2006,2009,-146.50220346691748,,dr_geography_anticipation1,1
2006,2010,-310.20428055360486,,dr_geography_anticipation1,1
2006,2011,-984.2711914322111,,dr_geography_anticipation1,1
2006,2012,-865.6709111233321,,dr_geography_anticipation1,1
2006,2013,-1137.7453355162622,,dr_geography_anticipation1,1
2006,2014,-1977.005059996984,,dr_geography_anticipation1,1
2006,2015,-1860.7055526195822,,dr_geography_anticipation1,1
2006,2016,-1221.4347676809773,,dr_geography_anticipation1,1
2006,2017,-2432.772303485349,,dr_geography_anticipation1,1
2006,2018,-2587.626217978399,,dr_geography_anticipation1,1
2006,2019,-2174.7193859481094,,dr_geography_anticipation1,1
2006,2020,-4168.181866886079,,dr_geography_anticipation1,1
2006,2021,-3145.482364857151,,dr_geography_anticipation1,1
2006,2022,-2615.8391998461025,,dr_geography_anticipation1,1
2006,2023,-1395.996027787693,,dr_geography_anticipation1,1
2006,2024,-1620.2046453131975,,dr_geography_anticipation1,1
2006,2025,-2329.3926796222718,,dr_geography_anticipation1,1
2007,2002,421.82409335559464,,dr_geography_anticipation1,1
2007,2003,1504.310323947342,,dr_geography_anticipation1,1
2007,2004,-35.66456365723582,,dr_geography_anticipation1,1
2007,2005,0.0,,dr_geography_anticipation1,1
2007,2006,693.534996569932,,dr_geography_anticipation1,1
2007,2007,-1485.3788400185695,,dr_geography_anticipation1,1
2007,2008,-276.06327822934907,,dr_geography_anticipation1,1
2007,2009,550.4140307572602,,dr_geography_anticipation1,1
2007,2010,257.72086244067987,,dr_geography_anticipation1,1
2007,2011,-202.3564349587865,,dr_geography_anticipation1,1
2007,2012,102.01148859273258,,dr_geography_anticipation1,1
2007,2013,80.3787260693779,,dr_geography_anticipation1,1
2007,2014,-846.4748634131947,,dr_geography_anticipation1,1
2007,2015,-225.9386445222566,,dr_geography_anticipation1,1
2007,2016,183.09198698437189,,dr_geography_anticipation1,1
2007,2017,-2387.100749951089,,dr_geography_anticipation1,1
2007,2018,-1323.9083894798632,,dr_geography_anticipation1,1
2007,2019,-19.4827127111854,,dr_geography_anticipation1,1
2007,2020,-1852.9143748592335,,dr_geography_anticipation1,1
2007,2021,-1102.0093700402588,,dr_geography_anticipation1,1
2007,2022,-408.4412710517515,,dr_geography_anticipation1,1
2007,2023,248.83900540760055,,dr_geography_anticipation1,1
2007,2024,-292.8519224239593,,dr_geography_anticipation1,1
2007,2025,-660.3853644905071,,dr_geography_anticipation1,1
2008,2002,309.1908392615602,,dr_geography_anticipation1,1
2008,2003,1122.9008097205162,,dr_geography_anticipation1,1
2008,2004,-300.75541743174824,,dr_geography_anticipation1,1
2008,2005,-176.6894971232465,,dr_geography_anticipation1,1
2008,2006,0.0,,dr_geography_anticipation1,1
2008,2007,-2169.6165033243037,,dr_geography_anticipation1,1
2008,2008,-1123.9110740041203,,dr_geography_anticipation1,1
2008,2009,-16.05603412285018,,dr_geography_anticipation1,1
2008,2010,-771.5111137808109,,dr_geography_anticipation1,1
2008,2011,-745.1476890277769,,dr_geography_anticipation1,1
2008,2012,-1157.6169819306565,,dr_geography_anticipation1,1
2008,2013,-940.2682591291607,,dr_geography_anticipation1,1
2008,2014,-1933.654699554185,,dr_geography_anticipation1,1
2008,2015,-1569.775166981491,,dr_geography_anticipation1,1
2008,2016,-1120.9934604455218,,dr_geography_anticipation1,1
2008,2017,-2780.1662464575493,,dr_geography_anticipation1,1
2008,2018,-2257.0331695713503,,dr_geography_anticipation1,1
2008,2019,-1519.4060368767584,,dr_geography_anticipation1,1
2008,2020,-2695.7318238631256,,dr_geography_anticipation1,1
2008,2021,-2515.504149917803,,dr_geography_anticipation1,1
2008,2022,-1700.5841734545388,,dr_geography_anticipation1,1
2008,2023,-805.2248368411639,,dr_geography_anticipation1,1
2008,2024,-1160.6302608805431,,dr_geography_anticipation1,1
2008,2025,-1629.598497725667,,dr_geography_anticipation1,1
2009,2002,872.6277686488571,,dr_geography_anticipation1,1
2009,2003,1139.9644468950116,,dr_geography_anticipation1,1
2009,2004,843.7349275407204,,dr_geography_anticipation1,1
2009,2005,769.7905287091793,,dr_geography_anticipation1,1
2009,2006,1014.9817607435584,,dr_geography_anticipation1,1
2009,2007,0.0,,dr_geography_anticipation1,1
2009,2008,403.5034714206385,,dr_geography_anticipation1,1
2009,2009,976.2425009058055,,dr_geography_anticipation1,1
2009,2010,957.2896079940954,,dr_geography_anticipation1,1
2009,2011,626.5964035338875,,dr_geography_anticipation1,1
2009,2012,762.3846651036895,,dr_geography_anticipation1,1
2009,2013,621.9003669995302,,dr_geography_anticipation1,1
2009,2014,261.52275126379857,,dr_geography_anticipation1,1
2009,2015,467.1652443200566,,dr_geography_anticipation1,1
2009,2016,526.925503205888,,dr_geography_anticipation1,1
2009,2017,-563.2664929058085,,dr_geography_anticipation1,1
2009,2018,-197.1521188747541,,dr_geography_anticipation1,1
2009,2019,228.12626779482068,,dr_geography_anticipation1,1
2009,2020,-456.630136157589,,dr_geography_anticipation1,1
2009,2021,-34.728822962724664,,dr_geography_anticipation1,1
2009,2022,276.88865215111804,,dr_geography_anticipation1,1
2009,2023,567.3689516328669,,dr_geography_anticipation1,1
2009,2024,310.29265871141104,,dr_geography_anticipation1,1
2009,2025,276.17641641779915,,dr_geography_anticipation1,1
2010,2002,1933.6987897375625,,dr_geography_anticipation1,1
2010,2003,4358.53055959432,,dr_geography_anticipation1,1
2010,2004,1370.9298901705731,,dr_geography_anticipation1,1
2010,2005,1255.850514243009,,dr_geography_anticipation1,1
2010,2006,3373.5991642914214,,dr_geography_anticipation1,1
2010,2007,-3206.8707448192063,,dr_geography_anticipation1,1
2010,2008,0.0,,dr_geography_anticipation1,1
2010,2009,3023.334277971555,,dr_geography_anticipation1,1
2010,2010,1616.9101597410674,,dr_geography_anticipation1,1
2010,2011,780.9314344140325,,dr_geography_anticipation1,1
2010,2012,1403.6028181260835,,dr_geography_anticipation1,1
2010,2013,1473.233655878003,,dr_geography_anticipation1,1
2010,2014,-931.2596736816971,,dr_geography_anticipation1,1
2010,2015,880.7667692941859,,dr_geography_anticipation1,1
2010,2016,1681.981925154322,,dr_geography_anticipation1,1
2010,2017,-4316.746183429803,,dr_geography_anticipation1,1
2010,2018,-2145.958484754014,,dr_geography_anticipation1,1
2010,2019,981.9894946519861,,dr_geography_anticipation1,1
2010,2020,-3353.6011965596344,,dr_geography_anticipation1,1
2010,2021,-1302.9703633627767,,dr_geography_anticipation1,1
2010,2022,415.9421992677126,,dr_geography_anticipation1,1
2010,2023,2306.3068473147123,,dr_geography_anticipation1,1
2010,2024,1246.0543699364637,,dr_geography_anticipation1,1
2010,2025,-83.53583542662692,,dr_geography_anticipation1,1
2011,2002,-778.7258276294815,,dr_geography_anticipation1,1
2011,2003,-112.29150254301396,,dr_geography_anticipation1,1
2011,2004,266.10025380976856,,dr_geography_anticipation1,1
2011,2005,-842.7598794257904,,dr_geography_anticipation1,1
2011,2006,170.94387952069462,,dr_geography_anticipation1,1
2011,2007,-1142.4402765550915,,dr_geography_anticipation1,1
2011,2008,-1979.292013346756,,dr_geography_anticipation1,1
2011,2009,0.0,,dr_geography_anticipation1,1
2011,2010,-830.441010867552,,dr_geography_anticipation1,1
2011,2011,-1640.6527008771432,,dr_geography_anticipation1,1
2011,2012,-1152.5573905314359,,dr_geography_anticipation1,1
2011,2013,-2233.537213422218,,dr_geography_anticipation1,1
2011,2014,-1986.2447697317218,,dr_geography_anticipation1,1
2011,2015,-1668.3531591898764,,dr_geography_anticipation1,1
2011,2016,-1244.897147153471,,dr_geography_anticipation1,1
2011,2017,-783.4948754251968,,dr_geography_anticipation1,1
2011,2018,-1488.4407725529522,,dr_geography_anticipation1,1
2011,2019,-1228.2427933247973,,dr_geography_anticipation1,1
2011,2020,-2192.3276157194073,,dr_geography_anticipation1,1
2011,2021,-1822.0816176037717,,dr_geography_anticipation1,1
2011,2022,-2147.411903665603,,dr_geography_anticipation1,1
2011,2023,-1497.8576111041561,,dr_geography_anticipation1,1
2011,2024,-1932.0366418453748,,dr_geography_anticipation1,1
2011,2025,-1885.9711167320022,,dr_geography_anticipation1,1
2012,2002,-1060.740805468293,,dr_geography_anticipation1,1
2012,2003,2029.588636095565,,dr_geography_anticipation1,1
2012,2004,-809.9028102880229,,dr_geography_anticipation1,1
2012,2005,-17.657116518136455,,dr_geography_anticipation1,1
2012,2006,81.82216290996902,,dr_geography_anticipation1,1
2012,2007,-3268.20719643254,,dr_geography_anticipation1,1
2012,2008,-1423.289096686232,,dr_geography_anticipation1,1
2012,2009,551.6268516861921,,dr_geography_anticipation1,1
2012,2010,0.0,,dr_geography_anticipation1,1
2012,2011,-1127.6661234999478,,dr_geography_anticipation1,1
2012,2012,-664.5286638009454,,dr_geography_anticipation1,1
2012,2013,-898.9320292285583,,dr_geography_anticipation1,1
2012,2014,-2062.3851742578317,,dr_geography_anticipation1,1
2012,2015,-407.8241956432513,,dr_geography_anticipation1,1
2012,2016,-381.1807512759192,,dr_geography_anticipation1,1
2012,2017,-3124.2428094675975,,dr_geography_anticipation1,1
2012,2018,-1058.9758163875342,,dr_geography_anticipation1,1
2012,2019,-69.74686045183091,,dr_geography_anticipation1,1
2012,2020,-2881.822820306723,,dr_geography_anticipation1,1
2012,2021,-1460.8313215840585,,dr_geography_anticipation1,1
2012,2022,-1204.562266411138,,dr_geography_anticipation1,1
2012,2023,153.50491039404463,,dr_geography_anticipation1,1
2012,2024,-858.5354216832341,,dr_geography_anticipation1,1
2012,2025,-1189.608065967742,,dr_geography_anticipation1,1
2013,2002,449.9804084567456,,dr_geography_anticipation1,1
2013,2003,2498.9937768694267,,dr_geography_anticipation1,1
2013,2004,-91.31573727593477,,dr_geography_anticipation1,1
2013,2005,426.56638454458744,,dr_geography_anticipation1,1
2013,2006,1328.0908908558404,,dr_geography_anticipation1,1
2013,2007,-2220.4632290786467,,dr_geography_anticipation1,1
2013,2008,416.9155172540618,,dr_geography_anticipation1,1
2013,2009,806.9617269430283,,dr_geography_anticipation1,1
2013,2010,87.5787332643072,,dr_geography_anticipation1,1
2013,2011,0.0,,dr_geography_anticipation1,1
2013,2012,-11.768699218726674,,dr_geography_anticipation1,1
2013,2013,330.25702645239346,,dr_geography_anticipation1,1
2013,2014,-552.0818955182726,,dr_geography_anticipation1,1
2013,2015,-231.42683165853606,,dr_geography_anticipation1,1
2013,2016,25004.502236751134,,dr_geography_anticipation1,1
2013,2017,-4021.0518062503593,,dr_geography_anticipation1,1
2013,2018,-2304.592623839664,,dr_geography_anticipation1,1
2013,2019,1548.483090517247,,dr_geography_anticipation1,1
2013,2020,-3708.822339405624,,dr_geography_anticipation1,1
2013,2021,-1839.0958166140522,,dr_geography_anticipation1,1
2013,2022,-556.3916346477155,,dr_geography_anticipation1,1
2013,2023,272.103305345393,,dr_geography_anticipation1,1
2013,2024,-684.6994088618538,,dr_geography_anticipation1,1
2013,2025,-864.5731260003779,,dr_geography_anticipation1,1
2014,2002,284.1703108898403,,dr_geography_anticipation1,1
2014,2003,431.3435766290477,,dr_geography_anticipation1,1
2014,2004,284.4800724119894,,dr_geography_anticipation1,1
2014,2005,-111.03411999539352,,dr_geography_anticipation1,1
2014,2006,485.11578747896795,,dr_geography_anticipation1,1
2014,2007,1106.9894748374998,,dr_geography_anticipation1,1
2014,2008,1222.2154299381732,,dr_geography_anticipation1,1
2014,2009,226.57680491436915,,dr_geography_anticipation1,1
2014,2010,-217.89242274698466,,dr_geography_anticipation1,1
2014,2011,184.08631670210804,,dr_geography_anticipation1,1
2014,2012,0.0,,dr_geography_anticipation1,1
2014,2013,395.20113847494014,,dr_geography_anticipation1,1
2014,2014,-298.3390142698252,,dr_geography_anticipation1,1
2014,2015,-244.17372521192272,,dr_geography_anticipation1,1
2014,2016,-287.79156042568604,,dr_geography_anticipation1,1
2014,2017,-3680.00768634041,,dr_geography_anticipation1,1
2014,2018,-2496.6494876323454,,dr_geography_anticipation1,1
2014,2019,-113.76803791175153,,dr_geography_anticipation1,1
2014,2020,-3207.9961875701138,,dr_geography_anticipation1,1
2014,2021,-1643.7614419937945,,dr_geography_anticipation1,1
2014,2022,-727.0717209264603,,dr_geography_anticipation1,1
2014,2023,-970.9436794477992,,dr_geography_anticipation1,1
2014,2024,-1042.5918141635402,,dr_geography_anticipation1,1
2014,2025,-695.8149954835284,,dr_geography_anticipation1,1
2018,2002,199.4223238927006,,dr_geography_anticipation1,1
2018,2003,1105.3316241318553,,dr_geography_anticipation1,1
2018,2004,353.04143874571054,,dr_geography_anticipation1,1
2018,2005,-64.45490900497913,,dr_geography_anticipation1,1
2018,2006,1327.3998497994112,,dr_geography_anticipation1,1
2018,2007,-1419.078013782855,,dr_geography_anticipation1,1
2018,2008,-730.703015173968,,dr_geography_anticipation1,1
2018,2009,751.1955391387846,,dr_geography_anticipation1,1
2018,2010,606.3205014839426,,dr_geography_anticipation1,1
2018,2011,3.3371525227078678,,dr_geography_anticipation1,1
2018,2012,360.6626879407238,,dr_geography_anticipation1,1
2018,2013,-218.46050225805732,,dr_geography_anticipation1,1
2018,2014,-710.7422262953452,,dr_geography_anticipation1,1
2018,2015,-84.04651162699938,,dr_geography_anticipation1,1
2018,2016,0.0,,dr_geography_anticipation1,1
2018,2017,-1781.8842562537238,,dr_geography_anticipation1,1
2018,2018,-1299.9940639232345,,dr_geography_anticipation1,1
2018,2019,-105.76856607363766,,dr_geography_anticipation1,1
2018,2020,-1760.104630153097,,dr_geography_anticipation1,1
2018,2021,-864.7766485969971,,dr_geography_anticipation1,1
2018,2022,-351.31829939037993,,dr_geography_anticipation1,1
2018,2023,409.09458300795933,,dr_geography_anticipation1,1
2018,2024,-268.8700136428825,,dr_geography_anticipation1,1
2018,2025,-736.9689254547789,,dr_geography_anticipation1,1
2019,2002,3728.8082662821826,,dr_geography_anticipation1,1
2019,2003,4706.072973860895,,dr_geography_anticipation1,1
2019,2004,4517.012930978808,,dr_geography_anticipation1,1
2019,2005,4215.2873869676005,,dr_geography_anticipation1,1
2019,2006,3333.1593256734736,,dr_geography_anticipation1,1
2019,2007,594.246228506244,,dr_geography_anticipation1,1
2019,2008,1540.508482329449,,dr_geography_anticipation1,1
2019,2009,7785.387510379533,,dr_geography_anticipation1,1
2019,2010,2427.594423516206,,dr_geography_anticipation1,1
2019,2011,4228.923558384427,,dr_geography_anticipation1,1
2019,2012,3909.246299612529,,dr_geography_anticipation1,1
2019,2013,3360.5267856612013,,dr_geography_anticipation1,1
2019,2014,1171.0262891670675,,dr_geography_anticipation1,1
2019,2015,2503.5837443214887,,dr_geography_anticipation1,1
2019,2016,2554.6060705128652,,dr_geography_anticipation1,1
2019,2017,0.0,,dr_geography_anticipation1,1
2019,2018,-703.528421797805,,dr_geography_anticipation1,1
2019,2019,2718.8743013304525,,dr_geography_anticipation1,1
2019,2020,2093.006010281223,,dr_geography_anticipation1,1
2019,2021,748.7604063957546,,dr_geography_anticipation1,1
2019,2022,3447.6472742930564,,dr_geography_anticipation1,1
2019,2023,3200.6791605764083,,dr_geography_anticipation1,1
2019,2024,2493.0312513475815,,dr_geography_anticipation1,1
2019,2025,2171.991555033432,,dr_geography_anticipation1,1
2020,2002,-771.271196167072,,dr_geography_anticipation1,1
2020,2003,-1076.361387344037,,dr_geography_anticipation1,1
2020,2004,-526.6842950085071,,dr_geography_anticipation1,1
2020,2005,-894.1557787607776,,dr_geography_anticipation1,1
2020,2006,-701.9046351579118,,dr_geography_anticipation1,1
2020,2007,-435.1502400114249,,dr_geography_anticipation1,1
2020,2008,-980.3695441255156,,dr_geography_anticipation1,1
2020,2009,-810.0776122018467,,dr_geography_anticipation1,1
2020,2010,-721.596922083018,,dr_geography_anticipation1,1
2020,2011,-479.14458084564177,,dr_geography_anticipation1,1
2020,2012,-572.0822549259831,,dr_geography_anticipation1,1
2020,2013,-796.0321149677882,,dr_geography_anticipation1,1
2020,2014,-677.2748889946761,,dr_geography_anticipation1,1
2020,2015,-718.4231326264671,,dr_geography_anticipation1,1
2020,2016,-1389.3436435244325,,dr_geography_anticipation1,1
2020,2017,-445.51251910716894,,dr_geography_anticipation1,1
2020,2018,0.0,,dr_geography_anticipation1,1
2020,2019,-708.4538375398184,,dr_geography_anticipation1,1
2020,2020,-326.34563881136785,,dr_geography_anticipation1,1
2020,2021,-258.09812708848915,,dr_geography_anticipation1,1
2020,2022,-257.39515789496227,,dr_geography_anticipation1,1
2020,2023,-930.0321965184755,,dr_geography_anticipation1,1
2020,2024,-511.44415019569533,,dr_geography_anticipation1,1
2020,2025,-684.2157105683065,,dr_geography_anticipation1,1
2021,2002,1187.5860574748367,,dr_geography_anticipation1,1
2021,2003,1655.701722391433,,dr_geography_anticipation1,1
2021,2004,2533.5799967276816,,dr_geography_anticipation1,1
2021,2005,1119.3881673253481,,dr_geography_anticipation1,1
2021,2006,1857.9464939779468,,dr_geography_anticipation1,1
2021,2007,-787.9823662050237,,dr_geography_anticipation1,1
2021,2008,-342.24269826878174,,dr_geography_anticipation1,1
2021,2009,1357.0036624818322,,dr_geography_anticipation1,1
2021,2010,509.5315723584893,,dr_geography_anticipation1,1
2021,2011,855.4382733518278,,dr_geography_anticipation1,1
2021,2012,1651.3051536640346,,dr_geography_anticipation1,1
2021,2013,112.3107466107364,,dr_geography_anticipation1,1
2021,2014,-427.8705418901175,,dr_geography_anticipation1,1
2021,2015,120.87831668025733,,dr_geography_anticipation1,1
2021,2016,519.3458113132245,,dr_geography_anticipation1,1
2021,2017,-808.8211509581708,,dr_geography_anticipation1,1
2021,2018,-857.7204856927046,,dr_geography_anticipation1,1
2021,2019,0.0,,dr_geography_anticipation1,1
2021,2020,-2208.6151867057433,,dr_geography_anticipation1,1
2021,2021,-1132.6037607409971,,dr_geography_anticipation1,1
2021,2022,-166.48207621410347,,dr_geography_anticipation1,1
2021,2023,859.885444225965,,dr_geography_anticipation1,1
2021,2024,305.29143452383715,,dr_geography_anticipation1,1
2021,2025,-40.97832171507656,,dr_geography_anticipation1,1
2024,2002,248.88956203346257,,dr_geography_anticipation1,1
2024,2003,935.529443276118,,dr_geography_anticipation1,1
2024,2004,559.2650931254162,,dr_geography_anticipation1,1
2024,2005,509.61956228304825,,dr_geography_anticipation1,1
2024,2006,714.981430856906,,dr_geography_anticipation1,1
2024,2007,760.1891735560174,,dr_geography_anticipation1,1
2024,2008,114.68041242857959,,dr_geography_anticipation1,1
2024,2009,595.2254381666044,,dr_geography_anticipation1,1
2024,2010,727.8861065843627,,dr_geography_anticipation1,1
2024,2011,353.09331202263877,,dr_geography_anticipation1,1
2024,2012,867.3916791557921,,dr_geography_anticipation1,1
2024,2013,-48.36106408858359,,dr_geography_anticipation1,1
2024,2014,348.48967975140397,,dr_geography_anticipation1,1
2024,2015,86.42605399962777,,dr_geography_anticipation1,1
2024,2016,925.7117008655158,,dr_geography_anticipation1,1
2024,2017,1249.403792661893,,dr_geography_anticipation1,1
2024,2018,253.73776843743906,,dr_geography_anticipation1,1
2024,2019,-43.61409496582047,,dr_geography_anticipation1,1
2024,2020,59.75889799685342,,dr_geography_anticipation1,1
2024,2021,-148.2277979230953,,dr_geography_anticipation1,1
2024,2022,0.0,,dr_geography_anticipation1,1
2024,2023,209.7205960192311,,dr_geography_anticipation1,1
2024,2024,-92.34171964284707,,dr_geography_anticipation1,1
2024,2025,-195.43672753670774,,dr_geography_anticipation1,1
2025,2002,-175.34424100227167,,dr_geography_anticipation1,1
2025,2003,1127.2590568079108,,dr_geography_anticipation1,1
2025,2004,922.1177887116895,,dr_geography_anticipation1,1
2025,2005,930.7834535764323,,dr_geography_anticipation1,1
2025,2006,2404.9762388139866,,dr_geography_anticipation1,1
2025,2007,441.31511675344717,,dr_geography_anticipation1,1
2025,2008,380.3203374026383,,dr_geography_anticipation1,1
2025,2009,604.1610719760668,,dr_geography_anticipation1,1
2025,2010,1249.5948078662525,,dr_geography_anticipation1,1
2025,2011,1990.5202947465446,,dr_geography_anticipation1,1
2025,2012,715.9271357185071,,dr_geography_anticipation1,1
2025,2013,-332.04484970683075,,dr_geography_anticipation1,1
2025,2014,-326.2976692311171,,dr_geography_anticipation1,1
2025,2015,-385.39742484396845,,dr_geography_anticipation1,1
2025,2016,765.5771152278676,,dr_geography_anticipation1,1
2025,2017,-717.1401080015876,,dr_geography_anticipation1,1
2025,2018,470.52523963486107,,dr_geography_anticipation1,1
2025,2019,390.2828181036353,,dr_geography_anticipation1,1
2025,2020,-996.2942161011357,,dr_geography_anticipation1,1
2025,2021,-941.4307066518991,,dr_geography_anticipation1,1
2025,2022,278.61607893828017,,dr_geography_anticipation1,1
2025,2023,0.0,,dr_geography_anticipation1,1
2025,2024,-487.81468856742447,,dr_geography_anticipation1,1
2025,2025,-477.67986072433456,,dr_geography_anticipation1,1
