event_time,att,spatial_hac_se,n_cohorts,n_treated_cells,n_control_cells
-8,502.7668038656925,183.65418325913174,12,75828,642301
-7,790.7625487924605,197.11894759894855,13,78490,662419
-6,456.1509866208157,146.70591848171102,14,82697,680713
-5,498.3730017920644,130.71832124898128,15,83470,692976
-4,499.678307660334,124.23190043401385,16,84574,708752
-3,230.3025486526537,109.5962984568842,17,84615,714613
-2,337.189598237569,178.0503732193169,18,84708,719443
-1,0.0,0.0,19,92375,730981
0,99.18674428570512,76.1132313812203,19,92375,730981
1,468.7127659385162,235.90475377280168,18,89525,666285
2,290.16037257049555,104.59334793550708,17,78660,522400
3,1749.5227752345218,1076.1978816457467,17,78660,522400
4,231.6306154949864,118.26733102023806,17,78660,522400
5,282.16980769219685,126.09678527043654,16,76541,475739
6,442.1114386194343,158.01183032253024,15,56106,376380
7,153.09466245158706,115.64271205803315,14,56097,372162
8,275.3174688799235,114.09617750621017,13,44207,209619
