cohort,event_time,time,att,spatial_hac_se,n_treated_cells,n_control_cells,hac_n_pairs_used,hac_truncated
2002,-1,2001,0.0,0.0,7667,11538,9787045,False
2002,0,2002,513.8260977994945,186.61265622039485,7667,11538,9787045,False
2002,1,2003,873.3301259902496,212.8551435821608,7667,11538,9787045,False
2002,2,2004,498.1416510469811,194.18163115152882,7667,11538,9787045,False
2002,3,2005,477.08950495916446,208.64795595278588,7667,11538,9787045,False
2002,4,2006,584.1551885397544,195.95151952701517,7667,11538,9787045,False
2002,5,2007,-20.946160912470937,229.12826432496672,7667,11538,9787045,False
2002,6,2008,247.47270762149742,215.65996893039087,7667,11538,9787045,False
2002,7,2009,17.341494847185544,206.63439502094343,7667,11538,9787045,False
2002,8,2010,461.8817470975751,191.7847779827186,7667,11538,9787045,False
2003,-2,2001,2802.457382558393,2260.706616276383,93,4830,1726803,False
2003,-1,2002,0.0,0.0,93,4830,1726803,False
2003,0,2003,147.14461781398802,158.9972896349573,93,4830,1726803,False
2003,1,2004,-132.2595761281583,217.1017812727428,93,4830,1726803,False
2003,2,2005,127.54455075369879,431.113675041871,93,4830,1726803,False
2003,3,2006,-482.8420344696018,244.54616683679401,93,4830,1726803,False
2003,4,2007,-497.9907691808836,266.557685317946,93,4830,1726803,False
2003,5,2008,14.46004752613311,135.2979259611325,93,4830,1726803,False
2003,6,2009,-825.5684128504988,286.2316194293237,93,4830,1726803,False
2003,7,2010,99.9971416883788,228.22210525340287,93,4830,1726803,False
2003,8,2011,-587.2883294361912,269.90292762977657,93,4830,1726803,False
2004,-3,2001,-241.08207388741062,643.5393173654942,41,5861,1906589,False
2004,-2,2002,-1107.8726130983991,338.5610891394116,41,5861,1906589,False
2004,-1,2003,0.0,0.0,41,5861,1906589,False
2004,0,2004,269.3660149134605,638.5090500025747,41,5861,1906589,False
2004,1,2005,217.58830367229072,256.491330075696,41,5861,1906589,False
2004,2,2006,-230.40496429255825,349.1271760330286,41,5861,1906589,False
2004,3,2007,-1281.0110831835332,767.5879702349055,41,5861,1906589,False
2004,4,2008,558.0615871049895,602.937048858693,41,5861,1906589,False
2004,5,2009,-764.4194593522005,540.7665517702054,41,5861,1906589,False
2004,6,2010,-233.24712535329206,292.49881085460794,41,5861,1906589,False
2004,7,2011,21.481238392338298,304.8562089180813,41,5861,1906589,False
2004,8,2012,569.0396455330674,546.8779426555304,41,5861,1906589,False
2005,-4,2001,-360.5527186033897,266.58444573482717,1104,15776,6703409,False
2005,-3,2002,716.728019328666,351.44237116103744,1104,15776,6703409,False
2005,-2,2003,1201.59492374665,312.82675363363285,1104,15776,6703409,False
2005,-1,2004,0.0,0.0,1104,15776,6703409,False
2005,0,2005,527.9826312167738,228.7624755327478,1104,15776,6703409,False
2005,1,2006,101.10264625177494,231.2523935372863,1104,15776,6703409,False
2005,2,2007,408.75306975487206,329.33715537536136,1104,15776,6703409,False
2005,3,2008,-4.45447749177103,234.37664148661446,1104,15776,6703409,False
2005,4,2009,-69.60612843496254,227.03297052240265,1104,15776,6703409,False
2005,5,2010,500.15687049976344,251.87918573043038,1104,15776,6703409,False
2005,6,2011,97.14260282805026,268.2335758239594,1104,15776,6703409,False
2005,7,2012,-1072.8728674212346,338.5271679162958,1104,15776,6703409,False
2005,8,2013,911.7781973333273,273.33857917957766,1104,15776,6703409,False
2006,-5,2001,698.9522231069683,676.9022226040963,773,12263,5159672,False
2006,-4,2002,1708.1049467474804,736.1680656572837,773,12263,5159672,False
2006,-3,2003,920.8836427169509,669.3845936097065,773,12263,5159672,False
2006,-2,2004,666.1664700152717,702.3969881464263,773,12263,5159672,False
2006,-1,2005,0.0,0.0,773,12263,5159672,False
2006,0,2006,200.2387924522365,544.2222053701815,773,12263,5159672,False
2006,1,2007,1115.711251656233,705.660312617578,773,12263,5159672,False
2006,2,2008,596.5757276043928,755.3305068657252,773,12263,5159672,False
2006,3,2009,155.9578574937421,593.9208054469302,773,12263,5159672,False
2006,4,2010,1102.2422962957567,1010.9430902503227,773,12263,5159672,False
2006,5,2011,-5.67440723935249,816.6255768736698,773,12263,5159672,False
2006,6,2012,572.8843540797996,659.1956704012847,773,12263,5159672,False
2006,7,2013,1056.3192786329796,725.8881925942857,773,12263,5159672,False
2006,8,2014,512.0234323205249,865.4931245333399,773,12263,5159672,False
2007,-6,2001,-1069.620309440068,366.8398787515627,4207,18294,10880040,False
2007,-5,2002,127.46332344715947,185.2686387019501,4207,18294,10880040,False
2007,-4,2003,332.24234794590126,167.8675488048411,4207,18294,10880040,False
2007,-3,2004,-190.88788865669832,200.14013358018497,4207,18294,10880040,False
2007,-2,2005,62.637151051841194,146.45018586602964,4207,18294,10880040,False
2007,-1,2006,0.0,0.0,4207,18294,10880040,False
2007,0,2007,-245.03823110751136,208.07127979780242,4207,18294,10880040,False
2007,1,2008,-125.97196581905723,211.6421731150576,4207,18294,10880040,False
2007,2,2009,-445.01481883331735,161.5554752928552,4207,18294,10880040,False
2007,3,2010,202.98329030415982,185.05357861051434,4207,18294,10880040,False
2007,4,2011,-187.3687692544084,172.29253333980316,4207,18294,10880040,False
2007,5,2012,-588.7794446154239,220.4025557658832,4207,18294,10880040,False
2007,6,2013,284.39629032582445,179.1835765848205,4207,18294,10880040,False
2007,7,2014,-126.31254838542395,249.36665013066624,4207,18294,10880040,False
2007,8,2015,204.8578263941182,203.97926410715067,4207,18294,10880040,False
2008,-7,2001,135.02020059477616,452.6293155418297,2662,20118,9500021,False
2008,-6,2002,1162.2515880879207,707.1042518768826,2662,20118,9500021,False
2008,-5,2003,1504.6926465878423,761.9267679996132,2662,20118,9500021,False
2008,-4,2004,617.6424604033305,566.3986475774993,2662,20118,9500021,False
2008,-3,2005,705.4946510530688,375.051456689719,2662,20118,9500021,False
2008,-2,2006,239.6668805557009,230.18160679478729,2662,20118,9500021,False
2008,-1,2007,0.0,0.0,2662,20118,9500021,False
2008,0,2008,303.5758334668502,251.55269627975048,2662,20118,9500021,False
2008,1,2009,333.63965982125904,274.1157830108733,2662,20118,9500021,False
2008,2,2010,453.2547719851299,236.7488160923724,2662,20118,9500021,False
2008,3,2011,325.9789886579981,442.26798835742056,2662,20118,9500021,False
2008,4,2012,-50.92214645243041,257.2879882797869,2662,20118,9500021,False
2008,5,2013,237.91344886229717,262.7851980989885,2662,20118,9500021,False
2008,6,2014,-82.2869472345385,283.4681880417466,2662,20118,9500021,False
2008,7,2015,291.6125678112577,243.20192720586184,2662,20118,9500021,False
2008,8,2016,149.8378276097409,358.7783135499954,2662,20118,9500021,False
2009,-8,2001,-355.583743968964,195.32401800242425,11393,25279,18974095,False
2009,-7,2002,79.80478441928693,145.31756144920067,11393,25279,18974095,False
2009,-6,2003,218.09844700979423,101.98689220063088,11393,25279,18974095,False
2009,-5,2004,-70.16325756697279,182.42279861885322,11393,25279,18974095,False
2009,-4,2005,8.891820770048152,91.74717775367074,11393,25279,18974095,False
2009,-3,2006,-401.57479981179927,139.32781573218372,11393,25279,18974095,False
2009,-2,2007,-131.35245435461383,144.63968169139824,11393,25279,18974095,False
2009,-1,2008,0.0,0.0,11393,25279,18974095,False
2009,0,2009,-293.1888078531936,170.48986278834298,11393,25279,18974095,False
2009,1,2010,-17.413691970484876,148.89950364512973,11393,25279,18974095,False
2009,2,2011,-140.55494247733807,159.07525032165668,11393,25279,18974095,False
2009,3,2012,-428.9321231647308,154.57757252573666,11393,25279,18974095,False
2009,4,2013,159.33462753962687,135.93876848075269,11393,25279,18974095,False
2009,5,2014,73.96832669646021,133.33094791091824,11393,25279,18974095,False
2009,6,2015,239.82212243692214,139.16673975575898,11393,25279,18974095,False
2009,7,2016,173.8599046851106,273.53141414441944,11393,25279,18974095,False
2009,8,2017,-76.01875655711791,212.04556183633872,11393,25279,18974095,False
2010,-8,2002,531.0059969923175,326.2824847718254,1118,13279,5309728,False
2010,-7,2003,175.2898010965498,276.04550493415945,1118,13279,5309728,False
2010,-6,2004,300.4849883918844,257.2732882092448,1118,13279,5309728,False
2010,-5,2005,-36.57991457815251,204.96236549183473,1118,13279,5309728,False
2010,-4,2006,453.8409257503521,260.8839722718309,1118,13279,5309728,False
2010,-3,2007,125.7119506830719,241.10478706116172,1118,13279,5309728,False
2010,-2,2008,-28.845022785387414,213.76532799148552,1118,13279,5309728,False
2010,-1,2009,0.0,0.0,1118,13279,5309728,False
2010,0,2010,63.14387099319265,267.0703641740775,1118,13279,5309728,False
2010,1,2011,-93.00608468105943,297.58554375258245,1118,13279,5309728,False
2010,2,2012,39.953959195057166,183.59571703435228,1118,13279,5309728,False
2010,3,2013,496.2051801025598,269.04670153737925,1118,13279,5309728,False
2010,4,2014,-354.76900632398053,363.6107950649952,1118,13279,5309728,False
2010,5,2015,364.6212482341002,255.66140150361815,1118,13279,5309728,False
2010,6,2016,58.11848230405474,319.36298372824484,1118,13279,5309728,False
2010,7,2017,-1353.036287550433,566.9895179410868,1118,13279,5309728,False
2010,8,2018,-368.85050929087436,253.8167091692706,1118,13279,5309728,False
2011,-8,2003,48.731902245263655,363.82336156198517,12154,43855,30739074,False
2011,-7,2004,816.0901393795266,414.83303174294286,12154,43855,30739074,False
2011,-6,2005,-62.47123938785805,297.8266739662629,12154,43855,30739074,False
2011,-5,2006,95.99085418368497,266.48824286378976,12154,43855,30739074,False
2011,-4,2007,563.0293056312729,329.4255653552605,12154,43855,30739074,False
2011,-3,2008,-455.24350091245276,244.747817292764,12154,43855,30739074,False
2011,-2,2009,5.662252398921055,279.9332127979819,12154,43855,30739074,False
2011,-1,2010,0.0,0.0,12154,43855,30739074,False
2011,0,2011,-878.8063343595509,354.6072467153683,12154,43855,30739074,False
2011,1,2012,-794.6879742824304,296.4536519772165,12154,43855,30739074,False
2011,2,2013,-434.7996777977813,358.70011273813117,12154,43855,30739074,False
2011,3,2014,-63.50803408556931,401.41530343731176,12154,43855,30739074,False
2011,4,2015,-121.67105304356403,344.25711573811094,12154,43855,30739074,False
2011,5,2016,-328.23686124345943,376.83623162397333,12154,43855,30739074,False
2011,6,2017,-43.870623560463855,399.8203766743261,12154,43855,30739074,False
2011,7,2018,-167.24683089337793,346.15765525010556,12154,43855,30739074,False
2011,8,2019,-345.33059810878603,322.32962526338275,12154,43855,30739074,False
2012,-8,2004,293.6828256599212,602.4867363110453,897,13527,5283448,False
2012,-7,2005,775.4418682251919,818.2761756960695,897,13527,5283448,False
2012,-6,2006,83.74083501579983,296.05927350780337,897,13527,5283448,False
2012,-5,2007,304.91419542458493,475.86874855795924,897,13527,5283448,False
2012,-4,2008,756.5140350911445,348.86518700563147,897,13527,5283448,False
2012,-3,2009,485.2678103165737,554.4877740865574,897,13527,5283448,False
2012,-2,2010,873.143309650281,661.437121616271,897,13527,5283448,False
2012,-1,2011,0.0,0.0,897,13527,5283448,False
2012,0,2012,-218.482893891964,293.0424296294246,897,13527,5283448,False
2012,1,2013,370.98455572588256,317.9859393877178,897,13527,5283448,False
2012,2,2014,149.37848464106975,355.0602813383858,897,13527,5283448,False
2012,3,2015,847.0266480121076,507.17642768669884,897,13527,5283448,False
2012,4,2016,628.343604389562,568.3816162254535,897,13527,5283448,False
2012,5,2017,689.0392523630078,844.2230967864923,897,13527,5283448,False
2012,6,2018,1561.7639229957772,1012.540394088855,897,13527,5283448,False
2012,7,2019,1139.7674451449386,840.3855113473975,897,13527,5283448,False
2012,8,2020,867.1317798005969,512.980802735591,897,13527,5283448,False
2013,-8,2005,590.8989868821839,270.39433037785346,1730,17817,8070668,False
2013,-7,2006,700.3134653957416,282.4811855823657,1730,17817,8070668,False
2013,-6,2007,189.34447340321464,288.0514769885409,1730,17817,8070668,False
2013,-5,2008,661.3125321666895,312.2457976465062,1730,17817,8070668,False
2013,-4,2009,78.46937613413085,344.4761313201774,1730,17817,8070668,False
2013,-3,2010,482.4203347592331,315.9869281457858,1730,17817,8070668,False
2013,-2,2011,459.44117122807984,307.7075173066016,1730,17817,8070668,False
2013,-1,2012,0.0,0.0,1730,17817,8070668,False
2013,0,2013,611.8339159363313,358.86568380315526,1730,17817,8070668,False
2013,1,2014,781.641321485377,432.21824871535745,1730,17817,8070668,False
2013,2,2015,725.4023945235847,239.99576037768995,1730,17817,8070668,False
2013,3,2016,25665.329088248218,18168.363265204214,1730,17817,8070668,False
2013,4,2017,717.9758421772294,454.4091264647163,1730,17817,8070668,False
2013,5,2018,735.5288488444351,291.5882779284099,1730,17817,8070668,False
2013,6,2019,2433.018003168173,1473.1239113221914,1730,17817,8070668,False
2013,7,2020,533.4119560878746,277.32386684937535,1730,17817,8070668,False
2013,8,2021,930.6744411903283,468.7637513192449,1730,17817,8070668,False
2014,-8,2006,-404.87363860761593,489.1674767888642,368,7182,2754962,False
2014,-7,2007,1126.4663734556145,1749.428026647393,368,7182,2754962,False
2014,-6,2008,915.0462583524593,1113.3382119695934,368,7182,2754962,False
2014,-5,2009,-477.80461718568847,445.92980968318494,368,7182,2754962,False
2014,-4,2010,-170.75915461671417,341.1436963218603,368,7182,2754962,False
2014,-3,2011,-177.57621149761158,439.10490741054036,368,7182,2754962,False
2014,-2,2012,-49.759567218925326,366.144660542267,368,7182,2754962,False
2014,-1,2013,0.0,0.0,368,7182,2754962,False
2014,0,2014,-346.40465817258274,326.633983297928,368,7182,2754962,False
2014,1,2015,598.5291807098868,458.5065311731606,368,7182,2754962,False
2014,2,2016,593.822120542047,453.61357483715705,368,7182,2754962,False
2014,3,2017,-1.9749777658945504,554.6793532334146,368,7182,2754962,False
2014,4,2018,-240.32000918032708,275.09756320627724,368,7182,2754962,False
2014,5,2019,1076.8234528757196,561.7394050839147,368,7182,2754962,False
2014,6,2020,58.83863103453233,309.5100593284999,368,7182,2754962,False
2014,7,2021,423.0303616885297,557.7680048779328,368,7182,2754962,False
2014,8,2022,349.3903915526964,317.8582473803951,368,7182,2754962,False
2018,-8,2010,1492.2026164716597,419.4593789548746,11890,162543,50000000,True
2018,-7,2011,964.5264080840813,254.45564643658972,11890,162543,50000000,True
2018,-6,2012,969.2955098816791,279.8667980793744,11890,162543,50000000,True
2018,-5,2013,1350.87474379508,258.7489966630699,11890,162543,50000000,True
2018,-4,2014,1180.6642039158435,250.9369089024951,11890,162543,50000000,True
2018,-3,2015,1380.3739280378304,231.40364147002256,11890,162543,50000000,True
2018,-2,2016,342.05224270436884,217.18411232117904,11890,162543,50000000,True
2018,-1,2017,0.0,0.0,11890,162543,50000000,True
2018,0,2018,220.86502699726987,194.2316339389006,11890,162543,50000000,True
2018,1,2019,762.1920917692494,195.09828157450508,11890,162543,50000000,True
2018,2,2020,605.4248765204541,207.09310074081807,11890,162543,50000000,True
2018,3,2021,921.1099028478827,236.90006579537507,11890,162543,50000000,True
2018,4,2022,893.2017208166138,203.10996620023454,11890,162543,50000000,True
2018,5,2023,1208.515830831715,240.362904892287,11890,162543,50000000,True
2018,6,2024,1010.7061650124751,274.628972846036,11890,162543,50000000,True
2018,7,2025,1105.9724195940948,245.36838604873924,11890,162543,50000000,True
2019,-8,2011,1627.7559807130463,1609.7975364512192,9,4218,1105694,False
2019,-7,2012,1685.9741853900086,998.8022605497341,9,4218,1105694,False
2019,-6,2013,1310.9101597851463,1003.8395974919407,9,4218,1105694,False
2019,-5,2014,846.8268904925076,852.4924968331823,9,4218,1105694,False
2019,-4,2015,1442.9060879202675,854.2359165051811,9,4218,1105694,False
2019,-3,2016,452.3354879988492,973.3438637657067,9,4218,1105694,False
2019,-2,2017,81.45654743751493,1772.0643788042946,9,4218,1105694,False
2019,-1,2018,0.0,0.0,9,4218,1105694,False
2019,0,2019,1160.4829176636931,646.5784905539989,9,4218,1105694,False
2019,1,2020,4340.791279069659,4045.0804849052497,9,4218,1105694,False
2019,2,2021,1231.5555397244573,1136.9631354999958,9,4218,1105694,False
2019,3,2022,2203.9228381898356,1507.7701276247694,9,4218,1105694,False
2019,4,2023,192.9795094895615,1126.4593533071159,9,4218,1105694,False
2019,5,2024,1030.2257983918682,1152.7309077959312,9,4218,1105694,False
2019,6,2025,1252.4814064832021,1066.3173131527046,9,4218,1105694,False
2020,-8,2012,25.871013479416092,286.5579309754114,20435,99359,50000000,True
2020,-7,2013,986.425330251134,298.3635395048017,20435,99359,50000000,True
2020,-6,2014,444.599945121994,279.5849624151896,20435,99359,50000000,True
2020,-5,2015,866.3310534442061,279.772442194837,20435,99359,50000000,True
2020,-4,2016,-26.200569035867375,257.58955191123783,20435,99359,50000000,True
2020,-3,2017,-1629.5734678278568,318.8746322122889,20435,99359,50000000,True
2020,-2,2018,-436.44732156204566,402.8487464656704,20435,99359,50000000,True
2020,-1,2019,0.0,0.0,20435,99359,50000000,True
2020,0,2020,-378.22786097131717,269.34547795812864,20435,99359,50000000,True
2020,1,2021,176.0308935912695,215.05687696593128,20435,99359,50000000,True
2020,2,2022,426.7371064417751,299.37388183851687,20435,99359,50000000,True
2020,3,2023,439.90769815067875,281.48386223580275,20435,99359,50000000,True
2020,4,2024,264.10358543689773,340.662678286139,20435,99359,50000000,True
2020,5,2025,291.52013131255677,366.49532097752626,20435,99359,50000000,True
2021,-8,2013,132.0476718519742,242.00646525795483,2119,46661,20654829,False
2021,-7,2014,337.8025542989742,257.1835208100347,2119,46661,20654829,False
2021,-6,2015,303.7903011217286,220.99530933179074,2119,46661,20654829,False
2021,-5,2016,28.235968393904955,310.2653213617198,2119,46661,20654829,False
2021,-4,2017,326.6628140534035,1093.2097715771172,2119,46661,20654829,False
2021,-3,2018,407.5004377441228,332.45007323416485,2119,46661,20654829,False
2021,-2,2019,69.0842180076171,189.86040138520863,2119,46661,20654829,False
2021,-1,2020,0.0,0.0,2119,46661,20654829,False
2021,0,2021,-213.01530593909968,199.0966207754832,2119,46661,20654829,False
2021,1,2022,93.28451976377617,200.22586754181665,2119,46661,20654829,False
2021,2,2023,326.95648436590005,229.5515042139653,2119,46661,20654829,False
2021,3,2024,269.0989121816208,264.2616439770738,2119,46661,20654829,False
2021,4,2025,359.970383495333,315.00855433152475,2119,46661,20654829,False
2024,-8,2016,440.68923333561895,195.87006278700213,10865,143885,50000000,True
2024,-7,2017,136.2801367974207,377.52777387771255,10865,143885,50000000,True
2024,-6,2018,-44.614537515627646,150.10037575498083,10865,143885,50000000,True
2024,-5,2019,-249.81204021512627,138.98297049527721,10865,143885,50000000,True
2024,-4,2020,-87.67847371050063,127.43501591596156,10865,143885,50000000,True
2024,-3,2021,-34.41229380441112,111.40697717561083,10865,143885,50000000,True
2024,-2,2022,-28.06877468500967,104.49673016922362,10865,143885,50000000,True
2024,-1,2023,0.0,0.0,10865,143885,50000000,True
2024,0,2024,-256.40932836759333,119.07244709146319,10865,143885,50000000,True
2024,1,2025,-164.6567497324268,132.2822123280017,10865,143885,50000000,True
2025,-8,2017,1610.7728013334881,978.8495342262855,2850,64696,29459528,False
2025,-7,2018,2360.4778869136817,960.4429305271163,2850,64696,29459528,False
2025,-6,2019,1665.2573928633515,879.1316141914351,2850,64696,29459528,False
2025,-5,2020,1824.3604253842777,1055.9028911278983,2850,64696,29459528,False
2025,-4,2021,1171.0755141686402,613.8876882883346,2850,64696,29459528,False
2025,-3,2022,1368.7773008549868,584.5557612684892,2850,64696,29459528,False
2025,-2,2023,1048.3959726259834,415.3278409476198,2850,64696,29459528,False
2025,-1,2024,0.0,0.0,2850,64696,29459528,False
2025,0,2025,695.6618428379195,197.05555164150326,2850,64696,29459528,False
