year,ring,reference_ring,hajek_difference,spatial_hac_se,hac_n_units,hac_n_pairs_used,hac_truncated,hac_cutoff_km,hac_kernel
2001,0_5km,gt_50km,247.90084967182565,161.84533253815152,541942,50000000,True,25,bartlett
2001,10_25km,gt_50km,176.15787983596488,91.88294791595784,663802,50000000,True,25,bartlett
2001,25_50km,gt_50km,214.23570422576017,35.0254939415637,738756,50000000,True,25,bartlett
2001,5_10km,gt_50km,218.16191992898644,136.60762581525418,544705,50000000,True,25,bartlett
2002,0_5km,gt_50km,-103.89568827938365,117.5334034696347,526816,50000000,True,25,bartlett
2002,10_25km,gt_50km,-69.45418609249009,75.71892709206796,649873,50000000,True,25,bartlett
2002,25_50km,gt_50km,-33.534062553140984,29.062904316592643,718498,50000000,True,25,bartlett
2002,5_10km,gt_50km,-35.41099867553203,108.76703032822293,529321,50000000,True,25,bartlett
2003,0_5km,gt_50km,-171.72226381927453,86.13811588686718,524816,50000000,True,25,bartlett
2003,10_25km,gt_50km,-50.980014461336964,69.11869694069145,649689,50000000,True,25,bartlett
2003,25_50km,gt_50km,-34.62314215928245,21.084226247057437,714588,50000000,True,25,bartlett
2003,5_10km,gt_50km,-133.7116617085385,73.99210556534352,527411,50000000,True,25,bartlett
2004,0_5km,gt_50km,122.64616452788846,195.7457274839523,525249,50000000,True,25,bartlett
2004,10_25km,gt_50km,324.4379706781856,161.3044680163246,650514,50000000,True,25,bartlett
2004,25_50km,gt_50km,78.10573742662336,38.40007557787237,712941,50000000,True,25,bartlett
2004,5_10km,gt_50km,153.61202290887059,175.4897141536251,527747,50000000,True,25,bartlett
2005,0_5km,gt_50km,14.871113332961158,119.83309066044484,500583,50000000,True,25,bartlett
2005,10_25km,gt_50km,36.70389094047687,74.45798632866197,634459,50000000,True,25,bartlett
2005,25_50km,gt_50km,-45.97034714270535,29.765623792897856,692651,50000000,True,25,bartlett
2005,5_10km,gt_50km,78.2180527213552,111.3199409795149,503486,50000000,True,25,bartlett
2006,0_5km,gt_50km,292.4181578871662,114.66229142848769,486110,50000000,True,25,bartlett
2006,10_25km,gt_50km,390.9541924654493,94.62806425695814,624680,50000000,True,25,bartlett
2006,25_50km,gt_50km,413.9937264801313,32.09322079248867,680844,50000000,True,25,bartlett
2006,5_10km,gt_50km,399.84118436165045,113.9343848175281,489215,50000000,True,25,bartlett
2007,0_5km,gt_50km,-26.953630716085854,185.84333687400297,473643,50000000,True,25,bartlett
2007,10_25km,gt_50km,153.4573200459513,174.56729674338445,613943,50000000,True,25,bartlett
2007,25_50km,gt_50km,-17.127801600869134,39.64314162902551,665848,50000000,True,25,bartlett
2007,5_10km,gt_50km,154.1459466751803,204.01754906772317,476735,50000000,True,25,bartlett
2008,0_5km,gt_50km,-361.7889998601456,103.06320278117644,444043,50000000,True,25,bartlett
2008,10_25km,gt_50km,-167.30883077631256,69.52206214945674,593107,50000000,True,25,bartlett
2008,25_50km,gt_50km,-27.139389098782658,37.51458763235176,638204,50000000,True,25,bartlett
2008,5_10km,gt_50km,-305.65840394139946,96.57778179573764,447741,50000000,True,25,bartlett
2009,0_5km,gt_50km,240.48329542825013,108.04619323669314,413543,50000000,True,25,bartlett
2009,10_25km,gt_50km,326.94804503661317,67.01619590269594,569170,50000000,True,25,bartlett
2009,25_50km,gt_50km,331.09189924979887,37.69103499447101,599789,50000000,True,25,bartlett
2009,5_10km,gt_50km,327.2430029759596,106.55177103564696,416231,50000000,True,25,bartlett
2010,0_5km,gt_50km,206.36017390700977,99.91879619182916,403444,50000000,True,25,bartlett
2010,10_25km,gt_50km,259.6855410765195,70.6569825157097,561302,50000000,True,25,bartlett
2010,25_50km,gt_50km,229.05294815160732,31.156648450160297,589115,50000000,True,25,bartlett
2010,5_10km,gt_50km,200.3837957395299,91.49682963279464,406272,50000000,True,25,bartlett
2011,0_5km,gt_50km,351.00738933722255,131.5860025705975,382110,50000000,True,25,bartlett
2011,10_25km,gt_50km,312.1446704209818,75.21895273964144,539201,50000000,True,25,bartlett
2011,25_50km,gt_50km,88.2720890927028,30.338572681663674,549012,50000000,True,25,bartlett
2011,5_10km,gt_50km,330.58094829177867,106.08210693491303,384213,50000000,True,25,bartlett
2012,0_5km,gt_50km,314.44139477871977,90.51122121440555,377251,50000000,True,25,bartlett
2012,10_25km,gt_50km,623.4234875091379,63.92614279174705,535770,50000000,True,25,bartlett
2012,25_50km,gt_50km,277.39915702731014,34.14624835170421,539833,50000000,True,25,bartlett
2012,5_10km,gt_50km,554.4059727701404,97.8274106321678,379353,50000000,True,25,bartlett
2013,0_5km,gt_50km,-328.5501980946068,66.31818881563248,378540,50000000,True,25,bartlett
2013,10_25km,gt_50km,-195.65516753115878,44.13427852735187,534235,50000000,True,25,bartlett
2013,25_50km,gt_50km,-184.12318883691364,26.906743152318192,532856,50000000,True,25,bartlett
2013,5_10km,gt_50km,-252.67946985491346,67.51579547609334,379914,50000000,True,25,bartlett
2014,0_5km,gt_50km,-285.76005475891884,115.15326959519159,374052,50000000,True,25,bartlett
2014,10_25km,gt_50km,-227.98075927151422,62.97970055469904,531029,50000000,True,25,bartlett
2014,25_50km,gt_50km,-223.3893008783789,34.82330541086797,528480,50000000,True,25,bartlett
2014,5_10km,gt_50km,-336.9209605926551,95.15035462114484,375209,50000000,True,25,bartlett
2015,0_5km,gt_50km,-225.9766820677803,87.58699557653335,374052,50000000,True,25,bartlett
2015,10_25km,gt_50km,-173.15758611693343,53.511328517452384,531029,50000000,True,25,bartlett
2015,25_50km,gt_50km,13.748148316693914,28.272033049353016,528480,50000000,True,25,bartlett
2015,5_10km,gt_50km,-271.2104318477981,76.7889095842148,375209,50000000,True,25,bartlett
2016,0_5km,gt_50km,138.01015775052178,224.80798156575358,374052,50000000,True,25,bartlett
2016,10_25km,gt_50km,90.24934194893353,98.94218870632308,531029,50000000,True,25,bartlett
2016,25_50km,gt_50km,368.4191791230328,51.84915948119142,528480,50000000,True,25,bartlett
2016,5_10km,gt_50km,-18.748139133122322,184.5691816211185,375209,50000000,True,25,bartlett
2017,0_5km,gt_50km,-69.28391699005942,215.41328803970995,374052,50000000,True,25,bartlett
2017,10_25km,gt_50km,12.182603216705047,142.04980611602576,531029,50000000,True,25,bartlett
2017,25_50km,gt_50km,195.7568168867133,67.53722905414458,528480,50000000,True,25,bartlett
2017,5_10km,gt_50km,-68.872981731643,205.65586461754344,375209,50000000,True,25,bartlett
2018,0_5km,gt_50km,-693.5937618294774,191.59003296485767,328929,50000000,True,25,bartlett
2018,10_25km,gt_50km,-412.7110485155199,128.18279325754798,490208,50000000,True,25,bartlett
2018,25_50km,gt_50km,27.588968358704733,68.79722700578009,452812,50000000,True,25,bartlett
2018,5_10km,gt_50km,-737.8450403892923,186.4189324438692,326328,50000000,True,25,bartlett
2019,0_5km,gt_50km,-461.5344773876925,139.0635911694384,328930,50000000,True,25,bartlett
2019,10_25km,gt_50km,-103.24984678389751,104.04017288969975,490202,50000000,True,25,bartlett
2019,25_50km,gt_50km,181.5189766044864,52.36957082629019,452812,50000000,True,25,bartlett
2019,5_10km,gt_50km,-453.47485969063996,135.1838328375268,326324,50000000,True,25,bartlett
2020,0_5km,gt_50km,-29.79472229160524,197.94713343286446,317495,50000000,True,25,bartlett
2020,10_25km,gt_50km,370.13272329493907,119.64992470937281,463082,50000000,True,25,bartlett
2020,25_50km,gt_50km,617.8101560606076,66.56337200902425,413598,50000000,True,25,bartlett
2020,5_10km,gt_50km,152.63894058080382,216.64333394416659,310853,50000000,True,25,bartlett
2021,0_5km,gt_50km,268.3602114966618,172.72301797518784,319869,50000000,True,25,bartlett
2021,10_25km,gt_50km,780.5264956599872,121.50557513870369,460304,50000000,True,25,bartlett
2021,25_50km,gt_50km,708.5982731901877,56.74319722380667,402105,50000000,True,25,bartlett
2021,5_10km,gt_50km,380.25289441128575,171.48999962221816,311952,50000000,True,25,bartlett
2022,0_5km,gt_50km,375.15474593176236,153.09684525746061,319869,50000000,True,25,bartlett
2022,10_25km,gt_50km,933.9828206928014,102.36988382854696,460304,50000000,True,25,bartlett
2022,25_50km,gt_50km,874.0586773994605,55.81638204474513,402105,50000000,True,25,bartlett
2022,5_10km,gt_50km,513.1691660876811,168.63342820235303,311952,50000000,True,25,bartlett
2023,0_5km,gt_50km,239.38780971209871,88.90224097383458,319869,50000000,True,25,bartlett
2023,10_25km,gt_50km,581.0767302380582,68.14939904922497,460304,50000000,True,25,bartlett
2023,25_50km,gt_50km,541.7077847547889,42.674001936042444,402105,50000000,True,25,bartlett
2023,5_10km,gt_50km,433.4973031098475,105.27912309820982,311952,50000000,True,25,bartlett
2024,0_5km,gt_50km,493.9450126785539,125.78626918326108,327263,50000000,True,25,bartlett
2024,10_25km,gt_50km,816.3760066909381,69.58339316401157,441486,50000000,True,25,bartlett
2024,25_50km,gt_50km,504.72658060014146,45.33670221504025,371762,50000000,True,25,bartlett
2024,5_10km,gt_50km,669.5269739321081,137.6046666704434,313001,50000000,True,25,bartlett
2025,0_5km,gt_50km,341.6434488669921,88.89538740823198,330255,50000000,True,25,bartlett
2025,10_25km,gt_50km,725.257680107018,75.02166285279894,436882,50000000,True,25,bartlett
2025,25_50km,gt_50km,595.9968845246709,45.71273811914321,365105,50000000,True,25,bartlett
2025,5_10km,gt_50km,487.61707843696115,106.53688788425228,311874,50000000,True,25,bartlett
